=== from-ckpt60 4x4x60 start Thu Sep 10 13:13:11 +08 2026 ===
resume=outputs/2026-09-09-1810-multiturn-nightly-4x4x60/checkpoint-60 output=outputs/2026-09-10-from-ckpt60-4x4x60 start_seed=5240 steps=60 tasks=4 gens=4
defaults: max_turns=15 patience=5 headroom=5 beta=0.01 kl_ref=start
Unsloth 2026.5.2 patched 28 layers with 28 QKV layers, 28 O layers and 28 MLP layers.
preflight: {"cuda": "12.8", "gpu": "NVIDIA RTX 2000 Ada Generation Laptop GPU", "qucs_s": "/mnt/c/Program Files/Qucs-S/bin/qucs-s.exe", "qucsator_rf": "/mnt/c/Program Files/Qucs-S/bin/qucsator_rf.exe"}
🦥 Unsloth: Will patch your computer to enable 2x faster free finetuning.
🦥 Unsloth Zoo will now patch everything to make training faster!
==((====))==  Unsloth 2026.5.2: Fast Qwen3 patching. Transformers: 4.56.2.
   \\   /|    NVIDIA RTX 2000 Ada Generation Laptop GPU. Num GPUs = 1. Max memory: 7.996 GB. Platform: Linux.
O^O/ \_/ \    Torch: 2.10.0+cu128. CUDA: 8.9. CUDA Toolkit: 12.8. Triton: 3.6.0
\        /    Bfloat16 = TRUE. FA [Xformers = 0.0.35. FA2 = False]
 "-____-"     Free license: http://github.com/unslothai/unsloth
Unsloth: Fast downloading is enabled - ignore downloading bars which are red colored!
unsloth/Qwen3-1.7B-bnb-4bit does not have a padding token! Will use pad_token = <|PAD_TOKEN|>.
[13:13:33] resuming LoRA from outputs/2026-09-09-1810-multiturn-nightly-4x4x60/checkpoint-60 start_seed=5240 beta=0.01 kl_ref=start
[13:13:43]   rollout step 1 task 1/4 gen 1/4 turn 1/15 valid=False db -7.91->-7.91
[13:13:52]   rollout step 1 task 1/4 gen 1/4 turn 2/15 valid=True db -7.91->-7.92
[13:14:05]   rollout step 1 task 1/4 gen 1/4 turn 3/15 valid=True db -7.92->-7.90
[13:14:11]   rollout step 1 task 1/4 gen 1/4 turn 4/15 valid=True db -7.90->-8.16
[13:14:17]   rollout step 1 task 1/4 gen 1/4 turn 5/15 valid=True db -8.16->-7.15
[13:14:23]   rollout step 1 task 1/4 gen 1/4 turn 6/15 valid=True db -7.15->-8.07
[13:14:32]   rollout step 1 task 1/4 gen 1/4 turn 7/15 valid=True db -8.07->-7.01
[13:14:38]   rollout step 1 task 1/4 gen 1/4 turn 8/15 valid=True db -7.01->-7.80
[13:14:46]   rollout step 1 task 1/4 gen 1/4 turn 9/15 valid=True db -7.80->-8.83
[13:14:55]   rollout step 1 task 1/4 gen 1/4 turn 10/15 valid=True db -8.83->-7.86
[13:14:59]   rollout step 1 task 1/4 gen 1/4 turn 11/15 valid=True db -7.86->-8.75
[13:15:07]   rollout step 1 task 1/4 gen 1/4 turn 12/15 valid=True db -8.75->-10.15
[13:15:13]   rollout step 1 task 1/4 gen 1/4 turn 13/15 valid=True db -10.15->-12.11
[13:15:21]   rollout step 1 task 1/4 gen 1/4 turn 14/15 valid=True db -12.11->-12.24
[13:15:29]   rollout step 1 task 1/4 gen 1/4 turn 15/15 valid=True db -12.24->-12.36
[13:15:29] trajectory done: step 1 task 1/4 gen 1/4 turns=15 reason=max_turns reward=4.457  [1/960 trajectories overall]
[13:15:38]   rollout step 1 task 1/4 gen 2/4 turn 1/15 valid=True db -7.91->-11.21
[13:15:42]   rollout step 1 task 1/4 gen 2/4 turn 2/15 valid=True db -11.21->-46.18
[13:15:42] trajectory done: step 1 task 1/4 gen 2/4 turns=2 reason=goal_met reward=20.000  [2/960 trajectories overall]
[13:15:49]   rollout step 1 task 1/4 gen 3/4 turn 1/15 valid=True db -7.91->-7.53
[13:15:53]   rollout step 1 task 1/4 gen 3/4 turn 2/15 valid=True db -7.53->-7.82
[13:16:00]   rollout step 1 task 1/4 gen 3/4 turn 3/15 valid=True db -7.82->-9.95
[13:16:05]   rollout step 1 task 1/4 gen 3/4 turn 4/15 valid=False db -9.95->-9.95
[13:16:12]   rollout step 1 task 1/4 gen 3/4 turn 5/15 valid=True db -9.95->-10.22
[13:16:22]   rollout step 1 task 1/4 gen 3/4 turn 6/15 valid=True db -10.22->-15.33
[13:16:33]   rollout step 1 task 1/4 gen 3/4 turn 7/15 valid=True db -15.33->-17.82
[13:16:37]   rollout step 1 task 1/4 gen 3/4 turn 8/15 valid=True db -17.82->-2.85
[13:16:41]   rollout step 1 task 1/4 gen 3/4 turn 9/15 valid=True db -2.85->-1.92
[13:16:45]   rollout step 1 task 1/4 gen 3/4 turn 10/15 valid=True db -1.92->-2.73
[13:16:51]   rollout step 1 task 1/4 gen 3/4 turn 11/15 valid=True db -2.73->-2.73
[13:16:57]   rollout step 1 task 1/4 gen 3/4 turn 12/15 valid=True db -2.73->-1.99
[13:16:57] trajectory done: step 1 task 1/4 gen 3/4 turns=12 reason=patience reward=5.164  [3/960 trajectories overall]
[13:17:07]   rollout step 1 task 1/4 gen 4/4 turn 1/15 valid=True db -7.91->-7.59
[13:17:14]   rollout step 1 task 1/4 gen 4/4 turn 2/15 valid=True db -7.59->-7.30
[13:17:22]   rollout step 1 task 1/4 gen 4/4 turn 3/15 valid=True db -7.30->-7.57
[13:17:30]   rollout step 1 task 1/4 gen 4/4 turn 4/15 valid=True db -7.57->-7.37
[13:17:40]   rollout step 1 task 1/4 gen 4/4 turn 5/15 valid=True db -7.37->-6.26
[13:17:40] trajectory done: step 1 task 1/4 gen 4/4 turns=5 reason=patience reward=-0.495  [4/960 trajectories overall]
[13:17:45]   rollout step 1 task 2/4 gen 1/4 turn 1/15 valid=True db -12.78->-16.98
[13:17:50]   rollout step 1 task 2/4 gen 1/4 turn 2/15 valid=True db -16.98->-16.77
[13:17:55]   rollout step 1 task 2/4 gen 1/4 turn 3/15 valid=True db -16.77->-16.96
[13:18:03]   rollout step 1 task 2/4 gen 1/4 turn 4/15 valid=True db -16.96->-17.09
[13:18:08]   rollout step 1 task 2/4 gen 1/4 turn 5/15 valid=True db -17.09->-17.42
[13:18:24]   rollout step 1 task 2/4 gen 1/4 turn 6/15 valid=True db -17.42->-17.22
[13:18:30]   rollout step 1 task 2/4 gen 1/4 turn 7/15 valid=True db -17.22->-17.41
[13:18:40]   rollout step 1 task 2/4 gen 1/4 turn 8/15 valid=True db -17.41->-19.38
[13:18:50]   rollout step 1 task 2/4 gen 1/4 turn 9/15 valid=True db -19.38->-19.08
[13:18:56]   rollout step 1 task 2/4 gen 1/4 turn 10/15 valid=True db -19.08->-19.36
[13:19:03]   rollout step 1 task 2/4 gen 1/4 turn 11/15 valid=True db -19.36->-19.64
[13:19:10]   rollout step 1 task 2/4 gen 1/4 turn 12/15 valid=True db -19.64->-20.71
[13:19:16]   rollout step 1 task 2/4 gen 1/4 turn 13/15 valid=True db -20.71->-20.27
[13:19:21]   rollout step 1 task 2/4 gen 1/4 turn 14/15 valid=True db -20.27->-18.57
[13:19:26]   rollout step 1 task 2/4 gen 1/4 turn 15/15 valid=True db -18.57->-19.99
[13:19:26] trajectory done: step 1 task 2/4 gen 1/4 turns=15 reason=max_turns reward=7.708  [5/960 trajectories overall]
[13:19:36]   rollout step 1 task 2/4 gen 2/4 turn 1/15 valid=True db -12.78->-12.53
[13:19:41]   rollout step 1 task 2/4 gen 2/4 turn 2/15 valid=True db -12.53->-12.76
[13:19:47]   rollout step 1 task 2/4 gen 2/4 turn 3/15 valid=True db -12.76->-13.00
[13:19:57]   rollout step 1 task 2/4 gen 2/4 turn 4/15 valid=True db -13.00->-12.78
[13:20:02]   rollout step 1 task 2/4 gen 2/4 turn 5/15 valid=True db -12.78->-12.98
[13:20:08]   rollout step 1 task 2/4 gen 2/4 turn 6/15 valid=True db -12.98->-12.79
[13:20:13]   rollout step 1 task 2/4 gen 2/4 turn 7/15 valid=True db -12.79->-12.97
[13:20:19]   rollout step 1 task 2/4 gen 2/4 turn 8/15 valid=True db -12.97->-12.81
[13:20:19] trajectory done: step 1 task 2/4 gen 2/4 turns=8 reason=patience reward=0.157  [6/960 trajectories overall]
[13:20:26]   rollout step 1 task 2/4 gen 3/4 turn 1/15 valid=True db -12.78->-26.08
[13:20:31]   rollout step 1 task 2/4 gen 3/4 turn 2/15 valid=True db -26.08->-9.28
[13:20:37]   rollout step 1 task 2/4 gen 3/4 turn 3/15 valid=True db -9.28->-7.36
[13:20:42]   rollout step 1 task 2/4 gen 3/4 turn 4/15 valid=False db -7.36->-7.36
[13:20:49]   rollout step 1 task 2/4 gen 3/4 turn 5/15 valid=True db -7.36->-6.41
[13:20:57]   rollout step 1 task 2/4 gen 3/4 turn 6/15 valid=True db -6.41->-6.56
[13:20:57] trajectory done: step 1 task 2/4 gen 3/4 turns=6 reason=patience reward=7.440  [7/960 trajectories overall]
[13:21:06]   rollout step 1 task 2/4 gen 4/4 turn 1/15 valid=True db -12.78->-12.61
[13:21:11]   rollout step 1 task 2/4 gen 4/4 turn 2/15 valid=True db -12.61->-12.24
[13:21:19]   rollout step 1 task 2/4 gen 4/4 turn 3/15 valid=True db -12.24->-12.58
[13:21:30]   rollout step 1 task 2/4 gen 4/4 turn 4/15 valid=True db -12.58->-20.48
[13:21:37]   rollout step 1 task 2/4 gen 4/4 turn 5/15 valid=True db -20.48->-17.49
[13:21:42]   rollout step 1 task 2/4 gen 4/4 turn 6/15 valid=True db -17.49->-5.21
[13:21:47]   rollout step 1 task 2/4 gen 4/4 turn 7/15 valid=True db -5.21->-16.20
[13:21:53]   rollout step 1 task 2/4 gen 4/4 turn 8/15 valid=True db -16.20->-5.75
[13:21:58]   rollout step 1 task 2/4 gen 4/4 turn 9/15 valid=True db -5.75->-15.18
[13:21:58] trajectory done: step 1 task 2/4 gen 4/4 turns=9 reason=patience reward=6.103  [8/960 trajectories overall]
[13:22:07]   rollout step 1 task 3/4 gen 1/4 turn 1/15 valid=True db -8.65->-8.97
[13:22:14]   rollout step 1 task 3/4 gen 1/4 turn 2/15 valid=True db -8.97->-12.40
[13:22:22]   rollout step 1 task 3/4 gen 1/4 turn 3/15 valid=True db -12.40->-12.67
[13:22:30]   rollout step 1 task 3/4 gen 1/4 turn 4/15 valid=True db -12.67->-25.64
[13:22:39]   rollout step 1 task 3/4 gen 1/4 turn 5/15 valid=True db -25.64->-14.32
[13:22:44]   rollout step 1 task 3/4 gen 1/4 turn 6/15 valid=True db -14.32->-13.18
[13:22:53]   rollout step 1 task 3/4 gen 1/4 turn 7/15 valid=True db -13.18->-13.18
[13:22:53] trajectory done: step 1 task 3/4 gen 1/4 turns=7 reason=stop reward=14.246  [9/960 trajectories overall]
[13:23:00]   rollout step 1 task 3/4 gen 2/4 turn 1/15 valid=True db -8.65->-8.72
[13:23:09]   rollout step 1 task 3/4 gen 2/4 turn 2/15 valid=True db -8.72->-7.27
[13:23:14]   rollout step 1 task 3/4 gen 2/4 turn 3/15 valid=True db -7.27->-8.61
[13:23:23]   rollout step 1 task 3/4 gen 2/4 turn 4/15 valid=True db -8.61->-7.36
[13:23:31]   rollout step 1 task 3/4 gen 2/4 turn 5/15 valid=True db -7.36->-6.77
[13:23:31] trajectory done: step 1 task 3/4 gen 2/4 turns=5 reason=patience reward=-0.517  [10/960 trajectories overall]
[13:23:38]   rollout step 1 task 3/4 gen 3/4 turn 1/15 valid=False db -8.65->-8.65
[13:23:50]   rollout step 1 task 3/4 gen 3/4 turn 2/15 valid=True db -8.65->-12.50
[13:23:59]   rollout step 1 task 3/4 gen 3/4 turn 3/15 valid=True db -12.50->-13.28
[13:24:07]   rollout step 1 task 3/4 gen 3/4 turn 4/15 valid=True db -13.28->-13.28
[13:24:13]   rollout step 1 task 3/4 gen 3/4 turn 5/15 valid=True db -13.28->-10.88
[13:24:21]   rollout step 1 task 3/4 gen 3/4 turn 6/15 valid=True db -10.88->-7.62
[13:24:25]   rollout step 1 task 3/4 gen 3/4 turn 7/15 valid=True db -7.62->-10.55
[13:24:33]   rollout step 1 task 3/4 gen 3/4 turn 8/15 valid=True db -10.55->-7.78
[13:24:33] trajectory done: step 1 task 3/4 gen 3/4 turns=8 reason=patience reward=2.977  [11/960 trajectories overall]
[13:24:43]   rollout step 1 task 3/4 gen 4/4 turn 1/15 valid=True db -8.65->-8.26
[13:24:51]   rollout step 1 task 3/4 gen 4/4 turn 2/15 valid=True db -8.26->-10.80
[13:24:58]   rollout step 1 task 3/4 gen 4/4 turn 3/15 valid=True db -10.80->-10.14
[13:25:04]   rollout step 1 task 3/4 gen 4/4 turn 4/15 valid=True db -10.14->-15.29
[13:25:09]   rollout step 1 task 3/4 gen 4/4 turn 5/15 valid=False db -15.29->-15.29
[13:25:14]   rollout step 1 task 3/4 gen 4/4 turn 6/15 valid=True db -15.29->-20.79
[13:25:21]   rollout step 1 task 3/4 gen 4/4 turn 7/15 valid=True db -20.79->-4.14
[13:25:28]   rollout step 1 task 3/4 gen 4/4 turn 8/15 valid=True db -4.14->-18.58
[13:25:37]   rollout step 1 task 3/4 gen 4/4 turn 9/15 valid=True db -18.58->-18.45
[13:25:45]   rollout step 1 task 3/4 gen 4/4 turn 10/15 valid=True db -18.45->-18.45
[13:25:45] trajectory done: step 1 task 3/4 gen 4/4 turns=10 reason=stop reward=12.435  [12/960 trajectories overall]
[13:25:53]   rollout step 1 task 4/4 gen 1/4 turn 1/15 valid=True db -6.27->-11.63
[13:26:05]   rollout step 1 task 4/4 gen 1/4 turn 2/15 valid=True db -11.63->-10.60
[13:26:11]   rollout step 1 task 4/4 gen 1/4 turn 3/15 valid=True db -10.60->-7.55
[13:26:16]   rollout step 1 task 4/4 gen 1/4 turn 4/15 valid=True db -7.55->-7.78
[13:26:22]   rollout step 1 task 4/4 gen 1/4 turn 5/15 valid=True db -7.78->-2.92
[13:26:26]   rollout step 1 task 4/4 gen 1/4 turn 6/15 valid=True db -2.92->-12.30
[13:26:36]   rollout step 1 task 4/4 gen 1/4 turn 7/15 valid=True db -12.30->-12.90
[13:26:42]   rollout step 1 task 4/4 gen 1/4 turn 8/15 valid=True db -12.90->-3.27
[13:26:48]   rollout step 1 task 4/4 gen 1/4 turn 9/15 valid=True db -3.27->-11.57
[13:26:55]   rollout step 1 task 4/4 gen 1/4 turn 10/15 valid=True db -11.57->-3.56
[13:27:04]   rollout step 1 task 4/4 gen 1/4 turn 11/15 valid=True db -3.56->-10.57
[13:27:10]   rollout step 1 task 4/4 gen 1/4 turn 12/15 valid=True db -10.57->-3.82
[13:27:10] trajectory done: step 1 task 4/4 gen 1/4 turns=12 reason=patience reward=3.911  [13/960 trajectories overall]
[13:27:16]   rollout step 1 task 4/4 gen 2/4 turn 1/15 valid=True db -6.27->-6.59
[13:27:22]   rollout step 1 task 4/4 gen 2/4 turn 2/15 valid=True db -6.59->-6.89
[13:27:29]   rollout step 1 task 4/4 gen 2/4 turn 3/15 valid=True db -6.89->-4.51
[13:27:33]   rollout step 1 task 4/4 gen 2/4 turn 4/15 valid=True db -4.51->-7.95
[13:27:39]   rollout step 1 task 4/4 gen 2/4 turn 5/15 valid=True db -7.95->-10.86
[13:27:44]   rollout step 1 task 4/4 gen 2/4 turn 6/15 valid=True db -10.86->-13.74
[13:27:50]   rollout step 1 task 4/4 gen 2/4 turn 7/15 valid=True db -13.74->-13.51
[13:27:56]   rollout step 1 task 4/4 gen 2/4 turn 8/15 valid=True db -13.51->-16.37
[13:28:03]   rollout step 1 task 4/4 gen 2/4 turn 9/15 valid=True db -16.37->-16.99
[13:28:10]   rollout step 1 task 4/4 gen 2/4 turn 10/15 valid=True db -16.99->-14.59
[13:28:14]   rollout step 1 task 4/4 gen 2/4 turn 11/15 valid=True db -14.59->-14.59
[13:28:14] trajectory done: step 1 task 4/4 gen 2/4 turns=11 reason=stop reward=11.002  [14/960 trajectories overall]
[13:28:21]   rollout step 1 task 4/4 gen 3/4 turn 1/15 valid=True db -6.27->-6.59
[13:28:28]   rollout step 1 task 4/4 gen 3/4 turn 2/15 valid=True db -6.59->-4.30
[13:28:34]   rollout step 1 task 4/4 gen 3/4 turn 3/15 valid=True db -4.30->-7.85
[13:28:40]   rollout step 1 task 4/4 gen 3/4 turn 4/15 valid=True db -7.85->-7.93
[13:28:48]   rollout step 1 task 4/4 gen 3/4 turn 5/15 valid=True db -7.93->-8.20
[13:28:54]   rollout step 1 task 4/4 gen 3/4 turn 6/15 valid=True db -8.20->-8.45
[13:29:03]   rollout step 1 task 4/4 gen 3/4 turn 7/15 valid=True db -8.45->-8.51
[13:29:09]   rollout step 1 task 4/4 gen 3/4 turn 8/15 valid=True db -8.51->-12.23
[13:29:16]   rollout step 1 task 4/4 gen 3/4 turn 9/15 valid=True db -12.23->-12.48
[13:29:23]   rollout step 1 task 4/4 gen 3/4 turn 10/15 valid=True db -12.48->-12.72
[13:29:34]   rollout step 1 task 4/4 gen 3/4 turn 11/15 valid=True db -12.72->-12.76
[13:29:44]   rollout step 1 task 4/4 gen 3/4 turn 12/15 valid=True db -12.76->-12.96
[13:29:50]   rollout step 1 task 4/4 gen 3/4 turn 13/15 valid=True db -12.96->-21.01
[13:29:55]   rollout step 1 task 4/4 gen 3/4 turn 14/15 valid=True db -21.01->-19.99
[13:29:59]   rollout step 1 task 4/4 gen 3/4 turn 15/15 valid=True db -19.99->-22.15
[13:29:59] trajectory done: step 1 task 4/4 gen 3/4 turns=15 reason=max_turns reward=15.886  [15/960 trajectories overall]
[13:30:06]   rollout step 1 task 4/4 gen 4/4 turn 1/15 valid=True db -6.27->-5.83
[13:30:11]   rollout step 1 task 4/4 gen 4/4 turn 2/15 valid=True db -5.83->-9.63
[13:30:16]   rollout step 1 task 4/4 gen 4/4 turn 3/15 valid=True db -9.63->-6.48
[13:30:21]   rollout step 1 task 4/4 gen 4/4 turn 4/15 valid=True db -6.48->-6.86
[13:30:29]   rollout step 1 task 4/4 gen 4/4 turn 5/15 valid=True db -6.86->-7.14
[13:30:37]   rollout step 1 task 4/4 gen 4/4 turn 6/15 valid=True db -7.14->-7.18
[13:30:46]   rollout step 1 task 4/4 gen 4/4 turn 7/15 valid=True db -7.18->-6.96
[13:30:46] trajectory done: step 1 task 4/4 gen 4/4 turns=7 reason=patience reward=2.567  [16/960 trajectories overall]
[13:30:46] step_stats={"best_improve_mean": 9.512434308662897, "best_improve_p50": 7.808558602298518, "goal_met_pct": 6.25, "group_best_mean": 14.459969258875638, "max_turns_pct": 18.75, "n_resampled_starts": 0, "n_trajectories": 16, "n_turns": 147, "patience_pct": 56.25, "pos_delta_rate": 0.5374149659863946, "reward_mean": 7.065087988551813, "reward_p25": 2.8743496956971426, "reward_p50": 5.6333511782345145, "reward_p75": 11.360623746411322, "stop_pct": 18.75, "valid_turn_rate": 0.9659863945578231, "wg_range_mean": 14.031879562314778, "wg_std_mean": 5.585262946118305, "zero_adv_frac": 0.0}
[13:30:56]   gradient pass 20/147 turns backpropagated
[13:31:07]   gradient pass 40/147 turns backpropagated
[13:31:18]   gradient pass 60/147 turns backpropagated
[13:31:28]   gradient pass 80/147 turns backpropagated
[13:31:39]   gradient pass 100/147 turns backpropagated
[13:31:50]   gradient pass 120/147 turns backpropagated
[13:32:01]   gradient pass 140/147 turns backpropagated
[13:32:05]   gradient pass 147/147 turns backpropagated
[13:32:05] step 1/60 loss=-0.59142 reward_mean=7.065 reward_std=5.928 turns_mean=9.2 goal_met=1/16 stop=3 patience=9 kl_mean=0.00000
[13:32:12]   rollout step 2 task 1/4 gen 1/4 turn 1/15 valid=True db -11.47->-24.02
[13:32:18]   rollout step 2 task 1/4 gen 1/4 turn 2/15 valid=True db -24.02->-50.40
[13:32:18] trajectory done: step 2 task 1/4 gen 1/4 turns=2 reason=goal_met reward=20.000  [17/960 trajectories overall]
[13:32:30]   rollout step 2 task 1/4 gen 2/4 turn 1/15 valid=True db -11.47->-11.86
[13:32:36]   rollout step 2 task 1/4 gen 2/4 turn 2/15 valid=False db -11.86->-11.86
[13:32:41]   rollout step 2 task 1/4 gen 2/4 turn 3/15 valid=True db -11.86->-18.23
[13:32:47]   rollout step 2 task 1/4 gen 2/4 turn 4/15 valid=True db -18.23->-1.25
[13:32:52]   rollout step 2 task 1/4 gen 2/4 turn 5/15 valid=True db -1.25->-15.62
[13:32:57]   rollout step 2 task 1/4 gen 2/4 turn 6/15 valid=True db -15.62->-1.63
[13:33:01]   rollout step 2 task 1/4 gen 2/4 turn 7/15 valid=True db -1.63->-13.75
[13:33:08]   rollout step 2 task 1/4 gen 2/4 turn 8/15 valid=True db -13.75->-13.80
[13:33:08] trajectory done: step 2 task 1/4 gen 2/4 turns=8 reason=patience reward=5.425  [18/960 trajectories overall]
[13:33:14]   rollout step 2 task 1/4 gen 3/4 turn 1/15 valid=True db -11.47->-8.53
[13:33:22]   rollout step 2 task 1/4 gen 3/4 turn 2/15 valid=True db -8.53->-11.17
[13:33:31]   rollout step 2 task 1/4 gen 3/4 turn 3/15 valid=True db -11.17->-11.28
[13:33:42]   rollout step 2 task 1/4 gen 3/4 turn 4/15 valid=True db -11.28->-11.71
[13:33:51]   rollout step 2 task 1/4 gen 3/4 turn 5/15 valid=True db -11.71->-12.01
[13:33:56]   rollout step 2 task 1/4 gen 3/4 turn 6/15 valid=True db -12.01->-17.07
[13:34:02]   rollout step 2 task 1/4 gen 3/4 turn 7/15 valid=True db -17.07->-28.82
[13:34:08]   rollout step 2 task 1/4 gen 3/4 turn 8/15 valid=True db -28.82->-9.42
[13:34:14]   rollout step 2 task 1/4 gen 3/4 turn 9/15 valid=True db -9.42->-2.46
[13:34:20]   rollout step 2 task 1/4 gen 3/4 turn 10/15 valid=True db -2.46->-8.77
[13:34:25]   rollout step 2 task 1/4 gen 3/4 turn 11/15 valid=True db -8.77->-2.77
[13:34:29]   rollout step 2 task 1/4 gen 3/4 turn 12/15 valid=True db -2.77->-8.23
[13:34:29] trajectory done: step 2 task 1/4 gen 3/4 turns=12 reason=patience reward=11.172  [19/960 trajectories overall]
[13:34:38]   rollout step 2 task 1/4 gen 4/4 turn 1/15 valid=True db -11.47->-11.89
[13:34:45]   rollout step 2 task 1/4 gen 4/4 turn 2/15 valid=True db -11.89->-12.45
[13:34:55]   rollout step 2 task 1/4 gen 4/4 turn 3/15 valid=True db -12.45->-11.53
[13:35:03]   rollout step 2 task 1/4 gen 4/4 turn 4/15 valid=True db -11.53->-9.11
[13:35:09]   rollout step 2 task 1/4 gen 4/4 turn 5/15 valid=True db -9.11->-11.37
[13:35:17]   rollout step 2 task 1/4 gen 4/4 turn 6/15 valid=True db -11.37->-10.99
[13:35:22]   rollout step 2 task 1/4 gen 4/4 turn 7/15 valid=True db -10.99->-10.10
[13:35:22] trajectory done: step 2 task 1/4 gen 4/4 turns=7 reason=patience reward=0.277  [20/960 trajectories overall]
[13:35:30]   rollout step 2 task 2/4 gen 1/4 turn 1/15 valid=True db -12.61->-12.73
[13:35:39]   rollout step 2 task 2/4 gen 1/4 turn 2/15 valid=True db -12.73->-12.85
[13:35:47]   rollout step 2 task 2/4 gen 1/4 turn 3/15 valid=True db -12.85->-12.74
[13:35:50]   rollout step 2 task 2/4 gen 1/4 turn 4/15 valid=True db -12.74->-12.74
[13:35:50] trajectory done: step 2 task 2/4 gen 1/4 turns=4 reason=stop reward=1.210  [21/960 trajectories overall]
[13:35:57]   rollout step 2 task 2/4 gen 2/4 turn 1/15 valid=True db -12.61->-12.73
[13:36:03]   rollout step 2 task 2/4 gen 2/4 turn 2/15 valid=True db -12.73->-49.93
[13:36:03] trajectory done: step 2 task 2/4 gen 2/4 turns=2 reason=goal_met reward=20.000  [22/960 trajectories overall]
[13:36:09]   rollout step 2 task 2/4 gen 3/4 turn 1/15 valid=True db -12.61->-30.50
[13:36:09] trajectory done: step 2 task 2/4 gen 3/4 turns=1 reason=goal_met reward=17.896  [23/960 trajectories overall]
[13:36:17]   rollout step 2 task 2/4 gen 4/4 turn 1/15 valid=True db -12.61->-13.89
[13:36:26]   rollout step 2 task 2/4 gen 4/4 turn 2/15 valid=True db -13.89->-14.43
[13:36:35]   rollout step 2 task 2/4 gen 4/4 turn 3/15 valid=True db -14.43->-14.54
[13:36:45]   rollout step 2 task 2/4 gen 4/4 turn 4/15 valid=True db -14.54->-14.29
[13:36:50]   rollout step 2 task 2/4 gen 4/4 turn 5/15 valid=True db -14.29->-14.22
[13:36:56]   rollout step 2 task 2/4 gen 4/4 turn 6/15 valid=True db -14.22->-15.87
[13:37:02]   rollout step 2 task 2/4 gen 4/4 turn 7/15 valid=True db -15.87->-16.46
[13:37:09]   rollout step 2 task 2/4 gen 4/4 turn 8/15 valid=True db -16.46->-14.59
[13:37:17]   rollout step 2 task 2/4 gen 4/4 turn 9/15 valid=True db -14.59->-16.83
[13:37:24]   rollout step 2 task 2/4 gen 4/4 turn 10/15 valid=True db -16.83->-17.37
[13:37:30]   rollout step 2 task 2/4 gen 4/4 turn 11/15 valid=True db -17.37->-17.37
[13:37:37]   rollout step 2 task 2/4 gen 4/4 turn 12/15 valid=True db -17.37->-14.72
[13:37:42]   rollout step 2 task 2/4 gen 4/4 turn 13/15 valid=True db -14.72->-17.17
[13:37:48]   rollout step 2 task 2/4 gen 4/4 turn 14/15 valid=True db -17.17->-14.89
[13:37:53]   rollout step 2 task 2/4 gen 4/4 turn 15/15 valid=True db -14.89->-17.01
[13:37:53] trajectory done: step 2 task 2/4 gen 4/4 turns=15 reason=patience reward=4.653  [24/960 trajectories overall]
[13:37:54]   resampled start task 3/4 times=1 seed 5246->5247 initial_db=-10.79
[13:38:02]   rollout step 2 task 3/4 gen 1/4 turn 1/15 valid=True db -10.79->-26.93
[13:38:08]   rollout step 2 task 3/4 gen 1/4 turn 2/15 valid=True db -26.93->-5.57
[13:38:13]   rollout step 2 task 3/4 gen 1/4 turn 3/15 valid=True db -5.57->-34.02
[13:38:13] trajectory done: step 2 task 3/4 gen 1/4 turns=3 reason=goal_met reward=20.000  [25/960 trajectories overall]
[13:38:21]   rollout step 2 task 3/4 gen 2/4 turn 1/15 valid=True db -10.79->-26.93
[13:38:30]   rollout step 2 task 3/4 gen 2/4 turn 2/15 valid=True db -26.93->-26.73
[13:38:34]   rollout step 2 task 3/4 gen 2/4 turn 3/15 valid=True db -26.73->-26.91
[13:38:46]   rollout step 2 task 3/4 gen 2/4 turn 4/15 valid=True db -26.91->-7.60
[13:38:52]   rollout step 2 task 3/4 gen 2/4 turn 5/15 valid=True db -7.60->-7.46
[13:38:58]   rollout step 2 task 3/4 gen 2/4 turn 6/15 valid=True db -7.46->-53.70
[13:38:58] trajectory done: step 2 task 3/4 gen 2/4 turns=6 reason=goal_met reward=20.000  [26/960 trajectories overall]
[13:39:08]   rollout step 2 task 3/4 gen 3/4 turn 1/15 valid=True db -10.79->-16.56
[13:39:16]   rollout step 2 task 3/4 gen 3/4 turn 2/15 valid=True db -16.56->-17.89
[13:39:21]   rollout step 2 task 3/4 gen 3/4 turn 3/15 valid=True db -17.89->-18.11
[13:39:30]   rollout step 2 task 3/4 gen 3/4 turn 4/15 valid=True db -18.11->-17.04
[13:39:38]   rollout step 2 task 3/4 gen 3/4 turn 5/15 valid=True db -17.04->-18.04
[13:39:46]   rollout step 2 task 3/4 gen 3/4 turn 6/15 valid=True db -18.04->-19.44
[13:39:52]   rollout step 2 task 3/4 gen 3/4 turn 7/15 valid=True db -19.44->-15.26
[13:39:56]   rollout step 2 task 3/4 gen 3/4 turn 8/15 valid=True db -15.26->-16.06
[13:40:02]   rollout step 2 task 3/4 gen 3/4 turn 9/15 valid=True db -16.06->-12.57
[13:40:07]   rollout step 2 task 3/4 gen 3/4 turn 10/15 valid=True db -12.57->-10.19
[13:40:11]   rollout step 2 task 3/4 gen 3/4 turn 11/15 valid=True db -10.19->-10.19
[13:40:11] trajectory done: step 2 task 3/4 gen 3/4 turns=11 reason=patience reward=5.872  [27/960 trajectories overall]
[13:40:17]   rollout step 2 task 3/4 gen 4/4 turn 1/15 valid=True db -10.79->-26.71
[13:40:26]   rollout step 2 task 3/4 gen 4/4 turn 2/15 valid=True db -26.71->-19.12
[13:40:33]   rollout step 2 task 3/4 gen 4/4 turn 3/15 valid=True db -19.12->-9.54
[13:40:38]   rollout step 2 task 3/4 gen 4/4 turn 4/15 valid=True db -9.54->-20.81
[13:40:45]   rollout step 2 task 3/4 gen 4/4 turn 5/15 valid=True db -20.81->-10.71
[13:40:50]   rollout step 2 task 3/4 gen 4/4 turn 6/15 valid=True db -10.71->-22.73
[13:40:50] trajectory done: step 2 task 3/4 gen 4/4 turns=6 reason=patience reward=14.728  [28/960 trajectories overall]
[13:40:56]   rollout step 2 task 4/4 gen 1/4 turn 1/15 valid=True db -11.85->-9.16
[13:41:01]   rollout step 2 task 4/4 gen 1/4 turn 2/15 valid=True db -9.16->-11.58
[13:41:06]   rollout step 2 task 4/4 gen 1/4 turn 3/15 valid=True db -11.58->-9.29
[13:41:10]   rollout step 2 task 4/4 gen 1/4 turn 4/15 valid=True db -9.29->-11.35
[13:41:17]   rollout step 2 task 4/4 gen 1/4 turn 5/15 valid=True db -11.35->-15.81
[13:41:34]   rollout step 2 task 4/4 gen 1/4 turn 6/15 valid=True db -15.81->-11.41
[13:41:40]   rollout step 2 task 4/4 gen 1/4 turn 7/15 valid=True db -11.41->-15.19
[13:41:49]   rollout step 2 task 4/4 gen 1/4 turn 8/15 valid=True db -15.19->-15.31
[13:41:58]   rollout step 2 task 4/4 gen 1/4 turn 9/15 valid=True db -15.31->-29.38
[13:42:04]   rollout step 2 task 4/4 gen 1/4 turn 10/15 valid=False db -29.38->-29.38
[13:42:11]   rollout step 2 task 4/4 gen 1/4 turn 11/15 valid=True db -29.38->-29.48
[13:42:19]   rollout step 2 task 4/4 gen 1/4 turn 12/15 valid=True db -29.48->-29.86
[13:42:27]   rollout step 2 task 4/4 gen 1/4 turn 13/15 valid=True db -29.86->-17.08
[13:42:32]   rollout step 2 task 4/4 gen 1/4 turn 14/15 valid=True db -17.08->-31.32
[13:42:32] trajectory done: step 2 task 4/4 gen 1/4 turns=14 reason=goal_met reward=19.470  [29/960 trajectories overall]
[13:42:40]   rollout step 2 task 4/4 gen 2/4 turn 1/15 valid=True db -11.85->-23.46
[13:42:45]   rollout step 2 task 4/4 gen 2/4 turn 2/15 valid=True db -23.46->-8.33
[13:42:52]   rollout step 2 task 4/4 gen 2/4 turn 3/15 valid=True db -8.33->-26.21
[13:43:03]   rollout step 2 task 4/4 gen 2/4 turn 4/15 valid=True db -26.21->-9.67
[13:43:08]   rollout step 2 task 4/4 gen 2/4 turn 5/15 valid=True db -9.67->-30.75
[13:43:08] trajectory done: step 2 task 4/4 gen 2/4 turns=5 reason=goal_met reward=18.901  [30/960 trajectories overall]
[13:43:15]   rollout step 2 task 4/4 gen 3/4 turn 1/15 valid=True db -11.85->-22.77
[13:43:18]   rollout step 2 task 4/4 gen 3/4 turn 2/15 valid=True db -22.77->-8.02
[13:43:24]   rollout step 2 task 4/4 gen 3/4 turn 3/15 valid=True db -8.02->-2.30
[13:43:29]   rollout step 2 task 4/4 gen 3/4 turn 4/15 valid=True db -2.30->-16.63
[13:43:36]   rollout step 2 task 4/4 gen 3/4 turn 5/15 valid=True db -16.63->-18.33
[13:43:41]   rollout step 2 task 4/4 gen 3/4 turn 6/15 valid=True db -18.33->-17.95
[13:43:41] trajectory done: step 2 task 4/4 gen 3/4 turns=6 reason=patience reward=9.474  [31/960 trajectories overall]
[13:43:47]   rollout step 2 task 4/4 gen 4/4 turn 1/15 valid=True db -11.85->-22.77
[13:43:53]   rollout step 2 task 4/4 gen 4/4 turn 2/15 valid=True db -22.77->-8.31
[13:43:58]   rollout step 2 task 4/4 gen 4/4 turn 3/15 valid=True db -8.31->-8.38
[13:44:07]   rollout step 2 task 4/4 gen 4/4 turn 4/15 valid=True db -8.38->-2.46
[13:44:12]   rollout step 2 task 4/4 gen 4/4 turn 5/15 valid=True db -2.46->-15.03
[13:44:21]   rollout step 2 task 4/4 gen 4/4 turn 6/15 valid=True db -15.03->-2.96
[13:44:21] trajectory done: step 2 task 4/4 gen 4/4 turns=6 reason=patience reward=4.978  [32/960 trajectories overall]
[13:44:21] step_stats={"best_improve_mean": 17.198021796688067, "best_improve_p50": 16.63580890086167, "goal_met_pct": 43.75, "group_best_mean": 19.867549175516448, "max_turns_pct": 0.0, "n_resampled_starts": 1, "n_trajectories": 16, "n_turns": 108, "patience_pct": 50.0, "pos_delta_rate": 0.5833333333333334, "reward_mean": 12.128549609009196, "reward_p25": 5.31330930575811, "reward_p50": 12.95033049284684, "reward_p75": 19.60264752654934, "stop_pct": 6.25, "valid_turn_rate": 0.9814814814814815, "wg_range_mean": 16.78325460962931, "wg_std_mean": 6.854714834764776, "zero_adv_frac": 0.0}
[13:44:32]   gradient pass 20/108 turns backpropagated
[13:44:42]   gradient pass 40/108 turns backpropagated
[13:44:53]   gradient pass 60/108 turns backpropagated
[13:45:03]   gradient pass 80/108 turns backpropagated
[13:45:14]   gradient pass 100/108 turns backpropagated
[13:45:18]   gradient pass 108/108 turns backpropagated
[13:45:18] step 2/60 loss=-4.55880 reward_mean=12.129 reward_std=7.273 turns_mean=6.8 goal_met=7/16 stop=1 patience=8 kl_mean=0.01243
[13:45:29]   rollout step 3 task 1/4 gen 1/4 turn 1/15 valid=True db -7.96->-8.23
[13:45:35]   rollout step 3 task 1/4 gen 1/4 turn 2/15 valid=True db -8.23->-8.46
[13:45:42]   rollout step 3 task 1/4 gen 1/4 turn 3/15 valid=True db -8.46->-8.24
[13:45:46]   rollout step 3 task 1/4 gen 1/4 turn 4/15 valid=True db -8.24->-8.45
[13:45:53]   rollout step 3 task 1/4 gen 1/4 turn 5/15 valid=True db -8.45->-11.07
[13:46:01]   rollout step 3 task 1/4 gen 1/4 turn 6/15 valid=True db -11.07->-18.41
[13:46:07]   rollout step 3 task 1/4 gen 1/4 turn 7/15 valid=True db -18.41->-14.54
[13:46:11]   rollout step 3 task 1/4 gen 1/4 turn 8/15 valid=True db -14.54->-19.55
[13:46:16]   rollout step 3 task 1/4 gen 1/4 turn 9/15 valid=True db -19.55->-15.96
[13:46:21]   rollout step 3 task 1/4 gen 1/4 turn 10/15 valid=True db -15.96->-20.72
[13:46:27]   rollout step 3 task 1/4 gen 1/4 turn 11/15 valid=True db -20.72->-35.95
[13:46:27] trajectory done: step 3 task 1/4 gen 1/4 turns=11 reason=goal_met reward=20.000  [33/960 trajectories overall]
[13:46:35]   rollout step 3 task 1/4 gen 2/4 turn 1/15 valid=True db -7.96->-6.15
[13:46:41]   rollout step 3 task 1/4 gen 2/4 turn 2/15 valid=True db -6.15->-6.43
[13:46:48]   rollout step 3 task 1/4 gen 2/4 turn 3/15 valid=True db -6.43->-5.24
[13:46:54]   rollout step 3 task 1/4 gen 2/4 turn 4/15 valid=True db -5.24->-5.44
[13:47:00]   rollout step 3 task 1/4 gen 2/4 turn 5/15 valid=True db -5.44->-5.40
[13:47:00] trajectory done: step 3 task 1/4 gen 2/4 turns=5 reason=patience reward=-0.770  [34/960 trajectories overall]
[13:47:10]   rollout step 3 task 1/4 gen 3/4 turn 1/15 valid=True db -7.96->-7.69
[13:47:15]   rollout step 3 task 1/4 gen 3/4 turn 2/15 valid=True db -7.69->-7.43
[13:47:22]   rollout step 3 task 1/4 gen 3/4 turn 3/15 valid=True db -7.43->-8.57
[13:47:29]   rollout step 3 task 1/4 gen 3/4 turn 4/15 valid=False db -8.57->-8.57
[13:47:39]   rollout step 3 task 1/4 gen 3/4 turn 5/15 valid=True db -8.57->-6.24
[13:47:44]   rollout step 3 task 1/4 gen 3/4 turn 6/15 valid=True db -6.24->-8.43
[13:47:49]   rollout step 3 task 1/4 gen 3/4 turn 7/15 valid=True db -8.43->-8.27
[13:47:55]   rollout step 3 task 1/4 gen 3/4 turn 8/15 valid=True db -8.27->-6.43
[13:47:55] trajectory done: step 3 task 1/4 gen 3/4 turns=8 reason=patience reward=-0.032  [35/960 trajectories overall]
[13:48:01]   rollout step 3 task 1/4 gen 4/4 turn 1/15 valid=True db -7.96->-8.10
[13:48:08]   rollout step 3 task 1/4 gen 4/4 turn 2/15 valid=True db -8.10->-8.22
[13:48:14]   rollout step 3 task 1/4 gen 4/4 turn 3/15 valid=True db -8.22->-5.38
[13:48:19]   rollout step 3 task 1/4 gen 4/4 turn 4/15 valid=True db -5.38->-8.05
[13:48:26]   rollout step 3 task 1/4 gen 4/4 turn 5/15 valid=True db -8.05->-8.13
[13:48:32]   rollout step 3 task 1/4 gen 4/4 turn 6/15 valid=True db -8.13->-7.26
[13:48:38]   rollout step 3 task 1/4 gen 4/4 turn 7/15 valid=True db -7.26->-5.17
[13:48:38] trajectory done: step 3 task 1/4 gen 4/4 turns=7 reason=patience reward=-0.658  [36/960 trajectories overall]
[13:48:49]   rollout step 3 task 2/4 gen 1/4 turn 1/15 valid=True db -16.74->-7.49
[13:48:59]   rollout step 3 task 2/4 gen 1/4 turn 2/15 valid=True db -7.49->-7.02
[13:49:11]   rollout step 3 task 2/4 gen 1/4 turn 3/15 valid=True db -7.02->-7.07
[13:49:17]   rollout step 3 task 2/4 gen 1/4 turn 4/15 valid=True db -7.07->-0.88
[13:49:25]   rollout step 3 task 2/4 gen 1/4 turn 5/15 valid=True db -0.88->-0.89
[13:49:25] trajectory done: step 3 task 2/4 gen 1/4 turns=5 reason=patience reward=-4.756  [37/960 trajectories overall]
[13:49:31]   rollout step 3 task 2/4 gen 2/4 turn 1/15 valid=True db -16.74->-17.57
[13:49:40]   rollout step 3 task 2/4 gen 2/4 turn 2/15 valid=True db -17.57->-16.53
[13:49:49]   rollout step 3 task 2/4 gen 2/4 turn 3/15 valid=True db -16.53->-16.58
[13:49:58]   rollout step 3 task 2/4 gen 2/4 turn 4/15 valid=True db -16.58->-17.01
[13:50:05]   rollout step 3 task 2/4 gen 2/4 turn 5/15 valid=True db -17.01->-17.56
[13:50:11]   rollout step 3 task 2/4 gen 2/4 turn 6/15 valid=True db -17.56->-18.07
[13:50:19]   rollout step 3 task 2/4 gen 2/4 turn 7/15 valid=True db -18.07->-15.92
[13:50:25]   rollout step 3 task 2/4 gen 2/4 turn 8/15 valid=True db -15.92->-19.19
[13:50:33]   rollout step 3 task 2/4 gen 2/4 turn 9/15 valid=True db -19.19->-17.32
[13:50:37]   rollout step 3 task 2/4 gen 2/4 turn 10/15 valid=True db -17.32->-20.34
[13:50:44]   rollout step 3 task 2/4 gen 2/4 turn 11/15 valid=True db -20.34->-18.69
[13:50:51]   rollout step 3 task 2/4 gen 2/4 turn 12/15 valid=True db -18.69->-18.69
[13:50:51] trajectory done: step 3 task 2/4 gen 2/4 turns=12 reason=stop reward=4.098  [38/960 trajectories overall]
[13:50:58]   rollout step 3 task 2/4 gen 3/4 turn 1/15 valid=True db -16.74->-17.57
[13:51:03]   rollout step 3 task 2/4 gen 3/4 turn 2/15 valid=False db -17.57->-17.57
[13:51:13]   rollout step 3 task 2/4 gen 3/4 turn 3/15 valid=True db -17.57->-17.49
[13:51:18]   rollout step 3 task 2/4 gen 3/4 turn 4/15 valid=True db -17.49->-17.56
[13:51:26]   rollout step 3 task 2/4 gen 3/4 turn 5/15 valid=True db -17.56->-18.18
[13:51:35]   rollout step 3 task 2/4 gen 3/4 turn 6/15 valid=True db -18.18->-18.11
[13:51:41]   rollout step 3 task 2/4 gen 3/4 turn 7/15 valid=True db -18.11->-18.17
[13:51:50]   rollout step 3 task 2/4 gen 3/4 turn 8/15 valid=True db -18.17->-17.69
[13:51:55]   rollout step 3 task 2/4 gen 3/4 turn 9/15 valid=True db -17.69->-19.19
[13:52:02]   rollout step 3 task 2/4 gen 3/4 turn 10/15 valid=True db -19.19->-28.72
[13:52:07]   rollout step 3 task 2/4 gen 3/4 turn 11/15 valid=True db -28.72->-15.61
[13:52:11]   rollout step 3 task 2/4 gen 3/4 turn 12/15 valid=True db -15.61->-32.05
[13:52:11] trajectory done: step 3 task 2/4 gen 3/4 turns=12 reason=goal_met reward=15.302  [39/960 trajectories overall]
[13:52:17]   rollout step 3 task 2/4 gen 4/4 turn 1/15 valid=True db -16.74->-17.57
[13:52:23]   rollout step 3 task 2/4 gen 4/4 turn 2/15 valid=True db -17.57->-9.20
[13:52:28]   rollout step 3 task 2/4 gen 4/4 turn 3/15 valid=True db -9.20->-9.14
[13:52:33]   rollout step 3 task 2/4 gen 4/4 turn 4/15 valid=True db -9.14->-21.09
[13:52:38]   rollout step 3 task 2/4 gen 4/4 turn 5/15 valid=False db -21.09->-21.09
[13:52:44]   rollout step 3 task 2/4 gen 4/4 turn 6/15 valid=True db -21.09->-20.82
[13:52:51]   rollout step 3 task 2/4 gen 4/4 turn 7/15 valid=True db -20.82->-20.86
[13:53:01]   rollout step 3 task 2/4 gen 4/4 turn 8/15 valid=True db -20.86->-13.36
[13:53:08]   rollout step 3 task 2/4 gen 4/4 turn 9/15 valid=True db -13.36->-22.60
[13:53:16]   rollout step 3 task 2/4 gen 4/4 turn 10/15 valid=True db -22.60->-30.22
[13:53:16] trajectory done: step 3 task 2/4 gen 4/4 turns=10 reason=goal_met reward=13.479  [40/960 trajectories overall]
[13:53:16]   resampled start task 3/4 times=1 seed 5251->5252 initial_db=-12.61
[13:53:22]   rollout step 3 task 3/4 gen 1/4 turn 1/15 valid=True db -12.61->-15.84
[13:53:28]   rollout step 3 task 3/4 gen 1/4 turn 2/15 valid=True db -15.84->-12.83
[13:53:32]   rollout step 3 task 3/4 gen 1/4 turn 3/15 valid=True db -12.83->-15.63
[13:53:44]   rollout step 3 task 3/4 gen 1/4 turn 4/15 valid=True db -15.63->-23.94
[13:53:50]   rollout step 3 task 3/4 gen 1/4 turn 5/15 valid=True db -23.94->-35.42
[13:53:50] trajectory done: step 3 task 3/4 gen 1/4 turns=5 reason=goal_met reward=20.000  [41/960 trajectories overall]
[13:53:56]   rollout step 3 task 3/4 gen 2/4 turn 1/15 valid=False db -12.61->-12.61
[13:54:05]   rollout step 3 task 3/4 gen 2/4 turn 2/15 valid=True db -12.61->-12.71
[13:54:15]   rollout step 3 task 3/4 gen 2/4 turn 3/15 valid=True db -12.71->-12.62
[13:54:20]   rollout step 3 task 3/4 gen 2/4 turn 4/15 valid=True db -12.62->-12.71
[13:54:28]   rollout step 3 task 3/4 gen 2/4 turn 5/15 valid=True db -12.71->-12.62
[13:54:28] trajectory done: step 3 task 3/4 gen 2/4 turns=5 reason=patience reward=0.078  [42/960 trajectories overall]
[13:54:34]   rollout step 3 task 3/4 gen 3/4 turn 1/15 valid=True db -12.61->-19.94
[13:54:39]   rollout step 3 task 3/4 gen 3/4 turn 2/15 valid=False db -19.94->-19.94
[13:54:48]   rollout step 3 task 3/4 gen 3/4 turn 3/15 valid=True db -19.94->-19.83
[13:54:55]   rollout step 3 task 3/4 gen 3/4 turn 4/15 valid=True db -19.83->-19.93
[13:55:03]   rollout step 3 task 3/4 gen 3/4 turn 5/15 valid=True db -19.93->-22.42
[13:55:11]   rollout step 3 task 3/4 gen 3/4 turn 6/15 valid=True db -22.42->-22.51
[13:55:18]   rollout step 3 task 3/4 gen 3/4 turn 7/15 valid=True db -22.51->-22.59
[13:55:25]   rollout step 3 task 3/4 gen 3/4 turn 8/15 valid=True db -22.59->-9.91
[13:55:32]   rollout step 3 task 3/4 gen 3/4 turn 9/15 valid=True db -9.91->-21.16
[13:55:41]   rollout step 3 task 3/4 gen 3/4 turn 10/15 valid=True db -21.16->-21.22
[13:55:41] trajectory done: step 3 task 3/4 gen 3/4 turns=10 reason=patience reward=9.570  [43/960 trajectories overall]
[13:55:51]   rollout step 3 task 3/4 gen 4/4 turn 1/15 valid=True db -12.61->-12.94
[13:55:59]   rollout step 3 task 3/4 gen 4/4 turn 2/15 valid=True db -12.94->-14.36
[13:56:13]   rollout step 3 task 3/4 gen 4/4 turn 3/15 valid=True db -14.36->-13.96
[13:56:21]   rollout step 3 task 3/4 gen 4/4 turn 4/15 valid=True db -13.96->-14.33
[13:56:29]   rollout step 3 task 3/4 gen 4/4 turn 5/15 valid=True db -14.33->-14.56
[13:56:35]   rollout step 3 task 3/4 gen 4/4 turn 6/15 valid=True db -14.56->-14.77
[13:56:41]   rollout step 3 task 3/4 gen 4/4 turn 7/15 valid=False db -14.77->-14.77
[13:56:47]   rollout step 3 task 3/4 gen 4/4 turn 8/15 valid=True db -14.77->-12.47
[13:56:52]   rollout step 3 task 3/4 gen 4/4 turn 9/15 valid=True db -12.47->-10.08
[13:56:59]   rollout step 3 task 3/4 gen 4/4 turn 10/15 valid=True db -10.08->-8.04
[13:57:04]   rollout step 3 task 3/4 gen 4/4 turn 11/15 valid=True db -8.04->-10.59
[13:57:04] trajectory done: step 3 task 3/4 gen 4/4 turns=11 reason=patience reward=0.904  [44/960 trajectories overall]
[13:57:14]   rollout step 3 task 4/4 gen 1/4 turn 1/15 valid=True db -8.63->-8.94
[13:57:24]   rollout step 3 task 4/4 gen 1/4 turn 2/15 valid=True db -8.94->-13.10
[13:57:31]   rollout step 3 task 4/4 gen 1/4 turn 3/15 valid=True db -13.10->-49.57
[13:57:31] trajectory done: step 3 task 4/4 gen 1/4 turns=3 reason=goal_met reward=20.000  [45/960 trajectories overall]
[13:57:38]   rollout step 3 task 4/4 gen 2/4 turn 1/15 valid=True db -8.63->-8.94
[13:57:45]   rollout step 3 task 4/4 gen 2/4 turn 2/15 valid=True db -8.94->-8.44
[13:57:50]   rollout step 3 task 4/4 gen 2/4 turn 3/15 valid=True db -8.44->-8.91
[13:57:56]   rollout step 3 task 4/4 gen 2/4 turn 4/15 valid=True db -8.91->-8.46
[13:58:02]   rollout step 3 task 4/4 gen 2/4 turn 5/15 valid=True db -8.46->-8.87
[13:58:12]   rollout step 3 task 4/4 gen 2/4 turn 6/15 valid=True db -8.87->-8.95
[13:58:12] trajectory done: step 3 task 4/4 gen 2/4 turns=6 reason=patience reward=0.323  [46/960 trajectories overall]
[13:58:18]   rollout step 3 task 4/4 gen 3/4 turn 1/15 valid=True db -8.63->-8.75
[13:58:29]   rollout step 3 task 4/4 gen 3/4 turn 2/15 valid=True db -8.75->-8.21
[13:58:37]   rollout step 3 task 4/4 gen 3/4 turn 3/15 valid=True db -8.21->-8.31
[13:58:44]   rollout step 3 task 4/4 gen 3/4 turn 4/15 valid=True db -8.31->-8.22
[13:58:50]   rollout step 3 task 4/4 gen 3/4 turn 5/15 valid=True db -8.22->-8.65
[13:58:50] trajectory done: step 3 task 4/4 gen 3/4 turns=5 reason=patience reward=0.085  [47/960 trajectories overall]
[13:58:57]   rollout step 3 task 4/4 gen 4/4 turn 1/15 valid=True db -8.63->-8.52
[13:59:02]   rollout step 3 task 4/4 gen 4/4 turn 2/15 valid=True db -8.52->-8.41
[13:59:07]   rollout step 3 task 4/4 gen 4/4 turn 3/15 valid=True db -8.41->-8.51
[13:59:13]   rollout step 3 task 4/4 gen 4/4 turn 4/15 valid=True db -8.51->-8.06
[13:59:20]   rollout step 3 task 4/4 gen 4/4 turn 5/15 valid=True db -8.06->-7.99
[13:59:20] trajectory done: step 3 task 4/4 gen 4/4 turns=5 reason=patience reward=-0.192  [48/960 trajectories overall]
[13:59:20] step_stats={"best_improve_mean": 8.603120511661043, "best_improve_p50": 1.3837310311953521, "goal_met_pct": 31.25, "group_best_mean": 18.825389206471826, "max_turns_pct": 0.0, "n_resampled_starts": 1, "n_trajectories": 16, "n_turns": 120, "patience_pct": 62.5, "pos_delta_rate": 0.5416666666666666, "reward_mean": 6.089352505413029, "reward_p25": -0.0720750450118533, "reward_p50": 0.6134071996814274, "reward_p75": 13.93473370169317, "stop_pct": 6.25, "valid_turn_rate": 0.95, "wg_range_mean": 20.23559612320316, "wg_std_mean": 8.394464757442108, "zero_adv_frac": 0.0}
[13:59:30]   gradient pass 20/120 turns backpropagated
[13:59:40]   gradient pass 40/120 turns backpropagated
[13:59:52]   gradient pass 60/120 turns backpropagated
[14:00:02]   gradient pass 80/120 turns backpropagated
[14:00:13]   gradient pass 100/120 turns backpropagated
[14:00:23]   gradient pass 120/120 turns backpropagated
[14:00:23] step 3/60 loss=-0.77464 reward_mean=6.089 reward_std=8.498 turns_mean=7.5 goal_met=5/16 stop=1 patience=10 kl_mean=0.06943
[14:00:32]   rollout step 4 task 1/4 gen 1/4 turn 1/15 valid=True db -12.52->-12.51
[14:00:40]   rollout step 4 task 1/4 gen 1/4 turn 2/15 valid=True db -12.51->-12.04
[14:00:49]   rollout step 4 task 1/4 gen 1/4 turn 3/15 valid=True db -12.04->-12.47
[14:00:58]   rollout step 4 task 1/4 gen 1/4 turn 4/15 valid=True db -12.47->-12.86
[14:01:09]   rollout step 4 task 1/4 gen 1/4 turn 5/15 valid=True db -12.86->-12.50
[14:01:15]   rollout step 4 task 1/4 gen 1/4 turn 6/15 valid=True db -12.50->-12.83
[14:01:21]   rollout step 4 task 1/4 gen 1/4 turn 7/15 valid=True db -12.83->-11.19
[14:01:27]   rollout step 4 task 1/4 gen 1/4 turn 8/15 valid=True db -11.19->-9.53
[14:01:32]   rollout step 4 task 1/4 gen 1/4 turn 9/15 valid=True db -9.53->-9.23
[14:01:32] trajectory done: step 4 task 1/4 gen 1/4 turns=9 reason=patience reward=-0.749  [49/960 trajectories overall]
[14:01:40]   rollout step 4 task 1/4 gen 2/4 turn 1/15 valid=True db -12.52->-13.42
[14:01:51]   rollout step 4 task 1/4 gen 2/4 turn 2/15 valid=True db -13.42->-14.22
[14:01:55]   rollout step 4 task 1/4 gen 2/4 turn 3/15 valid=False db -14.22->-14.22
[14:02:02]   rollout step 4 task 1/4 gen 2/4 turn 4/15 valid=True db -14.22->-17.25
[14:02:10]   rollout step 4 task 1/4 gen 2/4 turn 5/15 valid=True db -17.25->-17.95
[14:02:17]   rollout step 4 task 1/4 gen 2/4 turn 6/15 valid=True db -17.95->-18.58
[14:02:23]   rollout step 4 task 1/4 gen 2/4 turn 7/15 valid=False db -18.58->-18.58
[14:02:30]   rollout step 4 task 1/4 gen 2/4 turn 8/15 valid=True db -18.58->-16.99
[14:02:36]   rollout step 4 task 1/4 gen 2/4 turn 9/15 valid=True db -16.99->-16.89
[14:02:47]   rollout step 4 task 1/4 gen 2/4 turn 10/15 valid=True db -16.89->-15.40
[14:02:52]   rollout step 4 task 1/4 gen 2/4 turn 11/15 valid=True db -15.40->-15.33
[14:02:52] trajectory done: step 4 task 1/4 gen 2/4 turns=11 reason=patience reward=5.083  [50/960 trajectories overall]
[14:03:00]   rollout step 4 task 1/4 gen 3/4 turn 1/15 valid=True db -12.52->-13.42
[14:03:06]   rollout step 4 task 1/4 gen 3/4 turn 2/15 valid=True db -13.42->-17.51
[14:03:17]   rollout step 4 task 1/4 gen 3/4 turn 3/15 valid=True db -17.51->-14.63
[14:03:22]   rollout step 4 task 1/4 gen 3/4 turn 4/15 valid=True db -14.63->-14.63
[14:03:22] trajectory done: step 4 task 1/4 gen 3/4 turns=4 reason=stop reward=5.123  [51/960 trajectories overall]
[14:03:30]   rollout step 4 task 1/4 gen 4/4 turn 1/15 valid=True db -12.52->-12.95
[14:03:33]   rollout step 4 task 1/4 gen 4/4 turn 2/15 valid=True db -12.95->-16.54
[14:03:38]   rollout step 4 task 1/4 gen 4/4 turn 3/15 valid=True db -16.54->-16.92
[14:03:47]   rollout step 4 task 1/4 gen 4/4 turn 4/15 valid=True db -16.92->-32.73
[14:03:47] trajectory done: step 4 task 1/4 gen 4/4 turns=4 reason=goal_met reward=20.000  [52/960 trajectories overall]
[14:03:58]   rollout step 4 task 2/4 gen 1/4 turn 1/15 valid=True db -20.65->-20.67
[14:04:04]   rollout step 4 task 2/4 gen 1/4 turn 2/15 valid=True db -20.67->-20.68
[14:04:08]   rollout step 4 task 2/4 gen 1/4 turn 3/15 valid=True db -20.68->-34.36
[14:04:08] trajectory done: step 4 task 2/4 gen 1/4 turns=3 reason=goal_met reward=13.707  [53/960 trajectories overall]
[14:04:14]   rollout step 4 task 2/4 gen 2/4 turn 1/15 valid=True db -20.65->-20.67
[14:04:20]   rollout step 4 task 2/4 gen 2/4 turn 2/15 valid=True db -20.67->-20.68
[14:04:29]   rollout step 4 task 2/4 gen 2/4 turn 3/15 valid=True db -20.68->-20.07
[14:04:36]   rollout step 4 task 2/4 gen 2/4 turn 4/15 valid=True db -20.07->-19.52
[14:04:43]   rollout step 4 task 2/4 gen 2/4 turn 5/15 valid=True db -19.52->-19.00
[14:04:43] trajectory done: step 4 task 2/4 gen 2/4 turns=5 reason=patience reward=-0.479  [54/960 trajectories overall]
[14:04:53]   rollout step 4 task 2/4 gen 3/4 turn 1/15 valid=True db -20.65->-20.67
[14:05:01]   rollout step 4 task 2/4 gen 3/4 turn 2/15 valid=True db -20.67->-17.95
[14:05:08]   rollout step 4 task 2/4 gen 3/4 turn 3/15 valid=True db -17.95->-17.53
[14:05:15]   rollout step 4 task 2/4 gen 3/4 turn 4/15 valid=True db -17.53->-17.92
[14:05:25]   rollout step 4 task 2/4 gen 3/4 turn 5/15 valid=True db -17.92->-4.30
[14:05:25] trajectory done: step 4 task 2/4 gen 3/4 turns=5 reason=patience reward=-4.894  [55/960 trajectories overall]
[14:05:32]   rollout step 4 task 2/4 gen 4/4 turn 1/15 valid=True db -20.65->-23.63
[14:05:37]   rollout step 4 task 2/4 gen 4/4 turn 2/15 valid=True db -23.63->-18.67
[14:05:42]   rollout step 4 task 2/4 gen 4/4 turn 3/15 valid=True db -18.67->-21.80
[14:05:51]   rollout step 4 task 2/4 gen 4/4 turn 4/15 valid=True db -21.80->-17.77
[14:05:58]   rollout step 4 task 2/4 gen 4/4 turn 5/15 valid=True db -17.77->-20.23
[14:06:07]   rollout step 4 task 2/4 gen 4/4 turn 6/15 valid=True db -20.23->-6.45
[14:06:07] trajectory done: step 4 task 2/4 gen 4/4 turns=6 reason=patience reward=-2.173  [56/960 trajectories overall]
[14:06:14]   rollout step 4 task 3/4 gen 1/4 turn 1/15 valid=True db -11.64->-42.37
[14:06:14] trajectory done: step 4 task 3/4 gen 1/4 turns=1 reason=goal_met reward=20.000  [57/960 trajectories overall]
[14:06:22]   rollout step 4 task 3/4 gen 2/4 turn 1/15 valid=True db -11.64->-8.34
[14:06:27]   rollout step 4 task 3/4 gen 2/4 turn 2/15 valid=True db -8.34->-11.29
[14:06:35]   rollout step 4 task 3/4 gen 2/4 turn 3/15 valid=True db -11.29->-21.84
[14:06:42]   rollout step 4 task 3/4 gen 2/4 turn 4/15 valid=True db -21.84->-11.59
[14:06:47]   rollout step 4 task 3/4 gen 2/4 turn 5/15 valid=True db -11.59->-20.13
[14:06:53]   rollout step 4 task 3/4 gen 2/4 turn 6/15 valid=True db -20.13->-13.72
[14:06:57]   rollout step 4 task 3/4 gen 2/4 turn 7/15 valid=True db -13.72->-3.14
[14:07:02]   rollout step 4 task 3/4 gen 2/4 turn 8/15 valid=True db -3.14->-12.61
[14:07:02] trajectory done: step 4 task 3/4 gen 2/4 turns=8 reason=patience reward=7.426  [58/960 trajectories overall]
[14:07:11]   rollout step 4 task 3/4 gen 3/4 turn 1/15 valid=True db -11.64->-11.84
[14:07:17]   rollout step 4 task 3/4 gen 3/4 turn 2/15 valid=True db -11.84->-30.77
[14:07:17] trajectory done: step 4 task 3/4 gen 3/4 turns=2 reason=goal_met reward=19.131  [59/960 trajectories overall]
[14:07:25]   rollout step 4 task 3/4 gen 4/4 turn 1/15 valid=True db -11.64->-38.81
[14:07:25] trajectory done: step 4 task 3/4 gen 4/4 turns=1 reason=goal_met reward=20.000  [60/960 trajectories overall]
[14:07:29]   rollout step 4 task 4/4 gen 1/4 turn 1/15 valid=True db -11.35->-14.83
[14:07:36]   rollout step 4 task 4/4 gen 1/4 turn 2/15 valid=True db -14.83->-16.10
[14:07:44]   rollout step 4 task 4/4 gen 1/4 turn 3/15 valid=True db -16.10->-34.34
[14:07:44] trajectory done: step 4 task 4/4 gen 1/4 turns=3 reason=goal_met reward=20.000  [61/960 trajectories overall]
[14:07:53]   rollout step 4 task 4/4 gen 2/4 turn 1/15 valid=True db -11.35->-11.28
[14:07:58]   rollout step 4 task 4/4 gen 2/4 turn 2/15 valid=True db -11.28->-10.91
[14:08:03]   rollout step 4 task 4/4 gen 2/4 turn 3/15 valid=True db -10.91->-11.00
[14:08:10]   rollout step 4 task 4/4 gen 2/4 turn 4/15 valid=True db -11.00->-11.03
[14:08:16]   rollout step 4 task 4/4 gen 2/4 turn 5/15 valid=True db -11.03->-11.00
[14:08:16] trajectory done: step 4 task 4/4 gen 2/4 turns=5 reason=patience reward=-0.105  [62/960 trajectories overall]
[14:08:24]   rollout step 4 task 4/4 gen 3/4 turn 1/15 valid=True db -11.35->-14.83
[14:08:32]   rollout step 4 task 4/4 gen 3/4 turn 2/15 valid=True db -14.83->-38.61
[14:08:32] trajectory done: step 4 task 4/4 gen 3/4 turns=2 reason=goal_met reward=20.000  [63/960 trajectories overall]
[14:08:43]   rollout step 4 task 4/4 gen 4/4 turn 1/15 valid=True db -11.35->-12.21
[14:08:49]   rollout step 4 task 4/4 gen 4/4 turn 2/15 valid=True db -12.21->-15.83
[14:08:56]   rollout step 4 task 4/4 gen 4/4 turn 3/15 valid=True db -15.83->-16.63
[14:09:02]   rollout step 4 task 4/4 gen 4/4 turn 4/15 valid=True db -16.63->-27.53
[14:09:08]   rollout step 4 task 4/4 gen 4/4 turn 5/15 valid=True db -27.53->-27.89
[14:09:14]   rollout step 4 task 4/4 gen 4/4 turn 6/15 valid=True db -27.89->-28.83
[14:09:22]   rollout step 4 task 4/4 gen 4/4 turn 7/15 valid=False db -28.83->-28.83
[14:09:31]   rollout step 4 task 4/4 gen 4/4 turn 8/15 valid=True db -28.83->-29.10
[14:09:37]   rollout step 4 task 4/4 gen 4/4 turn 9/15 valid=True db -29.10->-21.08
[14:09:43]   rollout step 4 task 4/4 gen 4/4 turn 10/15 valid=True db -21.08->-30.28
[14:09:43] trajectory done: step 4 task 4/4 gen 4/4 turns=10 reason=goal_met reward=18.930  [64/960 trajectories overall]
[14:09:43] step_stats={"best_improve_mean": 12.795095706348098, "best_improve_p50": 11.950062260091038, "goal_met_pct": 50.0, "group_best_mean": 18.42665238181486, "max_turns_pct": 0.0, "n_resampled_starts": 0, "n_trajectories": 16, "n_turns": 79, "patience_pct": 43.75, "pos_delta_rate": 0.5189873417721519, "reward_mean": 10.062486435584818, "reward_p25": -0.1983333417397931, "reward_p50": 10.56644323057838, "reward_p75": 20.0, "stop_pct": 6.25, "valid_turn_rate": 0.9620253164556962, "wg_range_mean": 18.007196599884345, "wg_std_mean": 7.1921698957464795, "zero_adv_frac": 0.0}
[14:09:54]   gradient pass 20/79 turns backpropagated
[14:10:04]   gradient pass 40/79 turns backpropagated
[14:10:14]   gradient pass 60/79 turns backpropagated
[14:10:24]   gradient pass 79/79 turns backpropagated
[14:10:24] step 4/60 loss=-4.45821 reward_mean=10.062 reward_std=9.450 turns_mean=4.9 goal_met=8/16 stop=1 patience=7 kl_mean=-0.04295
[14:10:32]   rollout step 5 task 1/4 gen 1/4 turn 1/15 valid=True db -13.58->-8.86
[14:10:36]   rollout step 5 task 1/4 gen 1/4 turn 2/15 valid=True db -8.86->-14.54
[14:10:41]   rollout step 5 task 1/4 gen 1/4 turn 3/15 valid=True db -14.54->-8.43
[14:10:46]   rollout step 5 task 1/4 gen 1/4 turn 4/15 valid=True db -8.43->-13.70
[14:10:51]   rollout step 5 task 1/4 gen 1/4 turn 5/15 valid=True db -13.70->-8.63
[14:10:57]   rollout step 5 task 1/4 gen 1/4 turn 6/15 valid=True db -8.63->-13.07
[14:11:06]   rollout step 5 task 1/4 gen 1/4 turn 7/15 valid=True db -13.07->-8.82
[14:11:06] trajectory done: step 5 task 1/4 gen 1/4 turns=7 reason=patience reward=-0.757  [65/960 trajectories overall]
[14:11:15]   rollout step 5 task 1/4 gen 2/4 turn 1/15 valid=True db -13.58->-14.56
[14:11:21]   rollout step 5 task 1/4 gen 2/4 turn 2/15 valid=True db -14.56->-7.53
[14:11:29]   rollout step 5 task 1/4 gen 2/4 turn 3/15 valid=True db -7.53->-14.26
[14:11:42]   rollout step 5 task 1/4 gen 2/4 turn 4/15 valid=True db -14.26->-15.23
[14:11:50]   rollout step 5 task 1/4 gen 2/4 turn 5/15 valid=True db -15.23->-1.67
[14:11:57]   rollout step 5 task 1/4 gen 2/4 turn 6/15 valid=True db -1.67->-14.04
[14:12:03]   rollout step 5 task 1/4 gen 2/4 turn 7/15 valid=True db -14.04->-17.41
[14:12:09]   rollout step 5 task 1/4 gen 2/4 turn 8/15 valid=True db -17.41->-15.61
[14:12:14]   rollout step 5 task 1/4 gen 2/4 turn 9/15 valid=True db -15.61->-18.41
[14:12:19]   rollout step 5 task 1/4 gen 2/4 turn 10/15 valid=True db -18.41->-17.16
[14:12:25]   rollout step 5 task 1/4 gen 2/4 turn 11/15 valid=True db -17.16->-5.07
[14:12:29]   rollout step 5 task 1/4 gen 2/4 turn 12/15 valid=True db -5.07->-15.81
[14:12:33]   rollout step 5 task 1/4 gen 2/4 turn 13/15 valid=True db -15.81->-23.38
[14:12:39]   rollout step 5 task 1/4 gen 2/4 turn 14/15 valid=True db -23.38->-16.97
[14:12:44]   rollout step 5 task 1/4 gen 2/4 turn 15/15 valid=True db -16.97->-25.01
[14:12:44] trajectory done: step 5 task 1/4 gen 2/4 turns=15 reason=max_turns reward=11.431  [66/960 trajectories overall]
[14:12:59]   rollout step 5 task 1/4 gen 3/4 turn 1/15 valid=True db -13.58->-13.96
[14:13:08]   rollout step 5 task 1/4 gen 3/4 turn 2/15 valid=True db -13.96->-13.61
[14:13:13]   rollout step 5 task 1/4 gen 3/4 turn 3/15 valid=True db -13.61->-13.94
[14:13:18]   rollout step 5 task 1/4 gen 3/4 turn 4/15 valid=True db -13.94->-14.26
[14:13:26]   rollout step 5 task 1/4 gen 3/4 turn 5/15 valid=True db -14.26->-13.96
[14:13:31]   rollout step 5 task 1/4 gen 3/4 turn 6/15 valid=True db -13.96->-13.69
[14:13:35]   rollout step 5 task 1/4 gen 3/4 turn 7/15 valid=True db -13.69->-13.94
[14:13:41]   rollout step 5 task 1/4 gen 3/4 turn 8/15 valid=True db -13.94->-13.65
[14:13:47]   rollout step 5 task 1/4 gen 3/4 turn 9/15 valid=True db -13.65->-13.92
[14:13:47] trajectory done: step 5 task 1/4 gen 3/4 turns=9 reason=patience reward=0.577  [67/960 trajectories overall]
[14:13:55]   rollout step 5 task 1/4 gen 4/4 turn 1/15 valid=True db -13.58->-13.24
[14:14:01]   rollout step 5 task 1/4 gen 4/4 turn 2/15 valid=True db -13.24->-12.96
[14:14:07]   rollout step 5 task 1/4 gen 4/4 turn 3/15 valid=True db -12.96->-12.74
[14:14:14]   rollout step 5 task 1/4 gen 4/4 turn 4/15 valid=True db -12.74->-12.66
[14:14:20]   rollout step 5 task 1/4 gen 4/4 turn 5/15 valid=True db -12.66->-12.83
[14:14:20] trajectory done: step 5 task 1/4 gen 4/4 turns=5 reason=patience reward=-0.227  [68/960 trajectories overall]
[14:14:26]   rollout step 5 task 2/4 gen 1/4 turn 1/15 valid=True db -12.33->-17.46
[14:14:32]   rollout step 5 task 2/4 gen 1/4 turn 2/15 valid=True db -17.46->-3.22
[14:14:37]   rollout step 5 task 2/4 gen 1/4 turn 3/15 valid=True db -3.22->-50.31
[14:14:37] trajectory done: step 5 task 2/4 gen 1/4 turns=3 reason=goal_met reward=20.000  [69/960 trajectories overall]
[14:14:44]   rollout step 5 task 2/4 gen 2/4 turn 1/15 valid=True db -12.33->-12.57
[14:14:53]   rollout step 5 task 2/4 gen 2/4 turn 2/15 valid=True db -12.57->-12.78
[14:14:59]   rollout step 5 task 2/4 gen 2/4 turn 3/15 valid=True db -12.78->-11.76
[14:15:05]   rollout step 5 task 2/4 gen 2/4 turn 4/15 valid=True db -11.76->-13.55
[14:15:15]   rollout step 5 task 2/4 gen 2/4 turn 5/15 valid=True db -13.55->-13.50
[14:15:21]   rollout step 5 task 2/4 gen 2/4 turn 6/15 valid=False db -13.50->-13.50
[14:15:28]   rollout step 5 task 2/4 gen 2/4 turn 7/15 valid=True db -13.50->-13.48
[14:15:34]   rollout step 5 task 2/4 gen 2/4 turn 8/15 valid=True db -13.48->-18.99
[14:15:39]   rollout step 5 task 2/4 gen 2/4 turn 9/15 valid=True db -18.99->-19.26
[14:15:44]   rollout step 5 task 2/4 gen 2/4 turn 10/15 valid=True db -19.26->-18.24
[14:15:49]   rollout step 5 task 2/4 gen 2/4 turn 11/15 valid=True db -18.24->-13.65
[14:15:54]   rollout step 5 task 2/4 gen 2/4 turn 12/15 valid=True db -13.65->-12.88
[14:16:00]   rollout step 5 task 2/4 gen 2/4 turn 13/15 valid=True db -12.88->-9.32
[14:16:04]   rollout step 5 task 2/4 gen 2/4 turn 14/15 valid=True db -9.32->-8.05
[14:16:04] trajectory done: step 5 task 2/4 gen 2/4 turns=14 reason=patience reward=3.574  [70/960 trajectories overall]
[14:16:11]   rollout step 5 task 2/4 gen 3/4 turn 1/15 valid=True db -12.33->-12.57
[14:16:22]   rollout step 5 task 2/4 gen 3/4 turn 2/15 valid=True db -12.57->-12.78
[14:16:28]   rollout step 5 task 2/4 gen 3/4 turn 3/15 valid=False db -12.78->-12.78
[14:16:38]   rollout step 5 task 2/4 gen 3/4 turn 4/15 valid=True db -12.78->-8.64
[14:16:43]   rollout step 5 task 2/4 gen 3/4 turn 5/15 valid=True db -8.64->-8.64
[14:16:43] trajectory done: step 5 task 2/4 gen 3/4 turns=5 reason=stop reward=0.212  [71/960 trajectories overall]
[14:16:51]   rollout step 5 task 2/4 gen 4/4 turn 1/15 valid=True db -12.33->-20.58
[14:16:57]   rollout step 5 task 2/4 gen 4/4 turn 2/15 valid=True db -20.58->-13.02
[14:17:02]   rollout step 5 task 2/4 gen 4/4 turn 3/15 valid=True db -13.02->-19.94
[14:17:11]   rollout step 5 task 2/4 gen 4/4 turn 4/15 valid=True db -19.94->-17.21
[14:17:17]   rollout step 5 task 2/4 gen 4/4 turn 5/15 valid=True db -17.21->-19.37
[14:17:27]   rollout step 5 task 2/4 gen 4/4 turn 6/15 valid=True db -19.37->-19.21
[14:17:27] trajectory done: step 5 task 2/4 gen 4/4 turns=6 reason=patience reward=7.841  [72/960 trajectories overall]
[14:17:27]   resampled start task 3/4 times=1 seed 5260->5261 initial_db=-12.32
[14:17:33]   rollout step 5 task 3/4 gen 1/4 turn 1/15 valid=False db -12.32->-12.32
[14:17:40]   rollout step 5 task 3/4 gen 1/4 turn 2/15 valid=True db -12.32->-12.84
[14:17:45]   rollout step 5 task 3/4 gen 1/4 turn 3/15 valid=True db -12.84->-12.36
[14:17:49]   rollout step 5 task 3/4 gen 1/4 turn 4/15 valid=True db -12.36->-11.93
[14:17:54]   rollout step 5 task 3/4 gen 1/4 turn 5/15 valid=True db -11.93->-12.33
[14:18:00]   rollout step 5 task 3/4 gen 1/4 turn 6/15 valid=True db -12.33->-11.96
[14:18:04]   rollout step 5 task 3/4 gen 1/4 turn 7/15 valid=True db -11.96->-11.64
[14:18:04] trajectory done: step 5 task 3/4 gen 1/4 turns=7 reason=patience reward=0.154  [73/960 trajectories overall]
[14:18:13]   rollout step 5 task 3/4 gen 2/4 turn 1/15 valid=True db -12.32->-45.75
[14:18:13] trajectory done: step 5 task 3/4 gen 2/4 turns=1 reason=goal_met reward=20.000  [74/960 trajectories overall]
[14:18:23]   rollout step 5 task 3/4 gen 3/4 turn 1/15 valid=True db -12.32->-24.87
[14:18:31]   rollout step 5 task 3/4 gen 3/4 turn 2/15 valid=True db -24.87->-18.21
[14:18:38]   rollout step 5 task 3/4 gen 3/4 turn 3/15 valid=True db -18.21->-26.22
[14:18:47]   rollout step 5 task 3/4 gen 3/4 turn 4/15 valid=True db -26.22->-17.80
[14:18:52]   rollout step 5 task 3/4 gen 3/4 turn 5/15 valid=True db -17.80->-25.03
[14:19:00]   rollout step 5 task 3/4 gen 3/4 turn 6/15 valid=True db -25.03->-17.68
[14:19:05]   rollout step 5 task 3/4 gen 3/4 turn 7/15 valid=True db -17.68->-23.74
[14:19:10]   rollout step 5 task 3/4 gen 3/4 turn 8/15 valid=True db -23.74->-29.54
[14:19:16]   rollout step 5 task 3/4 gen 3/4 turn 9/15 valid=True db -29.54->-14.14
[14:19:20]   rollout step 5 task 3/4 gen 3/4 turn 10/15 valid=True db -14.14->-27.57
[14:19:26]   rollout step 5 task 3/4 gen 3/4 turn 11/15 valid=True db -27.57->-14.79
[14:19:30]   rollout step 5 task 3/4 gen 3/4 turn 12/15 valid=True db -14.79->-7.80
[14:19:36]   rollout step 5 task 3/4 gen 3/4 turn 13/15 valid=True db -7.80->-14.23
[14:19:36] trajectory done: step 5 task 3/4 gen 3/4 turns=13 reason=patience reward=12.627  [75/960 trajectories overall]
[14:19:50]   rollout step 5 task 3/4 gen 4/4 turn 1/15 valid=True db -12.32->-12.27
[14:19:59]   rollout step 5 task 3/4 gen 4/4 turn 2/15 valid=True db -12.27->-10.51
[14:20:04]   rollout step 5 task 3/4 gen 4/4 turn 3/15 valid=True db -10.51->-10.99
[14:20:11]   rollout step 5 task 3/4 gen 4/4 turn 4/15 valid=True db -10.99->-11.44
[14:20:17]   rollout step 5 task 3/4 gen 4/4 turn 5/15 valid=True db -11.44->-10.28
[14:20:17] trajectory done: step 5 task 3/4 gen 4/4 turns=5 reason=patience reward=-0.613  [76/960 trajectories overall]
[14:20:26]   rollout step 5 task 4/4 gen 1/4 turn 1/15 valid=True db -22.69->-8.97
[14:20:36]   rollout step 5 task 4/4 gen 1/4 turn 2/15 valid=True db -8.97->-9.40
[14:20:43]   rollout step 5 task 4/4 gen 1/4 turn 3/15 valid=True db -9.40->-1.23
[14:20:49]   rollout step 5 task 4/4 gen 1/4 turn 4/15 valid=True db -1.23->-12.69
[14:20:56]   rollout step 5 task 4/4 gen 1/4 turn 5/15 valid=True db -12.69->-1.64
[14:20:56] trajectory done: step 5 task 4/4 gen 1/4 turns=5 reason=patience reward=-6.000  [77/960 trajectories overall]
[14:21:02]   rollout step 5 task 4/4 gen 2/4 turn 1/15 valid=True db -22.69->-12.60
[14:21:10]   rollout step 5 task 4/4 gen 2/4 turn 2/15 valid=True db -12.60->-9.85
[14:21:20]   rollout step 5 task 4/4 gen 2/4 turn 3/15 valid=True db -9.85->-9.51
[14:21:28]   rollout step 5 task 4/4 gen 2/4 turn 4/15 valid=True db -9.51->-9.87
[14:21:36]   rollout step 5 task 4/4 gen 2/4 turn 5/15 valid=True db -9.87->-12.10
[14:21:36] trajectory done: step 5 task 4/4 gen 2/4 turns=5 reason=patience reward=-3.177  [78/960 trajectories overall]
[14:21:44]   rollout step 5 task 4/4 gen 3/4 turn 1/15 valid=True db -22.69->-13.19
[14:21:53]   rollout step 5 task 4/4 gen 3/4 turn 2/15 valid=True db -13.19->-10.00
[14:22:01]   rollout step 5 task 4/4 gen 3/4 turn 3/15 valid=True db -10.00->-9.52
[14:22:07]   rollout step 5 task 4/4 gen 3/4 turn 4/15 valid=True db -9.52->-9.97
[14:22:14]   rollout step 5 task 4/4 gen 3/4 turn 5/15 valid=True db -9.97->-10.37
[14:22:14] trajectory done: step 5 task 4/4 gen 3/4 turns=5 reason=patience reward=-3.697  [79/960 trajectories overall]
[14:22:23]   rollout step 5 task 4/4 gen 4/4 turn 1/15 valid=True db -22.69->-21.45
[14:22:29]   rollout step 5 task 4/4 gen 4/4 turn 2/15 valid=True db -21.45->-20.84
[14:22:36]   rollout step 5 task 4/4 gen 4/4 turn 3/15 valid=True db -20.84->-17.43
[14:22:43]   rollout step 5 task 4/4 gen 4/4 turn 4/15 valid=True db -17.43->-17.11
[14:22:53]   rollout step 5 task 4/4 gen 4/4 turn 5/15 valid=True db -17.11->-14.56
[14:22:53] trajectory done: step 5 task 4/4 gen 4/4 turns=5 reason=patience reward=-2.441  [80/960 trajectories overall]
[14:22:53] step_stats={"best_improve_mean": 7.365893410457371, "best_improve_p50": 0.5964739055509973, "goal_met_pct": 12.5, "group_best_mean": 12.247595133798638, "max_turns_pct": 6.25, "n_resampled_starts": 1, "n_trajectories": 16, "n_turns": 110, "patience_pct": 75.0, "pos_delta_rate": 0.43636363636363634, "reward_mean": 3.719044917239894, "reward_p25": -1.1776252456372296, "reward_p50": 0.18311163744433046, "reward_p75": 8.738277453780272, "stop_pct": 6.25, "valid_turn_rate": 0.9727272727272728, "wg_range_mean": 14.037017805104833, "wg_std_mean": 5.63141706072553, "zero_adv_frac": 0.0}
[14:23:04]   gradient pass 20/110 turns backpropagated
[14:23:15]   gradient pass 40/110 turns backpropagated
[14:23:26]   gradient pass 60/110 turns backpropagated
[14:23:36]   gradient pass 80/110 turns backpropagated
[14:23:47]   gradient pass 100/110 turns backpropagated
[14:23:52]   gradient pass 110/110 turns backpropagated
[14:23:52] step 5/60 loss=-0.40095 reward_mean=3.719 reward_std=7.946 turns_mean=6.9 goal_met=2/16 stop=1 patience=12 kl_mean=0.23832
[14:23:53] saved checkpoint to outputs/2026-09-10-from-ckpt60-4x4x60/checkpoint-5
[14:23:54]   resampled start task 1/4 times=1 seed 5263->5264 initial_db=-17.22
[14:24:02]   rollout step 6 task 1/4 gen 1/4 turn 1/15 valid=True db -17.22->-17.70
[14:24:08]   rollout step 6 task 1/4 gen 1/4 turn 2/15 valid=True db -17.70->-10.75
[14:24:13]   rollout step 6 task 1/4 gen 1/4 turn 3/15 valid=True db -10.75->-10.05
[14:24:20]   rollout step 6 task 1/4 gen 1/4 turn 4/15 valid=True db -10.05->-10.70
[14:24:29]   rollout step 6 task 1/4 gen 1/4 turn 5/15 valid=True db -10.70->-14.66
[14:24:36]   rollout step 6 task 1/4 gen 1/4 turn 6/15 valid=True db -14.66->-15.15
[14:24:36] trajectory done: step 6 task 1/4 gen 1/4 turns=6 reason=patience reward=-0.279  [81/960 trajectories overall]
[14:24:43]   rollout step 6 task 1/4 gen 2/4 turn 1/15 valid=True db -17.22->-14.14
[14:24:49]   rollout step 6 task 1/4 gen 2/4 turn 2/15 valid=True db -14.14->-19.74
[14:25:03]   rollout step 6 task 1/4 gen 2/4 turn 3/15 valid=True db -19.74->-2.80
[14:25:13]   rollout step 6 task 1/4 gen 2/4 turn 4/15 valid=True db -2.80->-1.09
[14:25:19]   rollout step 6 task 1/4 gen 2/4 turn 5/15 valid=True db -1.09->-11.54
[14:25:28]   rollout step 6 task 1/4 gen 2/4 turn 6/15 valid=True db -11.54->-10.13
[14:25:34]   rollout step 6 task 1/4 gen 2/4 turn 7/15 valid=True db -10.13->-36.78
[14:25:34] trajectory done: step 6 task 1/4 gen 2/4 turns=7 reason=goal_met reward=19.560  [82/960 trajectories overall]
[14:25:43]   rollout step 6 task 1/4 gen 3/4 turn 1/15 valid=True db -17.22->-17.70
[14:25:49]   rollout step 6 task 1/4 gen 3/4 turn 2/15 valid=True db -17.70->-10.75
[14:25:54]   rollout step 6 task 1/4 gen 3/4 turn 3/15 valid=True db -10.75->-17.80
[14:26:00]   rollout step 6 task 1/4 gen 3/4 turn 4/15 valid=True db -17.80->-20.27
[14:26:09]   rollout step 6 task 1/4 gen 3/4 turn 5/15 valid=True db -20.27->-18.58
[14:26:16]   rollout step 6 task 1/4 gen 3/4 turn 6/15 valid=True db -18.58->-18.45
[14:26:24]   rollout step 6 task 1/4 gen 3/4 turn 7/15 valid=True db -18.45->-18.69
[14:26:30]   rollout step 6 task 1/4 gen 3/4 turn 8/15 valid=True db -18.69->-4.90
[14:26:36]   rollout step 6 task 1/4 gen 3/4 turn 9/15 valid=True db -4.90->-5.01
[14:26:36] trajectory done: step 6 task 1/4 gen 3/4 turns=9 reason=patience reward=-1.527  [83/960 trajectories overall]
[14:26:44]   rollout step 6 task 1/4 gen 4/4 turn 1/15 valid=True db -17.22->-13.80
[14:26:50]   rollout step 6 task 1/4 gen 4/4 turn 2/15 valid=True db -13.80->-19.55
[14:26:58]   rollout step 6 task 1/4 gen 4/4 turn 3/15 valid=True db -19.55->-2.25
[14:27:02]   rollout step 6 task 1/4 gen 4/4 turn 4/15 valid=True db -2.25->-17.40
[14:27:09]   rollout step 6 task 1/4 gen 4/4 turn 5/15 valid=True db -17.40->-2.84
[14:27:18]   rollout step 6 task 1/4 gen 4/4 turn 6/15 valid=True db -2.84->-15.79
[14:27:24]   rollout step 6 task 1/4 gen 4/4 turn 7/15 valid=True db -15.79->-22.20
[14:27:29]   rollout step 6 task 1/4 gen 4/4 turn 8/15 valid=True db -22.20->-48.35
[14:27:29] trajectory done: step 6 task 1/4 gen 4/4 turns=8 reason=goal_met reward=20.000  [84/960 trajectories overall]
[14:27:37]   rollout step 6 task 2/4 gen 1/4 turn 1/15 valid=True db -10.44->-7.05
[14:27:45]   rollout step 6 task 2/4 gen 1/4 turn 2/15 valid=True db -7.05->-4.92
[14:27:51]   rollout step 6 task 2/4 gen 1/4 turn 3/15 valid=True db -4.92->-6.91
[14:28:00]   rollout step 6 task 2/4 gen 1/4 turn 4/15 valid=True db -6.91->-7.35
[14:28:08]   rollout step 6 task 2/4 gen 1/4 turn 5/15 valid=True db -7.35->-9.02
[14:28:08] trajectory done: step 6 task 2/4 gen 1/4 turns=5 reason=patience reward=-0.426  [85/960 trajectories overall]
[14:28:14]   rollout step 6 task 2/4 gen 2/4 turn 1/15 valid=True db -10.44->-6.13
[14:28:19]   rollout step 6 task 2/4 gen 2/4 turn 2/15 valid=True db -6.13->-9.40
[14:28:27]   rollout step 6 task 2/4 gen 2/4 turn 3/15 valid=True db -9.40->-6.28
[14:28:33]   rollout step 6 task 2/4 gen 2/4 turn 4/15 valid=True db -6.28->-9.06
[14:28:40]   rollout step 6 task 2/4 gen 2/4 turn 5/15 valid=True db -9.06->-18.42
[14:28:50]   rollout step 6 task 2/4 gen 2/4 turn 6/15 valid=True db -18.42->-9.77
[14:28:55]   rollout step 6 task 2/4 gen 2/4 turn 7/15 valid=True db -9.77->-17.60
[14:29:01]   rollout step 6 task 2/4 gen 2/4 turn 8/15 valid=True db -17.60->-13.57
[14:29:06]   rollout step 6 task 2/4 gen 2/4 turn 9/15 valid=True db -13.57->-3.29
[14:29:12]   rollout step 6 task 2/4 gen 2/4 turn 10/15 valid=True db -3.29->-12.39
[14:29:12] trajectory done: step 6 task 2/4 gen 2/4 turns=10 reason=patience reward=6.171  [86/960 trajectories overall]
[14:29:19]   rollout step 6 task 2/4 gen 3/4 turn 1/15 valid=True db -10.44->-9.45
[14:29:27]   rollout step 6 task 2/4 gen 3/4 turn 2/15 valid=True db -9.45->-11.08
[14:29:38]   rollout step 6 task 2/4 gen 3/4 turn 3/15 valid=True db -11.08->-33.14
[14:29:38] trajectory done: step 6 task 2/4 gen 3/4 turns=3 reason=goal_met reward=20.000  [87/960 trajectories overall]
[14:29:45]   rollout step 6 task 2/4 gen 4/4 turn 1/15 valid=True db -10.44->-9.75
[14:29:49]   rollout step 6 task 2/4 gen 4/4 turn 2/15 valid=True db -9.75->-26.28
[14:29:53]   rollout step 6 task 2/4 gen 4/4 turn 3/15 valid=True db -26.28->-2.82
[14:29:59]   rollout step 6 task 2/4 gen 4/4 turn 4/15 valid=True db -2.82->-4.39
[14:30:06]   rollout step 6 task 2/4 gen 4/4 turn 5/15 valid=True db -4.39->-4.36
[14:30:11]   rollout step 6 task 2/4 gen 4/4 turn 6/15 valid=True db -4.36->-0.93
[14:30:16]   rollout step 6 task 2/4 gen 4/4 turn 7/15 valid=True db -0.93->-0.96
[14:30:16] trajectory done: step 6 task 2/4 gen 4/4 turns=7 reason=patience reward=8.241  [88/960 trajectories overall]
[14:30:17]   resampled start task 3/4 times=1 seed 5266->5267 initial_db=-11.97
[14:30:23]   rollout step 6 task 3/4 gen 1/4 turn 1/15 valid=True db -11.97->-3.65
[14:30:31]   rollout step 6 task 3/4 gen 1/4 turn 2/15 valid=True db -3.65->-6.28
[14:30:41]   rollout step 6 task 3/4 gen 1/4 turn 3/15 valid=True db -6.28->-3.79
[14:30:48]   rollout step 6 task 3/4 gen 1/4 turn 4/15 valid=True db -3.79->-5.85
[14:30:56]   rollout step 6 task 3/4 gen 1/4 turn 5/15 valid=True db -5.85->-0.69
[14:30:56] trajectory done: step 6 task 3/4 gen 1/4 turns=5 reason=patience reward=-3.382  [89/960 trajectories overall]
[14:31:04]   rollout step 6 task 3/4 gen 2/4 turn 1/15 valid=True db -11.97->-12.35
[14:31:09]   rollout step 6 task 3/4 gen 2/4 turn 2/15 valid=True db -12.35->-8.66
[14:31:14]   rollout step 6 task 3/4 gen 2/4 turn 3/15 valid=True db -8.66->-13.27
[14:31:21]   rollout step 6 task 3/4 gen 2/4 turn 4/15 valid=True db -13.27->-13.59
[14:31:27]   rollout step 6 task 3/4 gen 2/4 turn 5/15 valid=True db -13.59->-13.90
[14:31:34]   rollout step 6 task 3/4 gen 2/4 turn 6/15 valid=True db -13.90->-13.80
[14:31:38]   rollout step 6 task 3/4 gen 2/4 turn 7/15 valid=True db -13.80->-8.42
[14:31:45]   rollout step 6 task 3/4 gen 2/4 turn 8/15 valid=True db -8.42->-13.12
[14:31:52]   rollout step 6 task 3/4 gen 2/4 turn 9/15 valid=True db -13.12->-13.30
[14:31:58]   rollout step 6 task 3/4 gen 2/4 turn 10/15 valid=True db -13.30->-29.52
[14:32:03]   rollout step 6 task 3/4 gen 2/4 turn 11/15 valid=True db -29.52->-7.13
[14:32:08]   rollout step 6 task 3/4 gen 2/4 turn 12/15 valid=True db -7.13->-7.39
[14:32:14]   rollout step 6 task 3/4 gen 2/4 turn 13/15 valid=True db -7.39->-7.91
[14:32:26]   rollout step 6 task 3/4 gen 2/4 turn 14/15 valid=True db -7.91->-7.98
[14:32:36]   rollout step 6 task 3/4 gen 2/4 turn 15/15 valid=True db -7.98->-7.91
[14:32:36] trajectory done: step 6 task 3/4 gen 2/4 turns=15 reason=patience reward=11.072  [90/960 trajectories overall]
[14:32:45]   rollout step 6 task 3/4 gen 3/4 turn 1/15 valid=True db -11.97->-7.85
[14:32:51]   rollout step 6 task 3/4 gen 3/4 turn 2/15 valid=True db -7.85->-9.31
[14:32:59]   rollout step 6 task 3/4 gen 3/4 turn 3/15 valid=True db -9.31->-5.32
[14:33:06]   rollout step 6 task 3/4 gen 3/4 turn 4/15 valid=True db -5.32->-6.68
[14:33:11]   rollout step 6 task 3/4 gen 3/4 turn 5/15 valid=True db -6.68->-8.05
[14:33:11] trajectory done: step 6 task 3/4 gen 3/4 turns=5 reason=patience reward=-1.175  [91/960 trajectories overall]
[14:33:19]   rollout step 6 task 3/4 gen 4/4 turn 1/15 valid=True db -11.97->-7.50
[14:33:24]   rollout step 6 task 3/4 gen 4/4 turn 2/15 valid=True db -7.50->-0.57
[14:33:29]   rollout step 6 task 3/4 gen 4/4 turn 3/15 valid=True db -0.57->-14.06
[14:33:42]   rollout step 6 task 3/4 gen 4/4 turn 4/15 valid=True db -14.06->-13.48
[14:33:47]   rollout step 6 task 3/4 gen 4/4 turn 5/15 valid=True db -13.48->-17.29
[14:33:54]   rollout step 6 task 3/4 gen 4/4 turn 6/15 valid=True db -17.29->-22.27
[14:33:59]   rollout step 6 task 3/4 gen 4/4 turn 7/15 valid=True db -22.27->-4.71
[14:34:04]   rollout step 6 task 3/4 gen 4/4 turn 8/15 valid=True db -4.71->-20.09
[14:34:10]   rollout step 6 task 3/4 gen 4/4 turn 9/15 valid=True db -20.09->-5.42
[14:34:19]   rollout step 6 task 3/4 gen 4/4 turn 10/15 valid=True db -5.42->-18.46
[14:34:27]   rollout step 6 task 3/4 gen 4/4 turn 11/15 valid=True db -18.46->-7.10
[14:34:27] trajectory done: step 6 task 3/4 gen 4/4 turns=11 reason=patience reward=5.753  [92/960 trajectories overall]
[14:34:35]   rollout step 6 task 4/4 gen 1/4 turn 1/15 valid=True db -13.35->-12.69
[14:34:41]   rollout step 6 task 4/4 gen 1/4 turn 2/15 valid=True db -12.69->-26.76
[14:34:50]   rollout step 6 task 4/4 gen 1/4 turn 3/15 valid=True db -26.76->-10.48
[14:34:57]   rollout step 6 task 4/4 gen 1/4 turn 4/15 valid=True db -10.48->-10.70
[14:35:07]   rollout step 6 task 4/4 gen 1/4 turn 5/15 valid=True db -10.70->-2.46
[14:35:13]   rollout step 6 task 4/4 gen 1/4 turn 6/15 valid=True db -2.46->-2.64
[14:35:19]   rollout step 6 task 4/4 gen 1/4 turn 7/15 valid=True db -2.64->-1.55
[14:35:19] trajectory done: step 6 task 4/4 gen 1/4 turns=7 reason=patience reward=5.845  [93/960 trajectories overall]
[14:35:26]   rollout step 6 task 4/4 gen 2/4 turn 1/15 valid=True db -13.35->-13.57
[14:35:33]   rollout step 6 task 4/4 gen 2/4 turn 2/15 valid=True db -13.57->-26.47
[14:35:41]   rollout step 6 task 4/4 gen 2/4 turn 3/15 valid=True db -26.47->-10.55
[14:35:45]   rollout step 6 task 4/4 gen 2/4 turn 4/15 valid=True db -10.55->-30.10
[14:35:45] trajectory done: step 6 task 4/4 gen 2/4 turns=4 reason=goal_met reward=16.746  [94/960 trajectories overall]
[14:35:53]   rollout step 6 task 4/4 gen 3/4 turn 1/15 valid=True db -13.35->-14.85
[14:36:00]   rollout step 6 task 4/4 gen 3/4 turn 2/15 valid=True db -14.85->-28.17
[14:36:06]   rollout step 6 task 4/4 gen 3/4 turn 3/15 valid=True db -28.17->-62.11
[14:36:06] trajectory done: step 6 task 4/4 gen 3/4 turns=3 reason=goal_met reward=20.000  [95/960 trajectories overall]
[14:36:14]   rollout step 6 task 4/4 gen 4/4 turn 1/15 valid=True db -13.35->-18.05
[14:36:20]   rollout step 6 task 4/4 gen 4/4 turn 2/15 valid=True db -18.05->-26.19
[14:36:27]   rollout step 6 task 4/4 gen 4/4 turn 3/15 valid=True db -26.19->-19.57
[14:36:32]   rollout step 6 task 4/4 gen 4/4 turn 4/15 valid=True db -19.57->-19.33
[14:36:40]   rollout step 6 task 4/4 gen 4/4 turn 5/15 valid=True db -19.33->-33.28
[14:36:40] trajectory done: step 6 task 4/4 gen 4/4 turns=5 reason=goal_met reward=19.927  [96/960 trajectories overall]
[14:36:40] step_stats={"best_improve_mean": 14.215746641990455, "best_improve_p50": 14.622612283660656, "goal_met_pct": 37.5, "group_best_mean": 17.76798308918816, "max_turns_pct": 0.0, "n_resampled_starts": 2, "n_trajectories": 16, "n_turns": 110, "patience_pct": 62.5, "pos_delta_rate": 0.5545454545454546, "reward_mean": 9.15785431410774, "reward_p25": -0.31592205192296546, "reward_p50": 7.206141105680205, "reward_p75": 19.6516047311186, "stop_pct": 0.0, "valid_turn_rate": 1.0, "wg_range_mean": 17.64035562374081, "wg_std_mean": 7.311068086454453, "zero_adv_frac": 0.0}
[14:36:50]   gradient pass 20/110 turns backpropagated
[14:37:00]   gradient pass 40/110 turns backpropagated
[14:37:11]   gradient pass 60/110 turns backpropagated
[14:37:22]   gradient pass 80/110 turns backpropagated
[14:37:33]   gradient pass 100/110 turns backpropagated
[14:37:37]   gradient pass 110/110 turns backpropagated
[14:37:38] step 6/60 loss=0.83568 reward_mean=9.158 reward_std=8.766 turns_mean=6.9 goal_met=6/16 stop=0 patience=10 kl_mean=0.11100
[14:37:47]   rollout step 7 task 1/4 gen 1/4 turn 1/15 valid=True db -13.21->-14.37
[14:37:52]   rollout step 7 task 1/4 gen 1/4 turn 2/15 valid=True db -14.37->-44.55
[14:37:52] trajectory done: step 7 task 1/4 gen 1/4 turns=2 reason=goal_met reward=20.000  [97/960 trajectories overall]
[14:37:58]   rollout step 7 task 1/4 gen 2/4 turn 1/15 valid=True db -13.21->-17.67
[14:38:04]   rollout step 7 task 1/4 gen 2/4 turn 2/15 valid=True db -17.67->-11.38
[14:38:10]   rollout step 7 task 1/4 gen 2/4 turn 3/15 valid=True db -11.38->-36.58
[14:38:10] trajectory done: step 7 task 1/4 gen 2/4 turns=3 reason=goal_met reward=20.000  [98/960 trajectories overall]
[14:38:16]   rollout step 7 task 1/4 gen 3/4 turn 1/15 valid=True db -13.21->-14.37
[14:38:24]   rollout step 7 task 1/4 gen 3/4 turn 2/15 valid=True db -14.37->-61.54
[14:38:24] trajectory done: step 7 task 1/4 gen 3/4 turns=2 reason=goal_met reward=20.000  [99/960 trajectories overall]
[14:38:35]   rollout step 7 task 1/4 gen 4/4 turn 1/15 valid=True db -13.21->-13.29
[14:38:42]   rollout step 7 task 1/4 gen 4/4 turn 2/15 valid=True db -13.29->-8.99
[14:38:51]   rollout step 7 task 1/4 gen 4/4 turn 3/15 valid=True db -8.99->-12.98
[14:39:00]   rollout step 7 task 1/4 gen 4/4 turn 4/15 valid=True db -12.98->-9.28
[14:39:04]   rollout step 7 task 1/4 gen 4/4 turn 5/15 valid=True db -9.28->-12.72
[14:39:04] trajectory done: step 7 task 1/4 gen 4/4 turns=5 reason=patience reward=-0.093  [100/960 trajectories overall]
[14:39:13]   rollout step 7 task 2/4 gen 1/4 turn 1/15 valid=True db -18.10->-26.54
[14:39:21]   rollout step 7 task 2/4 gen 1/4 turn 2/15 valid=True db -26.54->-14.92
[14:39:27]   rollout step 7 task 2/4 gen 1/4 turn 3/15 valid=True db -14.92->-19.42
[14:39:34]   rollout step 7 task 2/4 gen 1/4 turn 4/15 valid=True db -19.42->-15.75
[14:39:39]   rollout step 7 task 2/4 gen 1/4 turn 5/15 valid=True db -15.75->-19.60
[14:39:45]   rollout step 7 task 2/4 gen 1/4 turn 6/15 valid=True db -19.60->-6.16
[14:39:45] trajectory done: step 7 task 2/4 gen 1/4 turns=6 reason=patience reward=2.321  [101/960 trajectories overall]
[14:39:50]   rollout step 7 task 2/4 gen 2/4 turn 1/15 valid=True db -18.10->-19.56
[14:39:56]   rollout step 7 task 2/4 gen 2/4 turn 2/15 valid=True db -19.56->-20.22
[14:40:02]   rollout step 7 task 2/4 gen 2/4 turn 3/15 valid=True db -20.22->-23.72
[14:40:09]   rollout step 7 task 2/4 gen 2/4 turn 4/15 valid=True db -23.72->-23.11
[14:40:15]   rollout step 7 task 2/4 gen 2/4 turn 5/15 valid=True db -23.11->-22.88
[14:40:20]   rollout step 7 task 2/4 gen 2/4 turn 6/15 valid=True db -22.88->-23.01
[14:40:26]   rollout step 7 task 2/4 gen 2/4 turn 7/15 valid=True db -23.01->-23.35
[14:40:33]   rollout step 7 task 2/4 gen 2/4 turn 8/15 valid=True db -23.35->-23.66
[14:40:33] trajectory done: step 7 task 2/4 gen 2/4 turns=8 reason=patience reward=5.596  [102/960 trajectories overall]
[14:40:41]   rollout step 7 task 2/4 gen 3/4 turn 1/15 valid=True db -18.10->-18.05
[14:40:48]   rollout step 7 task 2/4 gen 3/4 turn 2/15 valid=True db -18.05->-17.89
[14:40:58]   rollout step 7 task 2/4 gen 3/4 turn 3/15 valid=True db -17.89->-16.70
[14:41:04]   rollout step 7 task 2/4 gen 3/4 turn 4/15 valid=True db -16.70->-16.06
[14:41:11]   rollout step 7 task 2/4 gen 3/4 turn 5/15 valid=True db -16.06->-17.11
[14:41:11] trajectory done: step 7 task 2/4 gen 3/4 turns=5 reason=patience reward=-0.299  [103/960 trajectories overall]
[14:41:18]   rollout step 7 task 2/4 gen 4/4 turn 1/15 valid=False db -18.10->-18.10
[14:41:28]   rollout step 7 task 2/4 gen 4/4 turn 2/15 valid=True db -18.10->-18.79
[14:41:40]   rollout step 7 task 2/4 gen 4/4 turn 3/15 valid=True db -18.79->-23.62
[14:41:50]   rollout step 7 task 2/4 gen 4/4 turn 4/15 valid=True db -23.62->-6.04
[14:41:58]   rollout step 7 task 2/4 gen 4/4 turn 5/15 valid=True db -6.04->-22.09
[14:42:07]   rollout step 7 task 2/4 gen 4/4 turn 6/15 valid=True db -22.09->-6.89
[14:42:14]   rollout step 7 task 2/4 gen 4/4 turn 7/15 valid=True db -6.89->-20.51
[14:42:21]   rollout step 7 task 2/4 gen 4/4 turn 8/15 valid=True db -20.51->-26.80
[14:42:28]   rollout step 7 task 2/4 gen 4/4 turn 9/15 valid=True db -26.80->-18.27
[14:42:33]   rollout step 7 task 2/4 gen 4/4 turn 10/15 valid=True db -18.27->-25.33
[14:42:39]   rollout step 7 task 2/4 gen 4/4 turn 11/15 valid=True db -25.33->-26.92
[14:42:42]   rollout step 7 task 2/4 gen 4/4 turn 12/15 valid=True db -26.92->-26.59
[14:42:48]   rollout step 7 task 2/4 gen 4/4 turn 13/15 valid=True db -26.59->-28.63
[14:42:57]   rollout step 7 task 2/4 gen 4/4 turn 14/15 valid=True db -28.63->-15.70
[14:43:06]   rollout step 7 task 2/4 gen 4/4 turn 15/15 valid=True db -15.70->-15.43
[14:43:06] trajectory done: step 7 task 2/4 gen 4/4 turns=15 reason=max_turns reward=6.568  [104/960 trajectories overall]
[14:43:15]   rollout step 7 task 3/4 gen 1/4 turn 1/15 valid=True db -11.37->-11.52
[14:43:22]   rollout step 7 task 3/4 gen 1/4 turn 2/15 valid=True db -11.52->-36.09
[14:43:22] trajectory done: step 7 task 3/4 gen 1/4 turns=2 reason=goal_met reward=20.000  [105/960 trajectories overall]
[14:43:29]   rollout step 7 task 3/4 gen 2/4 turn 1/15 valid=True db -11.37->-12.08
[14:43:37]   rollout step 7 task 3/4 gen 2/4 turn 2/15 valid=True db -12.08->-11.82
[14:43:44]   rollout step 7 task 3/4 gen 2/4 turn 3/15 valid=True db -11.82->-12.06
[14:43:51]   rollout step 7 task 3/4 gen 2/4 turn 4/15 valid=True db -12.06->-11.49
[14:43:55]   rollout step 7 task 3/4 gen 2/4 turn 5/15 valid=True db -11.49->-11.70
[14:44:01]   rollout step 7 task 3/4 gen 2/4 turn 6/15 valid=True db -11.70->-11.21
[14:44:01] trajectory done: step 7 task 3/4 gen 2/4 turns=6 reason=patience reward=0.447  [106/960 trajectories overall]
[14:44:07]   rollout step 7 task 3/4 gen 3/4 turn 1/15 valid=True db -11.37->-12.08
[14:44:14]   rollout step 7 task 3/4 gen 3/4 turn 2/15 valid=True db -12.08->-12.73
[14:44:25]   rollout step 7 task 3/4 gen 3/4 turn 3/15 valid=True db -12.73->-13.33
[14:44:31]   rollout step 7 task 3/4 gen 3/4 turn 4/15 valid=True db -13.33->-13.89
[14:44:37]   rollout step 7 task 3/4 gen 3/4 turn 5/15 valid=True db -13.89->-12.47
[14:44:43]   rollout step 7 task 3/4 gen 3/4 turn 6/15 valid=True db -12.47->-18.97
[14:44:52]   rollout step 7 task 3/4 gen 3/4 turn 7/15 valid=True db -18.97->-26.16
[14:44:58]   rollout step 7 task 3/4 gen 3/4 turn 8/15 valid=True db -26.16->-22.94
[14:45:03]   rollout step 7 task 3/4 gen 3/4 turn 9/15 valid=True db -22.94->-17.29
[14:45:08]   rollout step 7 task 3/4 gen 3/4 turn 10/15 valid=True db -17.29->-12.88
[14:45:13]   rollout step 7 task 3/4 gen 3/4 turn 11/15 valid=True db -12.88->-10.50
[14:45:20]   rollout step 7 task 3/4 gen 3/4 turn 12/15 valid=True db -10.50->-10.25
[14:45:20] trajectory done: step 7 task 3/4 gen 3/4 turns=12 reason=patience reward=10.013  [107/960 trajectories overall]
[14:45:27]   rollout step 7 task 3/4 gen 4/4 turn 1/15 valid=True db -11.37->-37.25
[14:45:27] trajectory done: step 7 task 3/4 gen 4/4 turns=1 reason=goal_met reward=20.000  [108/960 trajectories overall]
[14:45:35]   rollout step 7 task 4/4 gen 1/4 turn 1/15 valid=True db -10.66->-11.82
[14:45:42]   rollout step 7 task 4/4 gen 1/4 turn 2/15 valid=True db -11.82->-15.04
[14:45:48]   rollout step 7 task 4/4 gen 1/4 turn 3/15 valid=True db -15.04->-31.49
[14:45:48] trajectory done: step 7 task 4/4 gen 1/4 turns=3 reason=goal_met reward=20.000  [109/960 trajectories overall]
[14:45:54]   rollout step 7 task 4/4 gen 2/4 turn 1/15 valid=True db -10.66->-14.13
[14:45:58]   rollout step 7 task 4/4 gen 2/4 turn 2/15 valid=False db -14.13->-14.13
[14:46:05]   rollout step 7 task 4/4 gen 2/4 turn 3/15 valid=True db -14.13->-15.32
[14:46:11]   rollout step 7 task 4/4 gen 2/4 turn 4/15 valid=True db -15.32->-15.92
[14:46:18]   rollout step 7 task 4/4 gen 2/4 turn 5/15 valid=True db -15.92->-43.00
[14:46:18] trajectory done: step 7 task 4/4 gen 2/4 turns=5 reason=goal_met reward=20.000  [110/960 trajectories overall]
[14:46:26]   rollout step 7 task 4/4 gen 3/4 turn 1/15 valid=False db -10.66->-10.66
[14:46:33]   rollout step 7 task 4/4 gen 3/4 turn 2/15 valid=True db -10.66->-7.36
[14:46:39]   rollout step 7 task 4/4 gen 3/4 turn 3/15 valid=True db -7.36->-10.42
[14:46:48]   rollout step 7 task 4/4 gen 3/4 turn 4/15 valid=True db -10.42->-7.55
[14:46:56]   rollout step 7 task 4/4 gen 3/4 turn 5/15 valid=True db -7.55->-10.22
[14:46:56] trajectory done: step 7 task 4/4 gen 3/4 turns=5 reason=patience reward=-0.131  [111/960 trajectories overall]
[14:47:01]   rollout step 7 task 4/4 gen 4/4 turn 1/15 valid=True db -10.66->-14.88
[14:47:09]   rollout step 7 task 4/4 gen 4/4 turn 2/15 valid=True db -14.88->-15.41
[14:47:15]   rollout step 7 task 4/4 gen 4/4 turn 3/15 valid=True db -15.41->-12.17
[14:47:20]   rollout step 7 task 4/4 gen 4/4 turn 4/15 valid=True db -12.17->-12.75
[14:47:27]   rollout step 7 task 4/4 gen 4/4 turn 5/15 valid=True db -12.75->-13.31
[14:47:32]   rollout step 7 task 4/4 gen 4/4 turn 6/15 valid=True db -13.31->-11.33
[14:47:37]   rollout step 7 task 4/4 gen 4/4 turn 7/15 valid=True db -11.33->-10.68
[14:47:37] trajectory done: step 7 task 4/4 gen 4/4 turns=7 reason=patience reward=3.330  [112/960 trajectories overall]
[14:47:37] step_stats={"best_improve_mean": 15.732352972985293, "best_improve_p50": 12.656169319244457, "goal_met_pct": 43.75, "group_best_mean": 16.642022273263073, "max_turns_pct": 6.25, "n_resampled_starts": 0, "n_trajectories": 16, "n_turns": 87, "patience_pct": 50.0, "pos_delta_rate": 0.5977011494252874, "reward_mean": 10.484524663439169, "reward_p25": 1.852254912007263, "reward_p50": 8.29078668792145, "reward_p75": 20.0, "stop_pct": 0.0, "valid_turn_rate": 0.9655172413793104, "wg_range_mean": 16.661144516004615, "wg_std_mean": 7.206409166260591, "zero_adv_frac": 0.0}
[14:47:46]   gradient pass 20/87 turns backpropagated
[14:47:57]   gradient pass 40/87 turns backpropagated
[14:48:08]   gradient pass 60/87 turns backpropagated
[14:48:18]   gradient pass 80/87 turns backpropagated
[14:48:22]   gradient pass 87/87 turns backpropagated
[14:48:22] step 7/60 loss=-0.88543 reward_mean=10.485 reward_std=8.778 turns_mean=5.4 goal_met=7/16 stop=0 patience=8 kl_mean=0.22436
[14:48:33]   rollout step 8 task 1/4 gen 1/4 turn 1/15 valid=True db -15.46->-26.40
[14:48:39]   rollout step 8 task 1/4 gen 1/4 turn 2/15 valid=True db -26.40->-33.11
[14:48:39] trajectory done: step 8 task 1/4 gen 1/4 turns=2 reason=goal_met reward=17.655  [113/960 trajectories overall]
[14:48:47]   rollout step 8 task 1/4 gen 2/4 turn 1/15 valid=True db -15.46->-15.43
[14:49:00]   rollout step 8 task 1/4 gen 2/4 turn 2/15 valid=True db -15.43->-12.32
[14:49:06]   rollout step 8 task 1/4 gen 2/4 turn 3/15 valid=True db -12.32->-11.27
[14:49:14]   rollout step 8 task 1/4 gen 2/4 turn 4/15 valid=True db -11.27->-11.06
[14:49:22]   rollout step 8 task 1/4 gen 2/4 turn 5/15 valid=True db -11.06->-11.78
[14:49:22] trajectory done: step 8 task 1/4 gen 2/4 turns=5 reason=patience reward=-1.104  [114/960 trajectories overall]
[14:49:29]   rollout step 8 task 1/4 gen 3/4 turn 1/15 valid=True db -15.46->-10.97
[14:49:34]   rollout step 8 task 1/4 gen 3/4 turn 2/15 valid=True db -10.97->-9.09
[14:49:40]   rollout step 8 task 1/4 gen 3/4 turn 3/15 valid=True db -9.09->-10.37
[14:49:48]   rollout step 8 task 1/4 gen 3/4 turn 4/15 valid=True db -10.37->-12.75
[14:49:56]   rollout step 8 task 1/4 gen 3/4 turn 5/15 valid=True db -12.75->-20.72
[14:50:03]   rollout step 8 task 1/4 gen 3/4 turn 6/15 valid=True db -20.72->-12.32
[14:50:08]   rollout step 8 task 1/4 gen 3/4 turn 7/15 valid=True db -12.32->-0.85
[14:50:13]   rollout step 8 task 1/4 gen 3/4 turn 8/15 valid=True db -0.85->-0.11
[14:50:18]   rollout step 8 task 1/4 gen 3/4 turn 9/15 valid=True db -0.11->-0.11
[14:50:27]   rollout step 8 task 1/4 gen 3/4 turn 10/15 valid=True db -0.11->-0.11
[14:50:27] trajectory done: step 8 task 1/4 gen 3/4 turns=10 reason=patience reward=-0.922  [115/960 trajectories overall]
[14:50:37]   rollout step 8 task 1/4 gen 4/4 turn 1/15 valid=True db -15.46->-10.97
[14:50:46]   rollout step 8 task 1/4 gen 4/4 turn 2/15 valid=True db -10.97->-14.36
[14:50:50]   rollout step 8 task 1/4 gen 4/4 turn 3/15 valid=True db -14.36->-34.44
[14:50:50] trajectory done: step 8 task 1/4 gen 4/4 turns=3 reason=goal_met reward=18.984  [116/960 trajectories overall]
[14:50:57]   rollout step 8 task 2/4 gen 1/4 turn 1/15 valid=True db -8.16->-9.59
[14:51:02]   rollout step 8 task 2/4 gen 1/4 turn 2/15 valid=True db -9.59->-11.97
[14:51:08]   rollout step 8 task 2/4 gen 1/4 turn 3/15 valid=True db -11.97->-13.98
[14:51:16]   rollout step 8 task 2/4 gen 1/4 turn 4/15 valid=True db -13.98->-15.91
[14:51:24]   rollout step 8 task 2/4 gen 1/4 turn 5/15 valid=True db -15.91->-17.80
[14:51:31]   rollout step 8 task 2/4 gen 1/4 turn 6/15 valid=True db -17.80->-18.02
[14:51:37]   rollout step 8 task 2/4 gen 1/4 turn 7/15 valid=True db -18.02->-17.81
[14:51:41]   rollout step 8 task 2/4 gen 1/4 turn 8/15 valid=True db -17.81->-18.01
[14:51:49]   rollout step 8 task 2/4 gen 1/4 turn 9/15 valid=True db -18.01->-18.19
[14:51:53]   rollout step 8 task 2/4 gen 1/4 turn 10/15 valid=True db -18.19->-17.70
[14:51:58]   rollout step 8 task 2/4 gen 1/4 turn 11/15 valid=True db -17.70->-17.85
[14:51:58] trajectory done: step 8 task 2/4 gen 1/4 turns=11 reason=patience reward=9.925  [117/960 trajectories overall]
[14:52:04]   rollout step 8 task 2/4 gen 2/4 turn 1/15 valid=True db -8.16->-11.53
[14:52:09]   rollout step 8 task 2/4 gen 2/4 turn 2/15 valid=True db -11.53->-11.83
[14:52:15]   rollout step 8 task 2/4 gen 2/4 turn 3/15 valid=True db -11.83->-33.07
[14:52:15] trajectory done: step 8 task 2/4 gen 2/4 turns=3 reason=goal_met reward=20.000  [118/960 trajectories overall]
[14:52:24]   rollout step 8 task 2/4 gen 3/4 turn 1/15 valid=True db -8.16->-11.99
[14:52:34]   rollout step 8 task 2/4 gen 3/4 turn 2/15 valid=False db -11.99->-11.99
[14:52:43]   rollout step 8 task 2/4 gen 3/4 turn 3/15 valid=True db -11.99->-10.08
[14:52:52]   rollout step 8 task 2/4 gen 3/4 turn 4/15 valid=True db -10.08->-12.98
[14:52:56]   rollout step 8 task 2/4 gen 3/4 turn 5/15 valid=False db -12.98->-12.98
[14:53:02]   rollout step 8 task 2/4 gen 3/4 turn 6/15 valid=False db -12.98->-12.98
[14:53:08]   rollout step 8 task 2/4 gen 3/4 turn 7/15 valid=True db -12.98->-21.51
[14:53:14]   rollout step 8 task 2/4 gen 3/4 turn 8/15 valid=True db -21.51->-13.25
[14:53:21]   rollout step 8 task 2/4 gen 3/4 turn 9/15 valid=True db -13.25->-20.29
[14:53:30]   rollout step 8 task 2/4 gen 3/4 turn 10/15 valid=True db -20.29->-19.43
[14:53:35]   rollout step 8 task 2/4 gen 3/4 turn 11/15 valid=True db -19.43->-20.21
[14:53:42]   rollout step 8 task 2/4 gen 3/4 turn 12/15 valid=True db -20.21->-21.44
[14:53:42] trajectory done: step 8 task 2/4 gen 3/4 turns=12 reason=patience reward=13.327  [119/960 trajectories overall]
[14:53:54]   rollout step 8 task 2/4 gen 4/4 turn 1/15 valid=True db -8.16->-8.73
[14:54:05]   rollout step 8 task 2/4 gen 4/4 turn 2/15 valid=True db -8.73->-8.57
[14:54:10]   rollout step 8 task 2/4 gen 4/4 turn 3/15 valid=True db -8.57->-13.30
[14:54:18]   rollout step 8 task 2/4 gen 4/4 turn 4/15 valid=True db -13.30->-12.75
[14:54:27]   rollout step 8 task 2/4 gen 4/4 turn 5/15 valid=True db -12.75->-17.27
[14:54:35]   rollout step 8 task 2/4 gen 4/4 turn 6/15 valid=True db -17.27->-18.13
[14:54:44]   rollout step 8 task 2/4 gen 4/4 turn 7/15 valid=True db -18.13->-23.53
[14:54:50]   rollout step 8 task 2/4 gen 4/4 turn 8/15 valid=True db -23.53->-23.73
[14:54:55]   rollout step 8 task 2/4 gen 4/4 turn 9/15 valid=True db -23.73->-31.60
[14:54:55] trajectory done: step 8 task 2/4 gen 4/4 turns=9 reason=goal_met reward=20.000  [120/960 trajectories overall]
[14:55:01]   rollout step 8 task 3/4 gen 1/4 turn 1/15 valid=True db -12.78->-19.47
[14:55:07]   rollout step 8 task 3/4 gen 1/4 turn 2/15 valid=True db -19.47->-18.41
[14:55:09]   rollout step 8 task 3/4 gen 1/4 turn 3/15 valid=True db -18.41->-18.41
[14:55:09] trajectory done: step 8 task 3/4 gen 1/4 turns=3 reason=stop reward=7.371  [121/960 trajectories overall]
[14:55:17]   rollout step 8 task 3/4 gen 2/4 turn 1/15 valid=True db -12.78->-7.40
[14:55:30]   rollout step 8 task 3/4 gen 2/4 turn 2/15 valid=True db -7.40->-6.03
[14:55:38]   rollout step 8 task 3/4 gen 2/4 turn 3/15 valid=True db -6.03->-8.42
[14:55:47]   rollout step 8 task 3/4 gen 2/4 turn 4/15 valid=True db -8.42->-5.79
[14:55:54]   rollout step 8 task 3/4 gen 2/4 turn 5/15 valid=True db -5.79->-8.14
[14:55:54] trajectory done: step 8 task 3/4 gen 2/4 turns=5 reason=patience reward=-1.393  [122/960 trajectories overall]
[14:56:01]   rollout step 8 task 3/4 gen 3/4 turn 1/15 valid=True db -12.78->-13.18
[14:56:06]   rollout step 8 task 3/4 gen 3/4 turn 2/15 valid=True db -13.18->-18.86
[14:56:13]   rollout step 8 task 3/4 gen 3/4 turn 3/15 valid=True db -18.86->-18.29
[14:56:18]   rollout step 8 task 3/4 gen 3/4 turn 4/15 valid=True db -18.29->-18.29
[14:56:18] trajectory done: step 8 task 3/4 gen 3/4 turns=4 reason=stop reward=6.909  [123/960 trajectories overall]
[14:56:27]   rollout step 8 task 3/4 gen 4/4 turn 1/15 valid=True db -12.78->-9.60
[14:56:33]   rollout step 8 task 3/4 gen 4/4 turn 2/15 valid=True db -9.60->-8.79
[14:56:39]   rollout step 8 task 3/4 gen 4/4 turn 3/15 valid=True db -8.79->-13.78
[14:56:46]   rollout step 8 task 3/4 gen 4/4 turn 4/15 valid=True db -13.78->-15.93
[14:56:57]   rollout step 8 task 3/4 gen 4/4 turn 5/15 valid=True db -15.93->-16.22
[14:57:06]   rollout step 8 task 3/4 gen 4/4 turn 6/15 valid=True db -16.22->-14.84
[14:57:13]   rollout step 8 task 3/4 gen 4/4 turn 7/15 valid=True db -14.84->-16.45
[14:57:21]   rollout step 8 task 3/4 gen 4/4 turn 8/15 valid=True db -16.45->-18.17
[14:57:28]   rollout step 8 task 3/4 gen 4/4 turn 9/15 valid=True db -18.17->-21.02
[14:57:34]   rollout step 8 task 3/4 gen 4/4 turn 10/15 valid=True db -21.02->-28.15
[14:57:40]   rollout step 8 task 3/4 gen 4/4 turn 11/15 valid=True db -28.15->-27.45
[14:57:45]   rollout step 8 task 3/4 gen 4/4 turn 12/15 valid=True db -27.45->-29.14
[14:57:51]   rollout step 8 task 3/4 gen 4/4 turn 13/15 valid=True db -29.14->-68.55
[14:57:51] trajectory done: step 8 task 3/4 gen 4/4 turns=13 reason=goal_met reward=20.000  [124/960 trajectories overall]
[14:57:59]   rollout step 8 task 4/4 gen 1/4 turn 1/15 valid=True db -20.44->-20.89
[14:58:06]   rollout step 8 task 4/4 gen 1/4 turn 2/15 valid=True db -20.89->-21.36
[14:58:12]   rollout step 8 task 4/4 gen 1/4 turn 3/15 valid=False db -21.36->-21.36
[14:58:23]   rollout step 8 task 4/4 gen 1/4 turn 4/15 valid=True db -21.36->-42.18
[14:58:23] trajectory done: step 8 task 4/4 gen 1/4 turns=4 reason=goal_met reward=20.000  [125/960 trajectories overall]
[14:58:31]   rollout step 8 task 4/4 gen 2/4 turn 1/15 valid=True db -20.44->-19.94
[14:58:35]   rollout step 8 task 4/4 gen 2/4 turn 2/15 valid=True db -19.94->-18.44
[14:58:40]   rollout step 8 task 4/4 gen 2/4 turn 3/15 valid=True db -18.44->-18.91
[14:58:46]   rollout step 8 task 4/4 gen 2/4 turn 4/15 valid=True db -18.91->-17.90
[14:58:55]   rollout step 8 task 4/4 gen 2/4 turn 5/15 valid=True db -17.90->-18.24
[14:58:55] trajectory done: step 8 task 4/4 gen 2/4 turns=5 reason=patience reward=-0.659  [126/960 trajectories overall]
[14:59:05]   rollout step 8 task 4/4 gen 3/4 turn 1/15 valid=True db -20.44->-20.89
[14:59:14]   rollout step 8 task 4/4 gen 3/4 turn 2/15 valid=True db -20.89->-12.16
[14:59:21]   rollout step 8 task 4/4 gen 3/4 turn 3/15 valid=True db -12.16->-1.67
[14:59:28]   rollout step 8 task 4/4 gen 3/4 turn 4/15 valid=True db -1.67->-11.05
[14:59:38]   rollout step 8 task 4/4 gen 3/4 turn 5/15 valid=True db -11.05->-2.04
[14:59:44]   rollout step 8 task 4/4 gen 3/4 turn 6/15 valid=True db -2.04->-10.14
[14:59:44] trajectory done: step 8 task 4/4 gen 3/4 turns=6 reason=patience reward=-2.774  [127/960 trajectories overall]
[14:59:52]   rollout step 8 task 4/4 gen 4/4 turn 1/15 valid=True db -20.44->-20.96
[15:00:03]   rollout step 8 task 4/4 gen 4/4 turn 2/15 valid=True db -20.96->-43.28
[15:00:03] trajectory done: step 8 task 4/4 gen 4/4 turns=2 reason=goal_met reward=20.000  [128/960 trajectories overall]
[15:00:03] step_stats={"best_improve_mean": 14.19941509594997, "best_improve_p50": 11.688353403484001, "goal_met_pct": 43.75, "group_best_mean": 19.74593533730726, "max_turns_pct": 0.0, "n_resampled_starts": 0, "n_trajectories": 16, "n_turns": 97, "patience_pct": 43.75, "pos_delta_rate": 0.5876288659793815, "reward_mean": 10.457490349211477, "reward_p25": -0.7249429275365689, "reward_p50": 11.62613987234954, "reward_p75": 20.0, "stop_pct": 12.5, "valid_turn_rate": 0.9587628865979382, "wg_range_mean": 18.582145903028486, "wg_std_mean": 8.140003648360661, "zero_adv_frac": 0.0}
[15:00:13]   gradient pass 20/97 turns backpropagated
[15:00:24]   gradient pass 40/97 turns backpropagated
[15:00:35]   gradient pass 60/97 turns backpropagated
[15:00:46]   gradient pass 80/97 turns backpropagated
[15:00:54]   gradient pass 97/97 turns backpropagated
[15:00:54] step 8/60 loss=-1.27825 reward_mean=10.457 reward_std=9.058 turns_mean=6.1 goal_met=7/16 stop=2 patience=7 kl_mean=0.13499
[15:00:55]   resampled start task 1/4 times=2 seed 5277->5279 initial_db=-21.35
[15:01:03]   rollout step 9 task 1/4 gen 1/4 turn 1/15 valid=True db -21.35->-11.61
[15:01:10]   rollout step 9 task 1/4 gen 1/4 turn 2/15 valid=True db -11.61->-12.50
[15:01:20]   rollout step 9 task 1/4 gen 1/4 turn 3/15 valid=True db -12.50->-12.92
[15:01:25]   rollout step 9 task 1/4 gen 1/4 turn 4/15 valid=True db -12.92->-12.98
[15:01:31]   rollout step 9 task 1/4 gen 1/4 turn 5/15 valid=True db -12.98->-20.56
[15:01:31] trajectory done: step 9 task 1/4 gen 1/4 turns=5 reason=patience reward=-0.238  [129/960 trajectories overall]
[15:01:40]   rollout step 9 task 1/4 gen 2/4 turn 1/15 valid=True db -21.35->-11.46
[15:01:46]   rollout step 9 task 1/4 gen 2/4 turn 2/15 valid=True db -11.46->-23.30
[15:01:51]   rollout step 9 task 1/4 gen 2/4 turn 3/15 valid=True db -23.30->-33.19
[15:01:51] trajectory done: step 9 task 1/4 gen 2/4 turns=3 reason=goal_met reward=11.840  [130/960 trajectories overall]
[15:01:59]   rollout step 9 task 1/4 gen 3/4 turn 1/15 valid=True db -21.35->-21.08
[15:02:05]   rollout step 9 task 1/4 gen 3/4 turn 2/15 valid=True db -21.08->-22.63
[15:02:10]   rollout step 9 task 1/4 gen 3/4 turn 3/15 valid=True db -22.63->-13.65
[15:02:17]   rollout step 9 task 1/4 gen 3/4 turn 4/15 valid=True db -13.65->-21.81
[15:02:25]   rollout step 9 task 1/4 gen 3/4 turn 5/15 valid=True db -21.81->-19.97
[15:02:31]   rollout step 9 task 1/4 gen 3/4 turn 6/15 valid=True db -19.97->-18.45
[15:02:35]   rollout step 9 task 1/4 gen 3/4 turn 7/15 valid=True db -18.45->-17.15
[15:02:35] trajectory done: step 9 task 1/4 gen 3/4 turns=7 reason=patience reward=-0.363  [131/960 trajectories overall]
[15:02:41]   rollout step 9 task 1/4 gen 4/4 turn 1/15 valid=True db -21.35->-11.46
[15:02:48]   rollout step 9 task 1/4 gen 4/4 turn 2/15 valid=True db -11.46->-23.30
[15:02:55]   rollout step 9 task 1/4 gen 4/4 turn 3/15 valid=True db -23.30->-24.13
[15:03:01]   rollout step 9 task 1/4 gen 4/4 turn 4/15 valid=True db -24.13->-13.98
[15:03:06]   rollout step 9 task 1/4 gen 4/4 turn 5/15 valid=True db -13.98->-4.51
[15:03:10]   rollout step 9 task 1/4 gen 4/4 turn 6/15 valid=True db -4.51->-13.04
[15:03:17]   rollout step 9 task 1/4 gen 4/4 turn 7/15 valid=True db -13.04->-4.98
[15:03:22]   rollout step 9 task 1/4 gen 4/4 turn 8/15 valid=True db -4.98->-12.20
[15:03:22] trajectory done: step 9 task 1/4 gen 4/4 turns=8 reason=patience reward=-0.795  [132/960 trajectories overall]
[15:03:28]   rollout step 9 task 2/4 gen 1/4 turn 1/15 valid=True db -22.02->-22.62
[15:03:35]   rollout step 9 task 2/4 gen 1/4 turn 2/15 valid=True db -22.62->-20.06
[15:03:40]   rollout step 9 task 2/4 gen 1/4 turn 3/15 valid=True db -20.06->-20.46
[15:03:49]   rollout step 9 task 2/4 gen 1/4 turn 4/15 valid=True db -20.46->-19.08
[15:03:57]   rollout step 9 task 2/4 gen 1/4 turn 5/15 valid=True db -19.08->-19.22
[15:04:04]   rollout step 9 task 2/4 gen 1/4 turn 6/15 valid=True db -19.22->-19.09
[15:04:04] trajectory done: step 9 task 2/4 gen 1/4 turns=6 reason=patience reward=-0.456  [133/960 trajectories overall]
[15:04:10]   rollout step 9 task 2/4 gen 2/4 turn 1/15 valid=True db -22.02->-4.71
[15:04:14]   rollout step 9 task 2/4 gen 2/4 turn 2/15 valid=True db -4.71->-20.14
[15:04:20]   rollout step 9 task 2/4 gen 2/4 turn 3/15 valid=True db -20.14->-5.51
[15:04:27]   rollout step 9 task 2/4 gen 2/4 turn 4/15 valid=True db -5.51->-18.69
[15:04:34]   rollout step 9 task 2/4 gen 2/4 turn 5/15 valid=True db -18.69->-6.24
[15:04:34] trajectory done: step 9 task 2/4 gen 2/4 turns=5 reason=patience reward=-4.733  [134/960 trajectories overall]
[15:04:44]   rollout step 9 task 2/4 gen 3/4 turn 1/15 valid=True db -22.02->-22.68
[15:04:52]   rollout step 9 task 2/4 gen 3/4 turn 2/15 valid=True db -22.68->-23.30
[15:04:59]   rollout step 9 task 2/4 gen 3/4 turn 3/15 valid=True db -23.30->-32.00
[15:04:59] trajectory done: step 9 task 2/4 gen 3/4 turns=3 reason=goal_met reward=9.985  [135/960 trajectories overall]
[15:05:06]   rollout step 9 task 2/4 gen 4/4 turn 1/15 valid=True db -22.02->-22.08
[15:05:13]   rollout step 9 task 2/4 gen 4/4 turn 2/15 valid=True db -22.08->-19.32
[15:05:18]   rollout step 9 task 2/4 gen 4/4 turn 3/15 valid=True db -19.32->-18.56
[15:05:27]   rollout step 9 task 2/4 gen 4/4 turn 4/15 valid=True db -18.56->-18.87
[15:05:34]   rollout step 9 task 2/4 gen 4/4 turn 5/15 valid=True db -18.87->-19.21
[15:05:34] trajectory done: step 9 task 2/4 gen 4/4 turns=5 reason=patience reward=-0.799  [136/960 trajectories overall]
[15:05:41]   rollout step 9 task 3/4 gen 1/4 turn 1/15 valid=True db -14.15->-14.22
[15:05:48]   rollout step 9 task 3/4 gen 1/4 turn 2/15 valid=True db -14.22->-14.26
[15:05:55]   rollout step 9 task 3/4 gen 1/4 turn 3/15 valid=True db -14.26->-13.83
[15:06:02]   rollout step 9 task 3/4 gen 1/4 turn 4/15 valid=True db -13.83->-14.23
[15:06:06]   rollout step 9 task 3/4 gen 1/4 turn 5/15 valid=True db -14.23->-34.56
[15:06:06] trajectory done: step 9 task 3/4 gen 1/4 turns=5 reason=goal_met reward=20.000  [137/960 trajectories overall]
[15:06:13]   rollout step 9 task 3/4 gen 2/4 turn 1/15 valid=True db -14.15->-21.72
[15:06:19]   rollout step 9 task 3/4 gen 2/4 turn 2/15 valid=True db -21.72->-52.66
[15:06:19] trajectory done: step 9 task 3/4 gen 2/4 turns=2 reason=goal_met reward=20.000  [138/960 trajectories overall]
[15:06:25]   rollout step 9 task 3/4 gen 3/4 turn 1/15 valid=True db -14.15->-15.16
[15:06:30]   rollout step 9 task 3/4 gen 3/4 turn 2/15 valid=True db -15.16->-18.39
[15:06:38]   rollout step 9 task 3/4 gen 3/4 turn 3/15 valid=True db -18.39->-18.16
[15:06:42]   rollout step 9 task 3/4 gen 3/4 turn 4/15 valid=True db -18.16->-18.16
[15:06:42] trajectory done: step 9 task 3/4 gen 3/4 turns=4 reason=stop reward=5.170  [139/960 trajectories overall]
[15:06:49]   rollout step 9 task 3/4 gen 4/4 turn 1/15 valid=True db -14.15->-14.22
[15:06:55]   rollout step 9 task 3/4 gen 4/4 turn 2/15 valid=True db -14.22->-16.76
[15:07:04]   rollout step 9 task 3/4 gen 4/4 turn 3/15 valid=True db -16.76->-25.42
[15:07:10]   rollout step 9 task 3/4 gen 4/4 turn 4/15 valid=True db -25.42->-26.87
[15:07:17]   rollout step 9 task 3/4 gen 4/4 turn 5/15 valid=True db -26.87->-27.07
[15:07:28]   rollout step 9 task 3/4 gen 4/4 turn 6/15 valid=True db -27.07->-26.89
[15:07:39]   rollout step 9 task 3/4 gen 4/4 turn 7/15 valid=True db -26.89->-27.06
[15:07:46]   rollout step 9 task 3/4 gen 4/4 turn 8/15 valid=True db -27.06->-27.20
[15:07:51]   rollout step 9 task 3/4 gen 4/4 turn 9/15 valid=True db -27.20->-27.32
[15:07:58]   rollout step 9 task 3/4 gen 4/4 turn 10/15 valid=True db -27.32->-27.70
[15:08:03]   rollout step 9 task 3/4 gen 4/4 turn 11/15 valid=True db -27.70->-13.02
[15:08:08]   rollout step 9 task 3/4 gen 4/4 turn 12/15 valid=True db -13.02->-25.89
[15:08:16]   rollout step 9 task 3/4 gen 4/4 turn 13/15 valid=True db -25.89->-13.64
[15:08:23]   rollout step 9 task 3/4 gen 4/4 turn 14/15 valid=True db -13.64->-24.53
[15:08:31]   rollout step 9 task 3/4 gen 4/4 turn 15/15 valid=True db -24.53->-28.26
[15:08:31] trajectory done: step 9 task 3/4 gen 4/4 turns=15 reason=max_turns reward=14.110  [140/960 trajectories overall]
[15:08:41]   rollout step 9 task 4/4 gen 1/4 turn 1/15 valid=True db -8.66->-9.06
[15:08:49]   rollout step 9 task 4/4 gen 1/4 turn 2/15 valid=True db -9.06->-9.43
[15:08:57]   rollout step 9 task 4/4 gen 1/4 turn 3/15 valid=True db -9.43->-9.77
[15:09:02]   rollout step 9 task 4/4 gen 1/4 turn 4/15 valid=True db -9.77->-10.08
[15:09:10]   rollout step 9 task 4/4 gen 1/4 turn 5/15 valid=True db -10.08->-10.35
[15:09:15]   rollout step 9 task 4/4 gen 1/4 turn 6/15 valid=True db -10.35->-13.40
[15:09:22]   rollout step 9 task 4/4 gen 1/4 turn 7/15 valid=True db -13.40->-23.17
[15:09:29]   rollout step 9 task 4/4 gen 1/4 turn 8/15 valid=True db -23.17->-22.69
[15:09:33]   rollout step 9 task 4/4 gen 1/4 turn 9/15 valid=True db -22.69->-13.66
[15:09:38]   rollout step 9 task 4/4 gen 1/4 turn 10/15 valid=True db -13.66->-21.31
[15:09:44]   rollout step 9 task 4/4 gen 1/4 turn 11/15 valid=True db -21.31->-17.63
[15:09:48]   rollout step 9 task 4/4 gen 1/4 turn 12/15 valid=True db -17.63->-22.49
[15:09:48] trajectory done: step 9 task 4/4 gen 1/4 turns=12 reason=patience reward=14.308  [141/960 trajectories overall]
[15:09:55]   rollout step 9 task 4/4 gen 2/4 turn 1/15 valid=True db -8.66->-7.51
[15:09:58]   rollout step 9 task 4/4 gen 2/4 turn 2/15 valid=True db -7.51->-7.50
[15:10:03]   rollout step 9 task 4/4 gen 2/4 turn 3/15 valid=True db -7.50->-5.92
[15:10:08]   rollout step 9 task 4/4 gen 2/4 turn 4/15 valid=True db -5.92->-6.18
[15:10:16]   rollout step 9 task 4/4 gen 2/4 turn 5/15 valid=True db -6.18->-5.52
[15:10:16] trajectory done: step 9 task 4/4 gen 2/4 turns=5 reason=patience reward=-0.940  [142/960 trajectories overall]
[15:10:23]   rollout step 9 task 4/4 gen 3/4 turn 1/15 valid=True db -8.66->-14.31
[15:10:36]   rollout step 9 task 4/4 gen 3/4 turn 2/15 valid=True db -14.31->-11.72
[15:10:41]   rollout step 9 task 4/4 gen 3/4 turn 3/15 valid=True db -11.72->-10.29
[15:10:46]   rollout step 9 task 4/4 gen 3/4 turn 4/15 valid=True db -10.29->-14.60
[15:10:54]   rollout step 9 task 4/4 gen 3/4 turn 5/15 valid=True db -14.60->-12.12
[15:11:01]   rollout step 9 task 4/4 gen 3/4 turn 6/15 valid=True db -12.12->-11.45
[15:11:11]   rollout step 9 task 4/4 gen 3/4 turn 7/15 valid=True db -11.45->-11.41
[15:11:20]   rollout step 9 task 4/4 gen 3/4 turn 8/15 valid=True db -11.41->-1.91
[15:11:26]   rollout step 9 task 4/4 gen 3/4 turn 9/15 valid=True db -1.91->-10.25
[15:11:26] trajectory done: step 9 task 4/4 gen 3/4 turns=9 reason=patience reward=4.641  [143/960 trajectories overall]
[15:11:33]   rollout step 9 task 4/4 gen 4/4 turn 1/15 valid=True db -8.66->-9.49
[15:11:39]   rollout step 9 task 4/4 gen 4/4 turn 2/15 valid=True db -9.49->-14.12
[15:11:49]   rollout step 9 task 4/4 gen 4/4 turn 3/15 valid=True db -14.12->-16.50
[15:12:01]   rollout step 9 task 4/4 gen 4/4 turn 4/15 valid=True db -16.50->-1.20
[15:12:04]   rollout step 9 task 4/4 gen 4/4 turn 5/15 valid=True db -1.20->-1.20
[15:12:04] trajectory done: step 9 task 4/4 gen 4/4 turns=5 reason=stop reward=4.257  [144/960 trajectories overall]
[15:12:04] step_stats={"best_improve_mean": 8.25786446702914, "best_improve_p50": 5.091761269869005, "goal_met_pct": 25.0, "group_best_mean": 14.033295306473763, "max_turns_pct": 6.25, "n_resampled_starts": 2, "n_trajectories": 16, "n_turns": 99, "patience_pct": 56.25, "pos_delta_rate": 0.5858585858585859, "reward_mean": 5.999107519680595, "reward_p25": -0.5409853284934285, "reward_p50": 4.448840997819617, "reward_p75": 12.407183937838887, "stop_pct": 12.5, "valid_turn_rate": 1.0, "wg_range_mean": 14.357989641924128, "wg_std_mean": 5.590365619570717, "zero_adv_frac": 0.0}
[15:12:14]   gradient pass 20/99 turns backpropagated
[15:12:24]   gradient pass 40/99 turns backpropagated
[15:12:34]   gradient pass 60/99 turns backpropagated
[15:12:46]   gradient pass 80/99 turns backpropagated
[15:12:56]   gradient pass 99/99 turns backpropagated
[15:12:56] step 9/60 loss=-0.06399 reward_mean=5.999 reward_std=7.743 turns_mean=6.2 goal_met=4/16 stop=2 patience=9 kl_mean=0.04368
[15:13:03]   rollout step 10 task 1/4 gen 1/4 turn 1/15 valid=True db -7.95->-12.14
[15:13:08]   rollout step 10 task 1/4 gen 1/4 turn 2/15 valid=True db -12.14->-20.71
[15:13:14]   rollout step 10 task 1/4 gen 1/4 turn 3/15 valid=True db -20.71->-2.18
[15:13:21]   rollout step 10 task 1/4 gen 1/4 turn 4/15 valid=True db -2.18->-17.89
[15:13:33]   rollout step 10 task 1/4 gen 1/4 turn 5/15 valid=True db -17.89->-15.51
[15:13:41]   rollout step 10 task 1/4 gen 1/4 turn 6/15 valid=True db -15.51->-20.36
[15:13:47]   rollout step 10 task 1/4 gen 1/4 turn 7/15 valid=True db -20.36->-4.85
[15:13:47] trajectory done: step 10 task 1/4 gen 1/4 turns=7 reason=patience reward=8.004  [145/960 trajectories overall]
[15:13:57]   rollout step 10 task 1/4 gen 2/4 turn 1/15 valid=True db -7.95->-8.47
[15:14:04]   rollout step 10 task 1/4 gen 2/4 turn 2/15 valid=True db -8.47->-9.45
[15:14:19]   rollout step 10 task 1/4 gen 2/4 turn 3/15 valid=True db -9.45->-10.50
[15:14:25]   rollout step 10 task 1/4 gen 2/4 turn 4/15 valid=True db -10.50->-10.63
[15:14:31]   rollout step 10 task 1/4 gen 2/4 turn 5/15 valid=True db -10.63->-16.78
[15:14:38]   rollout step 10 task 1/4 gen 2/4 turn 6/15 valid=True db -16.78->-16.97
[15:14:46]   rollout step 10 task 1/4 gen 2/4 turn 7/15 valid=True db -16.97->-19.68
[15:14:55]   rollout step 10 task 1/4 gen 2/4 turn 8/15 valid=True db -19.68->-19.84
[15:15:03]   rollout step 10 task 1/4 gen 2/4 turn 9/15 valid=True db -19.84->-6.03
[15:15:08]   rollout step 10 task 1/4 gen 2/4 turn 10/15 valid=True db -6.03->-18.21
[15:15:17]   rollout step 10 task 1/4 gen 2/4 turn 11/15 valid=True db -18.21->-18.16
[15:15:22]   rollout step 10 task 1/4 gen 2/4 turn 12/15 valid=True db -18.16->-18.28
[15:15:22] trajectory done: step 10 task 1/4 gen 2/4 turns=12 reason=patience reward=11.421  [146/960 trajectories overall]
[15:15:30]   rollout step 10 task 1/4 gen 3/4 turn 1/15 valid=True db -7.95->-12.14
[15:15:35]   rollout step 10 task 1/4 gen 3/4 turn 2/15 valid=True db -12.14->-8.12
[15:15:40]   rollout step 10 task 1/4 gen 3/4 turn 3/15 valid=True db -8.12->-11.67
[15:15:46]   rollout step 10 task 1/4 gen 3/4 turn 4/15 valid=True db -11.67->-41.85
[15:15:46] trajectory done: step 10 task 1/4 gen 3/4 turns=4 reason=goal_met reward=20.000  [147/960 trajectories overall]
[15:15:53]   rollout step 10 task 1/4 gen 4/4 turn 1/15 valid=True db -7.95->-7.50
[15:15:58]   rollout step 10 task 1/4 gen 4/4 turn 2/15 valid=True db -7.50->-7.91
[15:16:03]   rollout step 10 task 1/4 gen 4/4 turn 3/15 valid=True db -7.91->-11.13
[15:16:09]   rollout step 10 task 1/4 gen 4/4 turn 4/15 valid=True db -11.13->-26.76
[15:16:16]   rollout step 10 task 1/4 gen 4/4 turn 5/15 valid=True db -26.76->-32.32
[15:16:16] trajectory done: step 10 task 1/4 gen 4/4 turns=5 reason=goal_met reward=20.000  [148/960 trajectories overall]
[15:16:28]   rollout step 10 task 2/4 gen 1/4 turn 1/15 valid=True db -21.42->-21.63
[15:16:38]   rollout step 10 task 2/4 gen 1/4 turn 2/15 valid=True db -21.63->-8.23
[15:16:47]   rollout step 10 task 2/4 gen 1/4 turn 3/15 valid=True db -8.23->-8.20
[15:16:53]   rollout step 10 task 2/4 gen 1/4 turn 4/15 valid=True db -8.20->-8.48
[15:17:00]   rollout step 10 task 2/4 gen 1/4 turn 5/15 valid=True db -8.48->-8.87
[15:17:07]   rollout step 10 task 2/4 gen 1/4 turn 6/15 valid=True db -8.87->-7.33
[15:17:07] trajectory done: step 10 task 2/4 gen 1/4 turns=6 reason=patience reward=-4.083  [149/960 trajectories overall]
[15:17:15]   rollout step 10 task 2/4 gen 2/4 turn 1/15 valid=True db -21.42->-20.92
[15:17:25]   rollout step 10 task 2/4 gen 2/4 turn 2/15 valid=True db -20.92->-20.44
[15:17:32]   rollout step 10 task 2/4 gen 2/4 turn 3/15 valid=True db -20.44->-22.74
[15:17:47]   rollout step 10 task 2/4 gen 2/4 turn 4/15 valid=True db -22.74->-21.95
[15:17:57]   rollout step 10 task 2/4 gen 2/4 turn 5/15 valid=True db -21.95->-25.70
[15:18:02]   rollout step 10 task 2/4 gen 2/4 turn 6/15 valid=True db -25.70->-26.39
[15:18:07]   rollout step 10 task 2/4 gen 2/4 turn 7/15 valid=True db -26.39->-12.78
[15:18:14]   rollout step 10 task 2/4 gen 2/4 turn 8/15 valid=True db -12.78->-29.49
[15:18:22]   rollout step 10 task 2/4 gen 2/4 turn 9/15 valid=True db -29.49->-13.72
[15:18:29]   rollout step 10 task 2/4 gen 2/4 turn 10/15 valid=True db -13.72->-5.09
[15:18:34]   rollout step 10 task 2/4 gen 2/4 turn 11/15 valid=True db -5.09->-12.90
[15:18:41]   rollout step 10 task 2/4 gen 2/4 turn 12/15 valid=True db -12.90->-13.22
[15:18:48]   rollout step 10 task 2/4 gen 2/4 turn 13/15 valid=True db -13.22->-6.16
[15:18:48] trajectory done: step 10 task 2/4 gen 2/4 turns=13 reason=patience reward=1.070  [150/960 trajectories overall]
[15:18:53]   rollout step 10 task 2/4 gen 3/4 turn 1/15 valid=True db -21.42->-21.63
[15:19:03]   rollout step 10 task 2/4 gen 3/4 turn 2/15 valid=True db -21.63->-20.83
[15:19:10]   rollout step 10 task 2/4 gen 3/4 turn 3/15 valid=True db -20.83->-21.56
[15:19:17]   rollout step 10 task 2/4 gen 3/4 turn 4/15 valid=True db -21.56->-10.35
[15:19:21]   rollout step 10 task 2/4 gen 3/4 turn 5/15 valid=True db -10.35->-23.80
[15:19:28]   rollout step 10 task 2/4 gen 3/4 turn 6/15 valid=True db -23.80->-23.18
[15:19:33]   rollout step 10 task 2/4 gen 3/4 turn 7/15 valid=True db -23.18->-11.85
[15:19:36]   rollout step 10 task 2/4 gen 3/4 turn 8/15 valid=True db -11.85->-8.75
[15:19:40]   rollout step 10 task 2/4 gen 3/4 turn 9/15 valid=True db -8.75->-7.15
[15:19:45]   rollout step 10 task 2/4 gen 3/4 turn 10/15 valid=True db -7.15->-6.92
[15:19:45] trajectory done: step 10 task 2/4 gen 3/4 turns=10 reason=patience reward=-2.689  [151/960 trajectories overall]
[15:19:55]   rollout step 10 task 2/4 gen 4/4 turn 1/15 valid=True db -21.42->-22.21
[15:20:03]   rollout step 10 task 2/4 gen 4/4 turn 2/15 valid=True db -22.21->-13.35
[15:20:08]   rollout step 10 task 2/4 gen 4/4 turn 3/15 valid=True db -13.35->-8.73
[15:20:12]   rollout step 10 task 2/4 gen 4/4 turn 4/15 valid=True db -8.73->-8.73
[15:20:12] trajectory done: step 10 task 2/4 gen 4/4 turns=4 reason=stop reward=-2.254  [152/960 trajectories overall]
[15:20:22]   rollout step 10 task 3/4 gen 1/4 turn 1/15 valid=True db -5.14->-5.34
[15:20:28]   rollout step 10 task 3/4 gen 1/4 turn 2/15 valid=True db -5.34->-5.51
[15:20:36]   rollout step 10 task 3/4 gen 1/4 turn 3/15 valid=True db -5.51->-4.54
[15:20:41]   rollout step 10 task 3/4 gen 1/4 turn 4/15 valid=True db -4.54->-3.96
[15:20:46]   rollout step 10 task 3/4 gen 1/4 turn 5/15 valid=True db -3.96->-3.45
[15:20:52]   rollout step 10 task 3/4 gen 1/4 turn 6/15 valid=True db -3.45->-3.92
[15:20:52] trajectory done: step 10 task 3/4 gen 1/4 turns=6 reason=patience reward=-0.110  [153/960 trajectories overall]
[15:21:02]   rollout step 10 task 3/4 gen 2/4 turn 1/15 valid=True db -5.14->-5.21
[15:21:11]   rollout step 10 task 3/4 gen 2/4 turn 2/15 valid=True db -5.21->-5.23
[15:21:19]   rollout step 10 task 3/4 gen 2/4 turn 3/15 valid=True db -5.23->-5.22
[15:21:24]   rollout step 10 task 3/4 gen 2/4 turn 4/15 valid=True db -5.22->-3.91
[15:21:29]   rollout step 10 task 3/4 gen 2/4 turn 5/15 valid=True db -3.91->-5.13
[15:21:29] trajectory done: step 10 task 3/4 gen 2/4 turns=5 reason=patience reward=0.059  [154/960 trajectories overall]
[15:21:36]   rollout step 10 task 3/4 gen 3/4 turn 1/15 valid=True db -5.14->-6.29
[15:21:42]   rollout step 10 task 3/4 gen 3/4 turn 2/15 valid=True db -6.29->-8.91
[15:21:49]   rollout step 10 task 3/4 gen 3/4 turn 3/15 valid=True db -8.91->-28.88
[15:21:54]   rollout step 10 task 3/4 gen 3/4 turn 4/15 valid=False db -28.88->-28.88
[15:22:00]   rollout step 10 task 3/4 gen 3/4 turn 5/15 valid=True db -28.88->-30.27
[15:22:00] trajectory done: step 10 task 3/4 gen 3/4 turns=5 reason=goal_met reward=20.000  [155/960 trajectories overall]
[15:22:08]   rollout step 10 task 3/4 gen 4/4 turn 1/15 valid=True db -5.14->-3.50
[15:22:14]   rollout step 10 task 3/4 gen 4/4 turn 2/15 valid=True db -3.50->-4.03
[15:22:21]   rollout step 10 task 3/4 gen 4/4 turn 3/15 valid=True db -4.03->-5.14
[15:22:32]   rollout step 10 task 3/4 gen 4/4 turn 4/15 valid=True db -5.14->-5.67
[15:22:38]   rollout step 10 task 3/4 gen 4/4 turn 5/15 valid=True db -5.67->-4.63
[15:22:43]   rollout step 10 task 3/4 gen 4/4 turn 6/15 valid=True db -4.63->-6.38
[15:22:50]   rollout step 10 task 3/4 gen 4/4 turn 7/15 valid=True db -6.38->-7.76
[15:22:55]   rollout step 10 task 3/4 gen 4/4 turn 8/15 valid=True db -7.76->-7.49
[15:23:00]   rollout step 10 task 3/4 gen 4/4 turn 9/15 valid=True db -7.49->-7.49
[15:23:08]   rollout step 10 task 3/4 gen 4/4 turn 10/15 valid=True db -7.49->-7.68
[15:23:14]   rollout step 10 task 3/4 gen 4/4 turn 11/15 valid=True db -7.68->-7.68
[15:23:20]   rollout step 10 task 3/4 gen 4/4 turn 12/15 valid=True db -7.68->-7.68
[15:23:20] trajectory done: step 10 task 3/4 gen 4/4 turns=12 reason=patience reward=2.597  [156/960 trajectories overall]
[15:23:30]   rollout step 10 task 4/4 gen 1/4 turn 1/15 valid=True db -10.65->-15.25
[15:23:39]   rollout step 10 task 4/4 gen 1/4 turn 2/15 valid=True db -15.25->-23.63
[15:23:47]   rollout step 10 task 4/4 gen 1/4 turn 3/15 valid=False db -23.63->-23.63
[15:23:58]   rollout step 10 task 4/4 gen 1/4 turn 4/15 valid=True db -23.63->-22.28
[15:24:05]   rollout step 10 task 4/4 gen 1/4 turn 5/15 valid=True db -22.28->-23.93
[15:24:13]   rollout step 10 task 4/4 gen 1/4 turn 6/15 valid=True db -23.93->-17.81
[15:24:20]   rollout step 10 task 4/4 gen 1/4 turn 7/15 valid=True db -17.81->-12.89
[15:24:27]   rollout step 10 task 4/4 gen 1/4 turn 8/15 valid=True db -12.89->-17.26
[15:24:35]   rollout step 10 task 4/4 gen 1/4 turn 9/15 valid=True db -17.26->-55.72
[15:24:35] trajectory done: step 10 task 4/4 gen 1/4 turns=9 reason=goal_met reward=20.000  [157/960 trajectories overall]
[15:24:42]   rollout step 10 task 4/4 gen 2/4 turn 1/15 valid=True db -10.65->-15.25
[15:24:49]   rollout step 10 task 4/4 gen 2/4 turn 2/15 valid=True db -15.25->-23.63
[15:24:54]   rollout step 10 task 4/4 gen 2/4 turn 3/15 valid=False db -23.63->-23.63
[15:24:59]   rollout step 10 task 4/4 gen 2/4 turn 4/15 valid=True db -23.63->-4.70
[15:25:03]   rollout step 10 task 4/4 gen 2/4 turn 5/15 valid=True db -4.70->-4.70
[15:25:03] trajectory done: step 10 task 4/4 gen 2/4 turns=5 reason=stop reward=8.301  [158/960 trajectories overall]
[15:25:09]   rollout step 10 task 4/4 gen 3/4 turn 1/15 valid=True db -10.65->-8.47
[15:25:15]   rollout step 10 task 4/4 gen 3/4 turn 2/15 valid=True db -8.47->-8.44
[15:25:22]   rollout step 10 task 4/4 gen 3/4 turn 3/15 valid=True db -8.44->-6.91
[15:25:29]   rollout step 10 task 4/4 gen 3/4 turn 4/15 valid=True db -6.91->-6.35
[15:25:37]   rollout step 10 task 4/4 gen 3/4 turn 5/15 valid=True db -6.35->-7.71
[15:25:37] trajectory done: step 10 task 4/4 gen 3/4 turns=5 reason=patience reward=-0.882  [159/960 trajectories overall]
[15:25:43]   rollout step 10 task 4/4 gen 4/4 turn 1/15 valid=True db -10.65->-10.34
[15:25:51]   rollout step 10 task 4/4 gen 4/4 turn 2/15 valid=True db -10.34->-10.63
[15:25:58]   rollout step 10 task 4/4 gen 4/4 turn 3/15 valid=True db -10.63->-10.36
[15:26:05]   rollout step 10 task 4/4 gen 4/4 turn 4/15 valid=True db -10.36->-10.69
[15:26:11]   rollout step 10 task 4/4 gen 4/4 turn 5/15 valid=True db -10.69->-10.49
[15:26:11] trajectory done: step 10 task 4/4 gen 4/4 turns=5 reason=patience reward=-0.019  [160/960 trajectories overall]
[15:26:11] step_stats={"best_improve_mean": 11.291485022307846, "best_improve_p50": 5.345453228467896, "goal_met_pct": 25.0, "group_best_mean": 15.26757457117172, "max_turns_pct": 0.0, "n_resampled_starts": 0, "n_trajectories": 16, "n_turns": 113, "patience_pct": 62.5, "pos_delta_rate": 0.5221238938053098, "reward_mean": 6.338410441045277, "reward_p25": -0.30275962004699186, "reward_p50": 1.833703280506234, "reward_p75": 13.565656481918445, "stop_pct": 12.5, "valid_turn_rate": 0.9734513274336283, "wg_range_mean": 14.535400227462166, "wg_std_mean": 5.983266053452542, "zero_adv_frac": 0.0}
[15:26:22]   gradient pass 20/113 turns backpropagated
[15:26:32]   gradient pass 40/113 turns backpropagated
[15:26:43]   gradient pass 60/113 turns backpropagated
[15:26:53]   gradient pass 80/113 turns backpropagated
[15:27:04]   gradient pass 100/113 turns backpropagated
[15:27:10]   gradient pass 113/113 turns backpropagated
[15:27:10] step 10/60 loss=1.02400 reward_mean=6.338 reward_std=8.868 turns_mean=7.1 goal_met=4/16 stop=2 patience=10 kl_mean=0.10571
[15:27:12] saved checkpoint to outputs/2026-09-10-from-ckpt60-4x4x60/checkpoint-10
[15:27:21]   rollout step 11 task 1/4 gen 1/4 turn 1/15 valid=True db -15.46->-21.85
[15:27:29]   rollout step 11 task 1/4 gen 1/4 turn 2/15 valid=True db -21.85->-22.86
[15:27:34]   rollout step 11 task 1/4 gen 1/4 turn 3/15 valid=False db -22.86->-22.86
[15:27:41]   rollout step 11 task 1/4 gen 1/4 turn 4/15 valid=True db -22.86->-23.26
[15:27:50]   rollout step 11 task 1/4 gen 1/4 turn 5/15 valid=True db -23.26->-22.16
[15:27:56]   rollout step 11 task 1/4 gen 1/4 turn 6/15 valid=True db -22.16->-22.18
[15:28:03]   rollout step 11 task 1/4 gen 1/4 turn 7/15 valid=True db -22.18->-22.17
[15:28:08]   rollout step 11 task 1/4 gen 1/4 turn 8/15 valid=True db -22.17->-18.04
[15:28:15]   rollout step 11 task 1/4 gen 1/4 turn 9/15 valid=True db -18.04->-18.00
[15:28:15] trajectory done: step 11 task 1/4 gen 1/4 turns=9 reason=patience reward=6.221  [161/960 trajectories overall]
[15:28:22]   rollout step 11 task 1/4 gen 2/4 turn 1/15 valid=True db -15.46->-15.51
[15:28:28]   rollout step 11 task 1/4 gen 2/4 turn 2/15 valid=True db -15.51->-30.18
[15:28:28] trajectory done: step 11 task 1/4 gen 2/4 turns=2 reason=goal_met reward=14.717  [162/960 trajectories overall]
[15:28:37]   rollout step 11 task 1/4 gen 3/4 turn 1/15 valid=True db -15.46->-15.98
[15:28:46]   rollout step 11 task 1/4 gen 3/4 turn 2/15 valid=True db -15.98->-10.82
[15:28:50]   rollout step 11 task 1/4 gen 3/4 turn 3/15 valid=True db -10.82->-15.61
[15:28:59]   rollout step 11 task 1/4 gen 3/4 turn 4/15 valid=True db -15.61->-15.65
[15:29:07]   rollout step 11 task 1/4 gen 3/4 turn 5/15 valid=True db -15.65->-16.03
[15:29:16]   rollout step 11 task 1/4 gen 3/4 turn 6/15 valid=True db -16.03->-16.37
[15:29:25]   rollout step 11 task 1/4 gen 3/4 turn 7/15 valid=False db -16.37->-16.37
[15:29:36]   rollout step 11 task 1/4 gen 3/4 turn 8/15 valid=True db -16.37->-16.32
[15:29:41]   rollout step 11 task 1/4 gen 3/4 turn 9/15 valid=True db -16.32->-16.32
[15:29:41] trajectory done: step 11 task 1/4 gen 3/4 turns=9 reason=stop reward=1.896  [163/960 trajectories overall]
[15:29:48]   rollout step 11 task 1/4 gen 4/4 turn 1/15 valid=True db -15.46->-15.31
[15:29:53]   rollout step 11 task 1/4 gen 4/4 turn 2/15 valid=True db -15.31->-16.31
[15:30:02]   rollout step 11 task 1/4 gen 4/4 turn 3/15 valid=True db -16.31->-18.35
[15:30:08]   rollout step 11 task 1/4 gen 4/4 turn 4/15 valid=True db -18.35->-31.36
[15:30:08] trajectory done: step 11 task 1/4 gen 4/4 turns=4 reason=goal_met reward=15.897  [164/960 trajectories overall]
[15:30:19]   rollout step 11 task 2/4 gen 1/4 turn 1/15 valid=True db -13.68->-15.53
[15:30:26]   rollout step 11 task 2/4 gen 1/4 turn 2/15 valid=True db -15.53->-30.91
[15:30:26] trajectory done: step 11 task 2/4 gen 1/4 turns=2 reason=goal_met reward=17.229  [165/960 trajectories overall]
[15:30:33]   rollout step 11 task 2/4 gen 2/4 turn 1/15 valid=True db -13.68->-14.03
[15:30:39]   rollout step 11 task 2/4 gen 2/4 turn 2/15 valid=True db -14.03->-9.39
[15:30:44]   rollout step 11 task 2/4 gen 2/4 turn 3/15 valid=True db -9.39->-13.72
[15:30:51]   rollout step 11 task 2/4 gen 2/4 turn 4/15 valid=True db -13.72->-9.72
[15:31:00]   rollout step 11 task 2/4 gen 2/4 turn 5/15 valid=True db -9.72->-13.45
[15:31:12]   rollout step 11 task 2/4 gen 2/4 turn 6/15 valid=True db -13.45->-10.00
[15:31:12] trajectory done: step 11 task 2/4 gen 2/4 turns=6 reason=patience reward=-0.858  [166/960 trajectories overall]
[15:31:21]   rollout step 11 task 2/4 gen 3/4 turn 1/15 valid=True db -13.68->-37.68
[15:31:21] trajectory done: step 11 task 2/4 gen 3/4 turns=1 reason=goal_met reward=20.000  [167/960 trajectories overall]
[15:31:31]   rollout step 11 task 2/4 gen 4/4 turn 1/15 valid=True db -13.68->-14.03
[15:31:38]   rollout step 11 task 2/4 gen 4/4 turn 2/15 valid=True db -14.03->-14.75
[15:31:44]   rollout step 11 task 2/4 gen 4/4 turn 3/15 valid=True db -14.75->-10.33
[15:31:53]   rollout step 11 task 2/4 gen 4/4 turn 4/15 valid=True db -10.33->-8.44
[15:32:04]   rollout step 11 task 2/4 gen 4/4 turn 5/15 valid=True db -8.44->-10.16
[15:32:10]   rollout step 11 task 2/4 gen 4/4 turn 6/15 valid=True db -10.16->-13.36
[15:32:16]   rollout step 11 task 2/4 gen 4/4 turn 7/15 valid=True db -13.36->-9.91
[15:32:16] trajectory done: step 11 task 2/4 gen 4/4 turns=7 reason=patience reward=-0.382  [168/960 trajectories overall]
[15:32:17]   resampled start task 3/4 times=1 seed 5289->5290 initial_db=-14.48
[15:32:27]   rollout step 11 task 3/4 gen 1/4 turn 1/15 valid=True db -14.48->-37.33
[15:32:27] trajectory done: step 11 task 3/4 gen 1/4 turns=1 reason=goal_met reward=20.000  [169/960 trajectories overall]
[15:32:34]   rollout step 11 task 3/4 gen 2/4 turn 1/15 valid=True db -14.48->-14.57
[15:32:39]   rollout step 11 task 3/4 gen 2/4 turn 2/15 valid=True db -14.57->-14.49
[15:32:47]   rollout step 11 task 3/4 gen 2/4 turn 3/15 valid=True db -14.49->-14.56
[15:32:54]   rollout step 11 task 3/4 gen 2/4 turn 4/15 valid=True db -14.56->-14.22
[15:33:00]   rollout step 11 task 3/4 gen 2/4 turn 5/15 valid=True db -14.22->-14.54
[15:33:00] trajectory done: step 11 task 3/4 gen 2/4 turns=5 reason=patience reward=0.080  [170/960 trajectories overall]
[15:33:10]   rollout step 11 task 3/4 gen 3/4 turn 1/15 valid=True db -14.48->-15.06
[15:33:15]   rollout step 11 task 3/4 gen 3/4 turn 2/15 valid=True db -15.06->-14.98
[15:33:20]   rollout step 11 task 3/4 gen 3/4 turn 3/15 valid=True db -14.98->-15.05
[15:33:32]   rollout step 11 task 3/4 gen 3/4 turn 4/15 valid=True db -15.05->-12.67
[15:33:39]   rollout step 11 task 3/4 gen 3/4 turn 5/15 valid=True db -12.67->-12.61
[15:33:44]   rollout step 11 task 3/4 gen 3/4 turn 6/15 valid=True db -12.61->-12.67
[15:33:44] trajectory done: step 11 task 3/4 gen 3/4 turns=6 reason=patience reward=-0.137  [171/960 trajectories overall]
[15:33:53]   rollout step 11 task 3/4 gen 4/4 turn 1/15 valid=True db -14.48->-16.50
[15:33:58]   rollout step 11 task 3/4 gen 4/4 turn 2/15 valid=True db -16.50->-16.59
[15:34:06]   rollout step 11 task 3/4 gen 4/4 turn 3/15 valid=True db -16.59->-16.67
[15:34:15]   rollout step 11 task 3/4 gen 4/4 turn 4/15 valid=True db -16.67->-19.31
[15:34:20]   rollout step 11 task 3/4 gen 4/4 turn 5/15 valid=True db -19.31->-14.03
[15:34:27]   rollout step 11 task 3/4 gen 4/4 turn 6/15 valid=True db -14.03->-13.54
[15:34:31]   rollout step 11 task 3/4 gen 4/4 turn 7/15 valid=True db -13.54->-18.04
[15:34:39]   rollout step 11 task 3/4 gen 4/4 turn 8/15 valid=True db -18.04->-22.64
[15:34:45]   rollout step 11 task 3/4 gen 4/4 turn 9/15 valid=True db -22.64->-18.34
[15:34:52]   rollout step 11 task 3/4 gen 4/4 turn 10/15 valid=True db -18.34->-14.74
[15:34:57]   rollout step 11 task 3/4 gen 4/4 turn 11/15 valid=True db -14.74->-14.06
[15:35:02]   rollout step 11 task 3/4 gen 4/4 turn 12/15 valid=True db -14.06->-14.69
[15:35:09]   rollout step 11 task 3/4 gen 4/4 turn 13/15 valid=True db -14.69->-11.55
[15:35:09] trajectory done: step 11 task 3/4 gen 4/4 turns=13 reason=patience reward=4.831  [172/960 trajectories overall]
[15:35:18]   rollout step 11 task 4/4 gen 1/4 turn 1/15 valid=True db -18.28->-18.90
[15:35:27]   rollout step 11 task 4/4 gen 1/4 turn 2/15 valid=True db -18.90->-18.33
[15:35:33]   rollout step 11 task 4/4 gen 1/4 turn 3/15 valid=True db -18.33->-18.86
[15:35:42]   rollout step 11 task 4/4 gen 1/4 turn 4/15 valid=True db -18.86->-18.36
[15:35:47]   rollout step 11 task 4/4 gen 1/4 turn 5/15 valid=True db -18.36->-18.83
[15:35:55]   rollout step 11 task 4/4 gen 1/4 turn 6/15 valid=True db -18.83->-19.25
[15:36:03]   rollout step 11 task 4/4 gen 1/4 turn 7/15 valid=True db -19.25->-18.86
[15:36:07]   rollout step 11 task 4/4 gen 1/4 turn 8/15 valid=True db -18.86->-19.22
[15:36:12]   rollout step 11 task 4/4 gen 1/4 turn 9/15 valid=True db -19.22->-23.72
[15:36:22]   rollout step 11 task 4/4 gen 1/4 turn 10/15 valid=True db -23.72->-23.40
[15:36:28]   rollout step 11 task 4/4 gen 1/4 turn 11/15 valid=True db -23.40->-23.69
[15:36:33]   rollout step 11 task 4/4 gen 1/4 turn 12/15 valid=True db -23.69->-35.80
[15:36:33] trajectory done: step 11 task 4/4 gen 1/4 turns=12 reason=goal_met reward=17.516  [173/960 trajectories overall]
[15:36:42]   rollout step 11 task 4/4 gen 2/4 turn 1/15 valid=False db -18.28->-18.28
[15:36:48]   rollout step 11 task 4/4 gen 2/4 turn 2/15 valid=True db -18.28->-18.18
[15:36:52]   rollout step 11 task 4/4 gen 2/4 turn 3/15 valid=True db -18.18->-17.71
[15:36:59]   rollout step 11 task 4/4 gen 2/4 turn 4/15 valid=True db -17.71->-17.61
[15:37:04]   rollout step 11 task 4/4 gen 2/4 turn 5/15 valid=True db -17.61->-15.56
[15:37:04] trajectory done: step 11 task 4/4 gen 2/4 turns=5 reason=patience reward=-0.817  [174/960 trajectories overall]
[15:37:10]   rollout step 11 task 4/4 gen 3/4 turn 1/15 valid=True db -18.28->-34.19
[15:37:10] trajectory done: step 11 task 4/4 gen 3/4 turns=1 reason=goal_met reward=15.912  [175/960 trajectories overall]
[15:37:17]   rollout step 11 task 4/4 gen 4/4 turn 1/15 valid=True db -18.28->-18.90
[15:37:22]   rollout step 11 task 4/4 gen 4/4 turn 2/15 valid=False db -18.90->-18.90
[15:37:30]   rollout step 11 task 4/4 gen 4/4 turn 3/15 valid=True db -18.90->-19.42
[15:37:37]   rollout step 11 task 4/4 gen 4/4 turn 4/15 valid=True db -19.42->-18.05
[15:37:42]   rollout step 11 task 4/4 gen 4/4 turn 5/15 valid=True db -18.05->-17.75
[15:37:48]   rollout step 11 task 4/4 gen 4/4 turn 6/15 valid=True db -17.75->-14.29
[15:37:53]   rollout step 11 task 4/4 gen 4/4 turn 7/15 valid=True db -14.29->-14.03
[15:37:58]   rollout step 11 task 4/4 gen 4/4 turn 8/15 valid=True db -14.03->-13.77
[15:37:58] trajectory done: step 11 task 4/4 gen 4/4 turns=8 reason=patience reward=-0.556  [176/960 trajectories overall]
[15:37:58] step_stats={"best_improve_mean": 9.263663894771195, "best_improve_p50": 7.977735191766241, "goal_met_pct": 43.75, "group_best_mean": 18.35330888216151, "max_turns_pct": 0.0, "n_resampled_starts": 1, "n_trajectories": 16, "n_turns": 91, "patience_pct": 50.0, "pos_delta_rate": 0.5164835164835165, "reward_mean": 8.221809881997785, "reward_p25": -0.19845294590040705, "reward_p50": 5.525969480490495, "reward_p75": 16.241470545606905, "stop_pct": 6.25, "valid_turn_rate": 0.9560439560439561, "wg_range_mean": 18.332501551267587, "wg_std_mean": 8.111517253386463, "zero_adv_frac": 0.0}
[15:38:09]   gradient pass 20/91 turns backpropagated
[15:38:19]   gradient pass 40/91 turns backpropagated
[15:38:29]   gradient pass 60/91 turns backpropagated
[15:38:40]   gradient pass 80/91 turns backpropagated
[15:38:46]   gradient pass 91/91 turns backpropagated
[15:38:46] step 11/60 loss=-6.60236 reward_mean=8.222 reward_std=8.337 turns_mean=5.7 goal_met=7/16 stop=1 patience=8 kl_mean=-0.01836
[15:39:03]   rollout step 12 task 1/4 gen 1/4 turn 1/15 valid=True db -8.28->-6.77
[15:39:09]   rollout step 12 task 1/4 gen 1/4 turn 2/15 valid=True db -6.77->-5.23
[15:39:16]   rollout step 12 task 1/4 gen 1/4 turn 3/15 valid=True db -5.23->-4.52
[15:39:26]   rollout step 12 task 1/4 gen 1/4 turn 4/15 valid=True db -4.52->-5.18
[15:39:36]   rollout step 12 task 1/4 gen 1/4 turn 5/15 valid=True db -5.18->-5.87
[15:39:36] trajectory done: step 12 task 1/4 gen 1/4 turns=5 reason=patience reward=-0.722  [177/960 trajectories overall]
[15:39:45]   rollout step 12 task 1/4 gen 2/4 turn 1/15 valid=True db -8.28->-8.62
[15:39:55]   rollout step 12 task 1/4 gen 2/4 turn 2/15 valid=True db -8.62->-9.18
[15:40:03]   rollout step 12 task 1/4 gen 2/4 turn 3/15 valid=True db -9.18->-9.47
[15:40:09]   rollout step 12 task 1/4 gen 2/4 turn 4/15 valid=True db -9.47->-11.60
[15:40:14]   rollout step 12 task 1/4 gen 2/4 turn 5/15 valid=True db -11.60->-15.97
[15:40:21]   rollout step 12 task 1/4 gen 2/4 turn 6/15 valid=True db -15.97->-37.27
[15:40:21] trajectory done: step 12 task 1/4 gen 2/4 turns=6 reason=goal_met reward=20.000  [178/960 trajectories overall]
[15:40:29]   rollout step 12 task 1/4 gen 3/4 turn 1/15 valid=True db -8.28->-6.77
[15:40:36]   rollout step 12 task 1/4 gen 3/4 turn 2/15 valid=True db -6.77->-8.15
[15:40:45]   rollout step 12 task 1/4 gen 3/4 turn 3/15 valid=True db -8.15->-10.25
[15:40:56]   rollout step 12 task 1/4 gen 3/4 turn 4/15 valid=True db -10.25->-14.91
[15:41:03]   rollout step 12 task 1/4 gen 3/4 turn 5/15 valid=True db -14.91->-16.74
[15:41:10]   rollout step 12 task 1/4 gen 3/4 turn 6/15 valid=False db -16.74->-16.74
[15:41:16]   rollout step 12 task 1/4 gen 3/4 turn 7/15 valid=True db -16.74->-22.01
[15:41:23]   rollout step 12 task 1/4 gen 3/4 turn 8/15 valid=True db -22.01->-6.40
[15:41:30]   rollout step 12 task 1/4 gen 3/4 turn 9/15 valid=True db -6.40->-19.98
[15:41:37]   rollout step 12 task 1/4 gen 3/4 turn 10/15 valid=True db -19.98->-14.36
[15:41:42]   rollout step 12 task 1/4 gen 3/4 turn 11/15 valid=True db -14.36->-57.86
[15:41:42] trajectory done: step 12 task 1/4 gen 3/4 turns=11 reason=goal_met reward=20.000  [179/960 trajectories overall]
[15:41:48]   rollout step 12 task 1/4 gen 4/4 turn 1/15 valid=True db -8.28->-8.41
[15:41:54]   rollout step 12 task 1/4 gen 4/4 turn 2/15 valid=True db -8.41->-11.00
[15:41:59]   rollout step 12 task 1/4 gen 4/4 turn 3/15 valid=False db -11.00->-11.00
[15:42:05]   rollout step 12 task 1/4 gen 4/4 turn 4/15 valid=True db -11.00->-11.11
[15:42:12]   rollout step 12 task 1/4 gen 4/4 turn 5/15 valid=True db -11.11->-16.19
[15:42:20]   rollout step 12 task 1/4 gen 4/4 turn 6/15 valid=True db -16.19->-23.76
[15:42:27]   rollout step 12 task 1/4 gen 4/4 turn 7/15 valid=True db -23.76->-6.57
[15:42:32]   rollout step 12 task 1/4 gen 4/4 turn 8/15 valid=True db -6.57->-6.57
[15:42:32] trajectory done: step 12 task 1/4 gen 4/4 turns=8 reason=stop reward=11.325  [180/960 trajectories overall]
[15:42:43]   rollout step 12 task 2/4 gen 1/4 turn 1/15 valid=True db -7.80->-12.03
[15:42:49]   rollout step 12 task 2/4 gen 1/4 turn 2/15 valid=True db -12.03->-19.05
[15:42:57]   rollout step 12 task 2/4 gen 1/4 turn 3/15 valid=True db -19.05->-19.16
[15:43:08]   rollout step 12 task 2/4 gen 1/4 turn 4/15 valid=True db -19.16->-3.56
[15:43:16]   rollout step 12 task 2/4 gen 1/4 turn 5/15 valid=False db -3.56->-3.56
[15:43:25]   rollout step 12 task 2/4 gen 1/4 turn 6/15 valid=True db -3.56->-3.61
[15:43:33]   rollout step 12 task 2/4 gen 1/4 turn 7/15 valid=True db -3.61->-0.96
[15:43:33] trajectory done: step 12 task 2/4 gen 1/4 turns=7 reason=patience reward=5.909  [181/960 trajectories overall]
[15:43:41]   rollout step 12 task 2/4 gen 2/4 turn 1/15 valid=True db -7.80->-8.46
[15:43:47]   rollout step 12 task 2/4 gen 2/4 turn 2/15 valid=True db -8.46->-8.28
[15:43:52]   rollout step 12 task 2/4 gen 2/4 turn 3/15 valid=True db -8.28->-8.45
[15:44:00]   rollout step 12 task 2/4 gen 2/4 turn 4/15 valid=True db -8.45->-7.91
[15:44:05]   rollout step 12 task 2/4 gen 2/4 turn 5/15 valid=True db -7.91->-8.06
[15:44:14]   rollout step 12 task 2/4 gen 2/4 turn 6/15 valid=True db -8.06->-7.40
[15:44:14] trajectory done: step 12 task 2/4 gen 2/4 turns=6 reason=patience reward=0.350  [182/960 trajectories overall]
[15:44:21]   rollout step 12 task 2/4 gen 3/4 turn 1/15 valid=True db -7.80->-8.08
[15:44:29]   rollout step 12 task 2/4 gen 3/4 turn 2/15 valid=True db -8.08->-8.33
[15:44:37]   rollout step 12 task 2/4 gen 3/4 turn 3/15 valid=True db -8.33->-12.14
[15:44:45]   rollout step 12 task 2/4 gen 3/4 turn 4/15 valid=True db -12.14->-12.45
[15:44:58]   rollout step 12 task 2/4 gen 3/4 turn 5/15 valid=True db -12.45->-8.78
[15:45:04]   rollout step 12 task 2/4 gen 3/4 turn 6/15 valid=True db -8.78->-11.96
[15:45:10]   rollout step 12 task 2/4 gen 3/4 turn 7/15 valid=True db -11.96->-11.60
[15:45:15]   rollout step 12 task 2/4 gen 3/4 turn 8/15 valid=True db -11.60->-8.78
[15:45:20]   rollout step 12 task 2/4 gen 3/4 turn 9/15 valid=True db -8.78->-11.33
[15:45:20] trajectory done: step 12 task 2/4 gen 3/4 turns=9 reason=patience reward=4.322  [183/960 trajectories overall]
[15:45:27]   rollout step 12 task 2/4 gen 4/4 turn 1/15 valid=True db -7.80->-8.08
[15:45:33]   rollout step 12 task 2/4 gen 4/4 turn 2/15 valid=True db -8.08->-9.41
[15:45:43]   rollout step 12 task 2/4 gen 4/4 turn 3/15 valid=True db -9.41->-11.97
[15:45:55]   rollout step 12 task 2/4 gen 4/4 turn 4/15 valid=True db -11.97->-9.84
[15:46:03]   rollout step 12 task 2/4 gen 4/4 turn 5/15 valid=True db -9.84->-10.39
[15:46:15]   rollout step 12 task 2/4 gen 4/4 turn 6/15 valid=True db -10.39->-10.25
[15:46:22]   rollout step 12 task 2/4 gen 4/4 turn 7/15 valid=True db -10.25->-8.46
[15:46:30]   rollout step 12 task 2/4 gen 4/4 turn 8/15 valid=True db -8.46->-10.12
[15:46:30] trajectory done: step 12 task 2/4 gen 4/4 turns=8 reason=patience reward=3.625  [184/960 trajectories overall]
[15:46:39]   rollout step 12 task 3/4 gen 1/4 turn 1/15 valid=True db -17.11->-15.43
[15:46:47]   rollout step 12 task 3/4 gen 1/4 turn 2/15 valid=True db -15.43->-17.76
[15:46:57]   rollout step 12 task 3/4 gen 1/4 turn 3/15 valid=True db -17.76->-14.61
[15:47:07]   rollout step 12 task 3/4 gen 1/4 turn 4/15 valid=True db -14.61->-14.61
[15:47:16]   rollout step 12 task 3/4 gen 1/4 turn 5/15 valid=True db -14.61->-19.08
[15:47:22]   rollout step 12 task 3/4 gen 1/4 turn 6/15 valid=True db -19.08->-23.31
[15:47:29]   rollout step 12 task 3/4 gen 1/4 turn 7/15 valid=True db -23.31->-25.45
[15:47:38]   rollout step 12 task 3/4 gen 1/4 turn 8/15 valid=True db -25.45->-23.17
[15:47:45]   rollout step 12 task 3/4 gen 1/4 turn 9/15 valid=True db -23.17->-18.64
[15:47:54]   rollout step 12 task 3/4 gen 1/4 turn 10/15 valid=True db -18.64->-16.25
[15:48:01]   rollout step 12 task 3/4 gen 1/4 turn 11/15 valid=True db -16.25->-15.74
[15:48:06]   rollout step 12 task 3/4 gen 1/4 turn 12/15 valid=True db -15.74->-16.22
[15:48:06] trajectory done: step 12 task 3/4 gen 1/4 turns=12 reason=patience reward=5.564  [185/960 trajectories overall]
[15:48:14]   rollout step 12 task 3/4 gen 2/4 turn 1/15 valid=True db -17.11->-23.61
[15:48:26]   rollout step 12 task 3/4 gen 2/4 turn 2/15 valid=True db -23.61->-17.75
[15:48:31]   rollout step 12 task 3/4 gen 2/4 turn 3/15 valid=True db -17.75->-22.83
[15:48:37]   rollout step 12 task 3/4 gen 2/4 turn 4/15 valid=True db -22.83->-26.32
[15:48:43]   rollout step 12 task 3/4 gen 2/4 turn 5/15 valid=True db -26.32->-7.31
[15:48:49]   rollout step 12 task 3/4 gen 2/4 turn 6/15 valid=True db -7.31->-24.25
[15:49:01]   rollout step 12 task 3/4 gen 2/4 turn 7/15 valid=True db -24.25->-24.41
[15:49:09]   rollout step 12 task 3/4 gen 2/4 turn 8/15 valid=True db -24.41->-24.43
[15:49:15]   rollout step 12 task 3/4 gen 2/4 turn 9/15 valid=True db -24.43->-9.66
[15:49:15] trajectory done: step 12 task 3/4 gen 2/4 turns=9 reason=patience reward=4.204  [186/960 trajectories overall]
[15:49:22]   rollout step 12 task 3/4 gen 3/4 turn 1/15 valid=True db -17.11->-23.05
[15:49:28]   rollout step 12 task 3/4 gen 3/4 turn 2/15 valid=True db -23.05->-18.90
[15:49:33]   rollout step 12 task 3/4 gen 3/4 turn 3/15 valid=True db -18.90->-19.46
[15:49:41]   rollout step 12 task 3/4 gen 3/4 turn 4/15 valid=True db -19.46->-25.82
[15:49:47]   rollout step 12 task 3/4 gen 3/4 turn 5/15 valid=True db -25.82->-20.74
[15:49:52]   rollout step 12 task 3/4 gen 3/4 turn 6/15 valid=True db -20.74->-21.69
[15:49:58]   rollout step 12 task 3/4 gen 3/4 turn 7/15 valid=True db -21.69->-22.08
[15:50:04]   rollout step 12 task 3/4 gen 3/4 turn 8/15 valid=True db -22.08->-26.85
[15:50:10]   rollout step 12 task 3/4 gen 3/4 turn 9/15 valid=True db -26.85->-26.49
[15:50:15]   rollout step 12 task 3/4 gen 3/4 turn 10/15 valid=True db -26.49->-22.17
[15:50:20]   rollout step 12 task 3/4 gen 3/4 turn 11/15 valid=True db -22.17->-26.05
[15:50:26]   rollout step 12 task 3/4 gen 3/4 turn 12/15 valid=True db -26.05->-37.83
[15:50:26] trajectory done: step 12 task 3/4 gen 3/4 turns=12 reason=goal_met reward=20.000  [187/960 trajectories overall]
[15:50:34]   rollout step 12 task 3/4 gen 4/4 turn 1/15 valid=True db -17.11->-18.09
[15:50:40]   rollout step 12 task 3/4 gen 4/4 turn 2/15 valid=False db -18.09->-18.09
[15:50:46]   rollout step 12 task 3/4 gen 4/4 turn 3/15 valid=True db -18.09->-18.54
[15:50:55]   rollout step 12 task 3/4 gen 4/4 turn 4/15 valid=True db -18.54->-16.14
[15:51:00]   rollout step 12 task 3/4 gen 4/4 turn 5/15 valid=True db -16.14->-16.65
[15:51:12]   rollout step 12 task 3/4 gen 4/4 turn 6/15 valid=True db -16.65->-16.81
[15:51:20]   rollout step 12 task 3/4 gen 4/4 turn 7/15 valid=True db -16.81->-17.47
[15:51:25]   rollout step 12 task 3/4 gen 4/4 turn 8/15 valid=True db -17.47->-20.05
[15:51:33]   rollout step 12 task 3/4 gen 4/4 turn 9/15 valid=True db -20.05->-19.96
[15:51:38]   rollout step 12 task 3/4 gen 4/4 turn 10/15 valid=True db -19.96->-19.61
[15:51:44]   rollout step 12 task 3/4 gen 4/4 turn 11/15 valid=True db -19.61->-19.28
[15:51:49]   rollout step 12 task 3/4 gen 4/4 turn 12/15 valid=True db -19.28->-19.59
[15:51:57]   rollout step 12 task 3/4 gen 4/4 turn 13/15 valid=True db -19.59->-17.10
[15:51:57] trajectory done: step 12 task 3/4 gen 4/4 turns=13 reason=patience reward=2.049  [188/960 trajectories overall]
[15:51:58]   resampled start task 4/4 times=1 seed 5295->5296 initial_db=-16.39
[15:52:07]   rollout step 12 task 4/4 gen 1/4 turn 1/15 valid=True db -16.39->-19.09
[15:52:12]   rollout step 12 task 4/4 gen 1/4 turn 2/15 valid=True db -19.09->-19.84
[15:52:18]   rollout step 12 task 4/4 gen 1/4 turn 3/15 valid=True db -19.84->-14.16
[15:52:24]   rollout step 12 task 4/4 gen 1/4 turn 4/15 valid=True db -14.16->-11.79
[15:52:28]   rollout step 12 task 4/4 gen 1/4 turn 5/15 valid=True db -11.79->-13.91
[15:52:36]   rollout step 12 task 4/4 gen 1/4 turn 6/15 valid=True db -13.91->-20.13
[15:52:43]   rollout step 12 task 4/4 gen 1/4 turn 7/15 valid=True db -20.13->-15.64
[15:52:47]   rollout step 12 task 4/4 gen 1/4 turn 8/15 valid=True db -15.64->-2.40
[15:52:54]   rollout step 12 task 4/4 gen 1/4 turn 9/15 valid=True db -2.40->-2.40
[15:53:03]   rollout step 12 task 4/4 gen 1/4 turn 10/15 valid=True db -2.40->-2.40
[15:53:09]   rollout step 12 task 4/4 gen 1/4 turn 11/15 valid=True db -2.40->-1.33
[15:53:09] trajectory done: step 12 task 4/4 gen 1/4 turns=11 reason=patience reward=-1.899  [189/960 trajectories overall]
[15:53:16]   rollout step 12 task 4/4 gen 2/4 turn 1/15 valid=True db -16.39->-15.53
[15:53:20]   rollout step 12 task 4/4 gen 2/4 turn 2/15 valid=True db -15.53->-16.33
[15:53:26]   rollout step 12 task 4/4 gen 2/4 turn 3/15 valid=True db -16.33->-15.58
[15:53:31]   rollout step 12 task 4/4 gen 2/4 turn 4/15 valid=True db -15.58->-16.28
[15:53:38]   rollout step 12 task 4/4 gen 2/4 turn 5/15 valid=True db -16.28->-15.63
[15:53:38] trajectory done: step 12 task 4/4 gen 2/4 turns=5 reason=patience reward=-0.227  [190/960 trajectories overall]
[15:53:45]   rollout step 12 task 4/4 gen 3/4 turn 1/15 valid=True db -16.39->-17.00
[15:53:51]   rollout step 12 task 4/4 gen 3/4 turn 2/15 valid=True db -17.00->-1.07
[15:53:57]   rollout step 12 task 4/4 gen 3/4 turn 3/15 valid=True db -1.07->-3.14
[15:54:03]   rollout step 12 task 4/4 gen 3/4 turn 4/15 valid=True db -3.14->-1.07
[15:54:08]   rollout step 12 task 4/4 gen 3/4 turn 5/15 valid=True db -1.07->-2.80
[15:54:16]   rollout step 12 task 4/4 gen 3/4 turn 6/15 valid=True db -2.80->-1.27
[15:54:16] trajectory done: step 12 task 4/4 gen 3/4 turns=6 reason=patience reward=-4.114  [191/960 trajectories overall]
[15:54:22]   rollout step 12 task 4/4 gen 4/4 turn 1/15 valid=True db -16.39->-17.00
[15:54:27]   rollout step 12 task 4/4 gen 4/4 turn 2/15 valid=True db -17.00->-1.07
[15:54:35]   rollout step 12 task 4/4 gen 4/4 turn 3/15 valid=True db -1.07->-1.07
[15:54:42]   rollout step 12 task 4/4 gen 4/4 turn 4/15 valid=True db -1.07->-1.07
[15:54:51]   rollout step 12 task 4/4 gen 4/4 turn 5/15 valid=True db -1.07->-1.07
[15:55:12]   rollout step 12 task 4/4 gen 4/4 turn 6/15 valid=False db -1.07->-1.07
[15:55:12] trajectory done: step 12 task 4/4 gen 4/4 turns=6 reason=patience reward=-4.172  [192/960 trajectories overall]
[15:55:12] step_stats={"best_improve_mean": 10.066988052599548, "best_improve_p50": 4.419500629634555, "goal_met_pct": 18.75, "group_best_mean": 11.420405222355313, "max_turns_pct": 0.0, "n_resampled_starts": 1, "n_trajectories": 16, "n_turns": 134, "patience_pct": 75.0, "pos_delta_rate": 0.5447761194029851, "reward_mean": 5.38838117118169, "reward_p25": -0.35089541531484303, "reward_p50": 3.9145132362751656, "reward_p75": 7.2628270762402245, "stop_pct": 6.25, "valid_turn_rate": 0.9626865671641791, "wg_range_mean": 12.043931144433932, "wg_std_mean": 4.808852509091219, "zero_adv_frac": 0.0}
[15:55:22]   gradient pass 20/134 turns backpropagated
[15:55:33]   gradient pass 40/134 turns backpropagated
[15:55:44]   gradient pass 60/134 turns backpropagated
[15:55:55]   gradient pass 80/134 turns backpropagated
[15:56:06]   gradient pass 100/134 turns backpropagated
[15:56:18]   gradient pass 120/134 turns backpropagated
[15:56:25]   gradient pass 134/134 turns backpropagated
[15:56:25] step 12/60 loss=-0.29588 reward_mean=5.388 reward_std=7.992 turns_mean=8.4 goal_met=3/16 stop=1 patience=12 kl_mean=0.11404
[15:56:35]   rollout step 13 task 1/4 gen 1/4 turn 1/15 valid=True db -12.00->-12.33
[15:56:43]   rollout step 13 task 1/4 gen 1/4 turn 2/15 valid=True db -12.33->-36.58
[15:56:43] trajectory done: step 13 task 1/4 gen 1/4 turns=2 reason=goal_met reward=20.000  [193/960 trajectories overall]
[15:56:50]   rollout step 13 task 1/4 gen 2/4 turn 1/15 valid=True db -12.00->-12.14
[15:57:02]   rollout step 13 task 1/4 gen 2/4 turn 2/15 valid=True db -12.14->-12.01
[15:57:10]   rollout step 13 task 1/4 gen 2/4 turn 3/15 valid=True db -12.01->-9.78
[15:57:17]   rollout step 13 task 1/4 gen 2/4 turn 4/15 valid=True db -9.78->-9.95
[15:57:26]   rollout step 13 task 1/4 gen 2/4 turn 5/15 valid=True db -9.95->-10.09
[15:57:26] trajectory done: step 13 task 1/4 gen 2/4 turns=5 reason=patience reward=-0.471  [194/960 trajectories overall]
[15:57:36]   rollout step 13 task 1/4 gen 3/4 turn 1/15 valid=True db -12.00->-12.33
[15:57:44]   rollout step 13 task 1/4 gen 3/4 turn 2/15 valid=True db -12.33->-12.47
[15:57:53]   rollout step 13 task 1/4 gen 3/4 turn 3/15 valid=True db -12.47->-11.76
[15:58:02]   rollout step 13 task 1/4 gen 3/4 turn 4/15 valid=True db -11.76->-12.03
[15:58:07]   rollout step 13 task 1/4 gen 3/4 turn 5/15 valid=True db -12.03->-11.91
[15:58:12]   rollout step 13 task 1/4 gen 3/4 turn 6/15 valid=True db -11.91->-11.68
[15:58:12] trajectory done: step 13 task 1/4 gen 3/4 turns=6 reason=patience reward=0.235  [195/960 trajectories overall]
[15:58:22]   rollout step 13 task 1/4 gen 4/4 turn 1/15 valid=True db -12.00->-9.69
[15:58:29]   rollout step 13 task 1/4 gen 4/4 turn 2/15 valid=True db -9.69->-15.95
[15:58:38]   rollout step 13 task 1/4 gen 4/4 turn 3/15 valid=True db -15.95->-16.25
[15:58:45]   rollout step 13 task 1/4 gen 4/4 turn 4/15 valid=True db -16.25->-16.52
[15:58:56]   rollout step 13 task 1/4 gen 4/4 turn 5/15 valid=True db -16.52->-15.24
[15:59:02]   rollout step 13 task 1/4 gen 4/4 turn 6/15 valid=True db -15.24->-15.01
[15:59:10]   rollout step 13 task 1/4 gen 4/4 turn 7/15 valid=True db -15.01->-18.53
[15:59:17]   rollout step 13 task 1/4 gen 4/4 turn 8/15 valid=True db -18.53->-18.34
[15:59:23]   rollout step 13 task 1/4 gen 4/4 turn 9/15 valid=True db -18.34->-11.63
[15:59:29]   rollout step 13 task 1/4 gen 4/4 turn 10/15 valid=True db -11.63->-19.35
[15:59:35]   rollout step 13 task 1/4 gen 4/4 turn 11/15 valid=True db -19.35->-17.14
[15:59:40]   rollout step 13 task 1/4 gen 4/4 turn 12/15 valid=True db -17.14->-20.49
[15:59:48]   rollout step 13 task 1/4 gen 4/4 turn 13/15 valid=True db -20.49->-20.59
[15:59:53]   rollout step 13 task 1/4 gen 4/4 turn 14/15 valid=True db -20.59->-20.50
[15:59:59]   rollout step 13 task 1/4 gen 4/4 turn 15/15 valid=True db -20.50->-20.58
[15:59:59] trajectory done: step 13 task 1/4 gen 4/4 turns=15 reason=max_turns reward=8.588  [196/960 trajectories overall]
[16:00:07]   rollout step 13 task 2/4 gen 1/4 turn 1/15 valid=True db -11.23->-11.21
[16:00:13]   rollout step 13 task 2/4 gen 1/4 turn 2/15 valid=True db -11.21->-11.59
[16:00:25]   rollout step 13 task 2/4 gen 1/4 turn 3/15 valid=True db -11.59->-10.85
[16:00:34]   rollout step 13 task 2/4 gen 1/4 turn 4/15 valid=True db -10.85->-8.58
[16:00:41]   rollout step 13 task 2/4 gen 1/4 turn 5/15 valid=True db -8.58->-10.70
[16:00:48]   rollout step 13 task 2/4 gen 1/4 turn 6/15 valid=True db -10.70->-12.47
[16:00:54]   rollout step 13 task 2/4 gen 1/4 turn 7/15 valid=True db -12.47->-14.10
[16:01:00]   rollout step 13 task 2/4 gen 1/4 turn 8/15 valid=True db -14.10->-14.11
[16:01:07]   rollout step 13 task 2/4 gen 1/4 turn 9/15 valid=True db -14.11->-17.37
[16:01:14]   rollout step 13 task 2/4 gen 1/4 turn 10/15 valid=True db -17.37->-19.57
[16:01:23]   rollout step 13 task 2/4 gen 1/4 turn 11/15 valid=True db -19.57->-17.52
[16:01:28]   rollout step 13 task 2/4 gen 1/4 turn 12/15 valid=True db -17.52->-19.42
[16:01:35]   rollout step 13 task 2/4 gen 1/4 turn 13/15 valid=True db -19.42->-18.62
[16:01:41]   rollout step 13 task 2/4 gen 1/4 turn 14/15 valid=True db -18.62->-15.86
[16:01:49]   rollout step 13 task 2/4 gen 1/4 turn 15/15 valid=True db -15.86->-16.28
[16:01:49] trajectory done: step 13 task 2/4 gen 1/4 turns=15 reason=patience reward=7.359  [197/960 trajectories overall]
[16:01:57]   rollout step 13 task 2/4 gen 2/4 turn 1/15 valid=True db -11.23->-11.21
[16:02:08]   rollout step 13 task 2/4 gen 2/4 turn 2/15 valid=True db -11.21->-11.17
[16:02:17]   rollout step 13 task 2/4 gen 2/4 turn 3/15 valid=True db -11.17->-9.21
[16:02:22]   rollout step 13 task 2/4 gen 2/4 turn 4/15 valid=True db -9.21->-9.55
[16:02:30]   rollout step 13 task 2/4 gen 2/4 turn 5/15 valid=True db -9.55->-8.58
[16:02:30] trajectory done: step 13 task 2/4 gen 2/4 turns=5 reason=patience reward=-0.794  [198/960 trajectories overall]
[16:02:37]   rollout step 13 task 2/4 gen 3/4 turn 1/15 valid=True db -11.23->-11.63
[16:02:42]   rollout step 13 task 2/4 gen 3/4 turn 2/15 valid=True db -11.63->-14.84
[16:02:49]   rollout step 13 task 2/4 gen 3/4 turn 3/15 valid=True db -14.84->-31.03
[16:02:49] trajectory done: step 13 task 2/4 gen 3/4 turns=3 reason=goal_met reward=19.802  [199/960 trajectories overall]
[16:02:56]   rollout step 13 task 2/4 gen 4/4 turn 1/15 valid=True db -11.23->-11.21
[16:03:02]   rollout step 13 task 2/4 gen 4/4 turn 2/15 valid=True db -11.21->-10.79
[16:03:07]   rollout step 13 task 2/4 gen 4/4 turn 3/15 valid=True db -10.79->-11.18
[16:03:16]   rollout step 13 task 2/4 gen 4/4 turn 4/15 valid=True db -11.18->-14.12
[16:03:24]   rollout step 13 task 2/4 gen 4/4 turn 5/15 valid=True db -14.12->-11.34
[16:03:31]   rollout step 13 task 2/4 gen 4/4 turn 6/15 valid=True db -11.34->-9.72
[16:03:38]   rollout step 13 task 2/4 gen 4/4 turn 7/15 valid=True db -9.72->-8.50
[16:03:43]   rollout step 13 task 2/4 gen 4/4 turn 8/15 valid=True db -8.50->-8.28
[16:03:50]   rollout step 13 task 2/4 gen 4/4 turn 9/15 valid=True db -8.28->-8.48
[16:03:50] trajectory done: step 13 task 2/4 gen 4/4 turns=9 reason=patience reward=1.205  [200/960 trajectories overall]
[16:03:51]   resampled start task 3/4 times=1 seed 5299->5300 initial_db=-13.92
[16:03:58]   rollout step 13 task 3/4 gen 1/4 turn 1/15 valid=True db -13.92->-34.18
[16:03:58] trajectory done: step 13 task 3/4 gen 1/4 turns=1 reason=goal_met reward=20.000  [201/960 trajectories overall]
[16:04:06]   rollout step 13 task 3/4 gen 2/4 turn 1/15 valid=True db -13.92->-14.39
[16:04:11]   rollout step 13 task 3/4 gen 2/4 turn 2/15 valid=True db -14.39->-29.37
[16:04:19]   rollout step 13 task 3/4 gen 2/4 turn 3/15 valid=True db -29.37->-9.56
[16:04:25]   rollout step 13 task 3/4 gen 2/4 turn 4/15 valid=True db -9.56->-34.47
[16:04:25] trajectory done: step 13 task 3/4 gen 2/4 turns=4 reason=goal_met reward=20.000  [202/960 trajectories overall]
[16:04:31]   rollout step 13 task 3/4 gen 3/4 turn 1/15 valid=True db -13.92->-17.66
[16:04:38]   rollout step 13 task 3/4 gen 3/4 turn 2/15 valid=True db -17.66->-17.88
[16:04:45]   rollout step 13 task 3/4 gen 3/4 turn 3/15 valid=True db -17.88->-17.64
[16:04:55]   rollout step 13 task 3/4 gen 3/4 turn 4/15 valid=True db -17.64->-18.03
[16:05:04]   rollout step 13 task 3/4 gen 3/4 turn 5/15 valid=True db -18.03->-16.81
[16:05:10]   rollout step 13 task 3/4 gen 3/4 turn 6/15 valid=True db -16.81->-6.73
[16:05:16]   rollout step 13 task 3/4 gen 3/4 turn 7/15 valid=True db -6.73->-7.52
[16:05:16] trajectory done: step 13 task 3/4 gen 3/4 turns=7 reason=patience reward=0.957  [203/960 trajectories overall]
[16:05:23]   rollout step 13 task 3/4 gen 4/4 turn 1/15 valid=True db -13.92->-32.73
[16:05:23] trajectory done: step 13 task 3/4 gen 4/4 turns=1 reason=goal_met reward=18.814  [204/960 trajectories overall]
[16:05:32]   rollout step 13 task 4/4 gen 1/4 turn 1/15 valid=True db -17.09->-17.54
[16:05:38]   rollout step 13 task 4/4 gen 1/4 turn 2/15 valid=True db -17.54->-17.93
[16:05:42]   rollout step 13 task 4/4 gen 1/4 turn 3/15 valid=True db -17.93->-17.57
[16:05:49]   rollout step 13 task 4/4 gen 1/4 turn 4/15 valid=True db -17.57->-15.69
[16:05:54]   rollout step 13 task 4/4 gen 1/4 turn 5/15 valid=True db -15.69->-16.05
[16:06:02]   rollout step 13 task 4/4 gen 1/4 turn 6/15 valid=True db -16.05->-14.44
[16:06:07]   rollout step 13 task 4/4 gen 1/4 turn 7/15 valid=True db -14.44->-14.72
[16:06:07] trajectory done: step 13 task 4/4 gen 1/4 turns=7 reason=patience reward=-0.125  [205/960 trajectories overall]
[16:06:12]   rollout step 13 task 4/4 gen 2/4 turn 1/15 valid=True db -17.09->-10.74
[16:06:18]   rollout step 13 task 4/4 gen 2/4 turn 2/15 valid=True db -10.74->-15.83
[16:06:25]   rollout step 13 task 4/4 gen 2/4 turn 3/15 valid=True db -15.83->-15.92
[16:06:37]   rollout step 13 task 4/4 gen 2/4 turn 4/15 valid=True db -15.92->-11.50
[16:06:47]   rollout step 13 task 4/4 gen 2/4 turn 5/15 valid=True db -11.50->-15.73
[16:06:47] trajectory done: step 13 task 4/4 gen 2/4 turns=5 reason=patience reward=-0.409  [206/960 trajectories overall]
[16:06:53]   rollout step 13 task 4/4 gen 3/4 turn 1/15 valid=True db -17.09->-12.44
[16:07:02]   rollout step 13 task 4/4 gen 3/4 turn 2/15 valid=True db -12.44->-1.59
[16:07:08]   rollout step 13 task 4/4 gen 3/4 turn 3/15 valid=True db -1.59->-18.60
[16:07:13]   rollout step 13 task 4/4 gen 3/4 turn 4/15 valid=True db -18.60->-1.13
[16:07:21]   rollout step 13 task 4/4 gen 3/4 turn 5/15 valid=True db -1.13->-15.24
[16:07:29]   rollout step 13 task 4/4 gen 3/4 turn 6/15 valid=True db -15.24->-1.54
[16:07:35]   rollout step 13 task 4/4 gen 3/4 turn 7/15 valid=True db -1.54->-13.59
[16:07:39]   rollout step 13 task 4/4 gen 3/4 turn 8/15 valid=True db -13.59->-19.75
[16:07:46]   rollout step 13 task 4/4 gen 3/4 turn 9/15 valid=True db -19.75->-20.01
[16:07:52]   rollout step 13 task 4/4 gen 3/4 turn 10/15 valid=True db -20.01->-16.74
[16:07:57]   rollout step 13 task 4/4 gen 3/4 turn 11/15 valid=True db -16.74->-21.14
[16:08:08]   rollout step 13 task 4/4 gen 3/4 turn 12/15 valid=True db -21.14->-21.34
[16:08:16]   rollout step 13 task 4/4 gen 3/4 turn 13/15 valid=True db -21.34->-21.53
[16:08:23]   rollout step 13 task 4/4 gen 3/4 turn 14/15 valid=True db -21.53->-21.65
[16:08:29]   rollout step 13 task 4/4 gen 3/4 turn 15/15 valid=True db -21.65->-9.27
[16:08:29] trajectory done: step 13 task 4/4 gen 3/4 turns=15 reason=max_turns reward=0.846  [207/960 trajectories overall]
[16:08:37]   rollout step 13 task 4/4 gen 4/4 turn 1/15 valid=True db -17.09->-17.54
[16:08:43]   rollout step 13 task 4/4 gen 4/4 turn 2/15 valid=True db -17.54->-17.93
[16:08:51]   rollout step 13 task 4/4 gen 4/4 turn 3/15 valid=True db -17.93->-18.27
[16:09:01]   rollout step 13 task 4/4 gen 4/4 turn 4/15 valid=True db -18.27->-16.52
[16:09:07]   rollout step 13 task 4/4 gen 4/4 turn 5/15 valid=True db -16.52->-16.87
[16:09:15]   rollout step 13 task 4/4 gen 4/4 turn 6/15 valid=True db -16.87->-22.10
[16:09:24]   rollout step 13 task 4/4 gen 4/4 turn 7/15 valid=True db -22.10->-21.58
[16:09:29]   rollout step 13 task 4/4 gen 4/4 turn 8/15 valid=True db -21.58->-22.72
[16:09:35]   rollout step 13 task 4/4 gen 4/4 turn 9/15 valid=True db -22.72->-22.72
[16:09:41]   rollout step 13 task 4/4 gen 4/4 turn 10/15 valid=True db -22.72->-23.16
[16:09:48]   rollout step 13 task 4/4 gen 4/4 turn 11/15 valid=True db -23.16->-38.07
[16:09:48] trajectory done: step 13 task 4/4 gen 4/4 turns=11 reason=goal_met reward=20.000  [208/960 trajectories overall]
[16:09:48] step_stats={"best_improve_mean": 9.683782962386601, "best_improve_p50": 6.453233923869012, "goal_met_pct": 37.5, "group_best_mean": 19.95045410811491, "max_turns_pct": 12.5, "n_resampled_starts": 1, "n_trajectories": 16, "n_turns": 111, "patience_pct": 50.0, "pos_delta_rate": 0.5765765765765766, "reward_mean": 8.500497717949512, "reward_p25": 0.14525579159385626, "reward_p50": 4.281859429394782, "reward_p75": 19.851362324344738, "stop_pct": 0.0, "valid_turn_rate": 1.0, "wg_range_mean": 20.129573787081767, "wg_std_mean": 8.253766046975848, "zero_adv_frac": 0.0}
[16:09:58]   gradient pass 20/111 turns backpropagated
[16:10:10]   gradient pass 40/111 turns backpropagated
[16:10:21]   gradient pass 60/111 turns backpropagated
[16:10:32]   gradient pass 80/111 turns backpropagated
[16:10:43]   gradient pass 100/111 turns backpropagated
[16:10:49]   gradient pass 111/111 turns backpropagated
[16:10:49] step 13/60 loss=-3.25071 reward_mean=8.500 reward_std=9.090 turns_mean=6.9 goal_met=6/16 stop=0 patience=8 kl_mean=-0.24559
[16:10:54]   rollout step 14 task 1/4 gen 1/4 turn 1/15 valid=True db -11.99->-12.25
[16:11:01]   rollout step 14 task 1/4 gen 1/4 turn 2/15 valid=True db -12.25->-23.09
[16:11:12]   rollout step 14 task 1/4 gen 1/4 turn 3/15 valid=True db -23.09->-10.00
[16:11:16]   rollout step 14 task 1/4 gen 1/4 turn 4/15 valid=True db -10.00->-25.42
[16:11:21]   rollout step 14 task 1/4 gen 1/4 turn 5/15 valid=True db -25.42->-25.22
[16:11:26]   rollout step 14 task 1/4 gen 1/4 turn 6/15 valid=True db -25.22->-25.41
[16:11:32]   rollout step 14 task 1/4 gen 1/4 turn 7/15 valid=True db -25.41->-25.58
[16:11:38]   rollout step 14 task 1/4 gen 1/4 turn 8/15 valid=True db -25.58->-14.69
[16:11:43]   rollout step 14 task 1/4 gen 1/4 turn 9/15 valid=True db -14.69->-14.53
[16:11:43] trajectory done: step 14 task 1/4 gen 1/4 turns=9 reason=patience reward=10.271  [209/960 trajectories overall]
[16:11:50]   rollout step 14 task 1/4 gen 2/4 turn 1/15 valid=True db -11.99->-10.57
[16:11:55]   rollout step 14 task 1/4 gen 2/4 turn 2/15 valid=True db -10.57->-9.50
[16:12:00]   rollout step 14 task 1/4 gen 2/4 turn 3/15 valid=True db -9.50->-9.65
[16:12:07]   rollout step 14 task 1/4 gen 2/4 turn 4/15 valid=True db -9.65->-9.82
[16:12:14]   rollout step 14 task 1/4 gen 2/4 turn 5/15 valid=True db -9.82->-9.50
[16:12:14] trajectory done: step 14 task 1/4 gen 2/4 turns=5 reason=patience reward=-0.746  [210/960 trajectories overall]
[16:12:22]   rollout step 14 task 1/4 gen 3/4 turn 1/15 valid=True db -11.99->-12.17
[16:12:29]   rollout step 14 task 1/4 gen 3/4 turn 2/15 valid=True db -12.17->-12.32
[16:12:35]   rollout step 14 task 1/4 gen 3/4 turn 3/15 valid=True db -12.32->-12.45
[16:12:41]   rollout step 14 task 1/4 gen 3/4 turn 4/15 valid=True db -12.45->-8.50
[16:12:48]   rollout step 14 task 1/4 gen 3/4 turn 5/15 valid=True db -8.50->-12.19
[16:13:02]   rollout step 14 task 1/4 gen 3/4 turn 6/15 valid=True db -12.19->-8.80
[16:13:08]   rollout step 14 task 1/4 gen 3/4 turn 7/15 valid=True db -8.80->-11.97
[16:13:08] trajectory done: step 14 task 1/4 gen 3/4 turns=7 reason=patience reward=0.311  [211/960 trajectories overall]
[16:13:19]   rollout step 14 task 1/4 gen 4/4 turn 1/15 valid=True db -11.99->-12.17
[16:13:27]   rollout step 14 task 1/4 gen 4/4 turn 2/15 valid=True db -12.17->-12.32
[16:13:33]   rollout step 14 task 1/4 gen 4/4 turn 3/15 valid=False db -12.32->-12.32
[16:13:39]   rollout step 14 task 1/4 gen 4/4 turn 4/15 valid=True db -12.32->-12.55
[16:13:46]   rollout step 14 task 1/4 gen 4/4 turn 5/15 valid=True db -12.55->-12.67
[16:13:53]   rollout step 14 task 1/4 gen 4/4 turn 6/15 valid=True db -12.67->-11.66
[16:13:57]   rollout step 14 task 1/4 gen 4/4 turn 7/15 valid=True db -11.66->-11.84
[16:14:05]   rollout step 14 task 1/4 gen 4/4 turn 8/15 valid=True db -11.84->-12.01
[16:14:10]   rollout step 14 task 1/4 gen 4/4 turn 9/15 valid=True db -12.01->-12.18
[16:14:10] trajectory done: step 14 task 1/4 gen 4/4 turns=9 reason=patience reward=0.527  [212/960 trajectories overall]
[16:14:15]   rollout step 14 task 2/4 gen 1/4 turn 1/15 valid=True db -12.06->-29.35
[16:14:20]   rollout step 14 task 2/4 gen 1/4 turn 2/15 valid=False db -29.35->-29.35
[16:14:28]   rollout step 14 task 2/4 gen 1/4 turn 3/15 valid=True db -29.35->-3.63
[16:14:33]   rollout step 14 task 2/4 gen 1/4 turn 4/15 valid=True db -3.63->-1.91
[16:14:37]   rollout step 14 task 2/4 gen 1/4 turn 5/15 valid=True db -1.91->-1.91
[16:14:37] trajectory done: step 14 task 2/4 gen 1/4 turns=5 reason=stop reward=10.058  [213/960 trajectories overall]
[16:14:43]   rollout step 14 task 2/4 gen 2/4 turn 1/15 valid=True db -12.06->-29.35
[16:14:48]   rollout step 14 task 2/4 gen 2/4 turn 2/15 valid=True db -29.35->-3.36
[16:14:53]   rollout step 14 task 2/4 gen 2/4 turn 3/15 valid=True db -3.36->-2.57
[16:14:58]   rollout step 14 task 2/4 gen 2/4 turn 4/15 valid=True db -2.57->-5.61
[16:15:07]   rollout step 14 task 2/4 gen 2/4 turn 5/15 valid=True db -5.61->-67.37
[16:15:07] trajectory done: step 14 task 2/4 gen 2/4 turns=5 reason=goal_met reward=20.000  [214/960 trajectories overall]
[16:15:16]   rollout step 14 task 2/4 gen 3/4 turn 1/15 valid=True db -12.06->-12.07
[16:15:23]   rollout step 14 task 2/4 gen 3/4 turn 2/15 valid=True db -12.07->-9.18
[16:15:32]   rollout step 14 task 2/4 gen 3/4 turn 3/15 valid=True db -9.18->-18.50
[16:15:38]   rollout step 14 task 2/4 gen 3/4 turn 4/15 valid=True db -18.50->-5.33
[16:15:43]   rollout step 14 task 2/4 gen 3/4 turn 5/15 valid=True db -5.33->-21.41
[16:15:49]   rollout step 14 task 2/4 gen 3/4 turn 6/15 valid=True db -21.41->-6.40
[16:15:54]   rollout step 14 task 2/4 gen 3/4 turn 7/15 valid=True db -6.40->-24.19
[16:16:01]   rollout step 14 task 2/4 gen 3/4 turn 8/15 valid=True db -24.19->-7.68
[16:16:06]   rollout step 14 task 2/4 gen 3/4 turn 9/15 valid=True db -7.68->-7.68
[16:16:06] trajectory done: step 14 task 2/4 gen 3/4 turns=9 reason=stop reward=8.176  [215/960 trajectories overall]
[16:16:11]   rollout step 14 task 2/4 gen 4/4 turn 1/15 valid=True db -12.06->-16.24
[16:16:17]   rollout step 14 task 2/4 gen 4/4 turn 2/15 valid=True db -16.24->-16.31
[16:16:23]   rollout step 14 task 2/4 gen 4/4 turn 3/15 valid=True db -16.31->-21.48
[16:16:32]   rollout step 14 task 2/4 gen 4/4 turn 4/15 valid=True db -21.48->-29.10
[16:16:40]   rollout step 14 task 2/4 gen 4/4 turn 5/15 valid=True db -29.10->-41.28
[16:16:40] trajectory done: step 14 task 2/4 gen 4/4 turns=5 reason=goal_met reward=20.000  [216/960 trajectories overall]
[16:16:49]   rollout step 14 task 3/4 gen 1/4 turn 1/15 valid=True db -18.01->-20.97
[16:16:56]   rollout step 14 task 3/4 gen 1/4 turn 2/15 valid=True db -20.97->-25.34
[16:17:04]   rollout step 14 task 3/4 gen 1/4 turn 3/15 valid=True db -25.34->-14.52
[16:17:10]   rollout step 14 task 3/4 gen 1/4 turn 4/15 valid=True db -14.52->-27.40
[16:17:17]   rollout step 14 task 3/4 gen 1/4 turn 5/15 valid=True db -27.40->-15.66
[16:17:23]   rollout step 14 task 3/4 gen 1/4 turn 6/15 valid=True db -15.66->-4.52
[16:17:31]   rollout step 14 task 3/4 gen 1/4 turn 7/15 valid=True db -4.52->-14.64
[16:17:38]   rollout step 14 task 3/4 gen 1/4 turn 8/15 valid=True db -14.64->-5.28
[16:17:46]   rollout step 14 task 3/4 gen 1/4 turn 9/15 valid=True db -5.28->-1.14
[16:17:46] trajectory done: step 14 task 3/4 gen 1/4 turns=9 reason=patience reward=1.513  [217/960 trajectories overall]
[16:17:55]   rollout step 14 task 3/4 gen 2/4 turn 1/15 valid=True db -18.01->-18.17
[16:18:01]   rollout step 14 task 3/4 gen 2/4 turn 2/15 valid=True db -18.17->-18.32
[16:18:06]   rollout step 14 task 3/4 gen 2/4 turn 3/15 valid=False db -18.32->-18.32
[16:18:12]   rollout step 14 task 3/4 gen 2/4 turn 4/15 valid=True db -18.32->-26.08
[16:18:18]   rollout step 14 task 3/4 gen 2/4 turn 5/15 valid=True db -26.08->-8.22
[16:18:25]   rollout step 14 task 3/4 gen 2/4 turn 6/15 valid=True db -8.22->-10.34
[16:18:31]   rollout step 14 task 3/4 gen 2/4 turn 7/15 valid=True db -10.34->-2.41
[16:18:36]   rollout step 14 task 3/4 gen 2/4 turn 8/15 valid=True db -2.41->-9.62
[16:18:43]   rollout step 14 task 3/4 gen 2/4 turn 9/15 valid=True db -9.62->-2.77
[16:18:43] trajectory done: step 14 task 3/4 gen 2/4 turns=9 reason=patience reward=1.077  [218/960 trajectories overall]
[16:18:50]   rollout step 14 task 3/4 gen 3/4 turn 1/15 valid=True db -18.01->-18.45
[16:18:57]   rollout step 14 task 3/4 gen 3/4 turn 2/15 valid=True db -18.45->-21.63
[16:19:08]   rollout step 14 task 3/4 gen 3/4 turn 3/15 valid=True db -21.63->-16.96
[16:19:14]   rollout step 14 task 3/4 gen 3/4 turn 4/15 valid=True db -16.96->-15.45
[16:19:19]   rollout step 14 task 3/4 gen 3/4 turn 5/15 valid=True db -15.45->-3.77
[16:19:23]   rollout step 14 task 3/4 gen 3/4 turn 6/15 valid=True db -3.77->-14.26
[16:19:29]   rollout step 14 task 3/4 gen 3/4 turn 7/15 valid=True db -14.26->-4.27
[16:19:29] trajectory done: step 14 task 3/4 gen 3/4 turns=7 reason=patience reward=-1.586  [219/960 trajectories overall]
[16:19:38]   rollout step 14 task 3/4 gen 4/4 turn 1/15 valid=True db -18.01->-18.17
[16:19:45]   rollout step 14 task 3/4 gen 4/4 turn 2/15 valid=True db -18.17->-11.59
[16:19:51]   rollout step 14 task 3/4 gen 4/4 turn 3/15 valid=True db -11.59->-17.69
[16:20:00]   rollout step 14 task 3/4 gen 4/4 turn 4/15 valid=True db -17.69->-17.81
[16:20:05]   rollout step 14 task 3/4 gen 4/4 turn 5/15 valid=True db -17.81->-17.93
[16:20:05] trajectory done: step 14 task 3/4 gen 4/4 turns=5 reason=patience reward=0.087  [220/960 trajectories overall]
[16:20:13]   rollout step 14 task 4/4 gen 1/4 turn 1/15 valid=True db -17.95->-18.21
[16:20:18]   rollout step 14 task 4/4 gen 1/4 turn 2/15 valid=True db -18.21->-12.45
[16:20:24]   rollout step 14 task 4/4 gen 1/4 turn 3/15 valid=True db -12.45->-19.44
[16:20:32]   rollout step 14 task 4/4 gen 1/4 turn 4/15 valid=True db -19.44->-13.82
[16:20:39]   rollout step 14 task 4/4 gen 1/4 turn 5/15 valid=True db -13.82->-13.82
[16:20:39] trajectory done: step 14 task 4/4 gen 1/4 turns=5 reason=stop reward=0.805  [221/960 trajectories overall]
[16:20:44]   rollout step 14 task 4/4 gen 2/4 turn 1/15 valid=True db -17.95->-18.93
[16:20:52]   rollout step 14 task 4/4 gen 2/4 turn 2/15 valid=False db -18.93->-18.93
[16:21:02]   rollout step 14 task 4/4 gen 2/4 turn 3/15 valid=True db -18.93->-18.08
[16:21:11]   rollout step 14 task 4/4 gen 2/4 turn 4/15 valid=True db -18.08->-17.88
[16:21:17]   rollout step 14 task 4/4 gen 2/4 turn 5/15 valid=True db -17.88->-17.88
[16:21:17] trajectory done: step 14 task 4/4 gen 2/4 turns=5 reason=stop reward=1.662  [222/960 trajectories overall]
[16:21:23]   rollout step 14 task 4/4 gen 3/4 turn 1/15 valid=True db -17.95->-18.21
[16:21:29]   rollout step 14 task 4/4 gen 3/4 turn 2/15 valid=True db -18.21->-18.46
[16:21:37]   rollout step 14 task 4/4 gen 3/4 turn 3/15 valid=True db -18.46->-18.69
[16:21:48]   rollout step 14 task 4/4 gen 3/4 turn 4/15 valid=True db -18.69->-18.47
[16:21:51]   rollout step 14 task 4/4 gen 3/4 turn 5/15 valid=True db -18.47->-18.47
[16:21:51] trajectory done: step 14 task 4/4 gen 3/4 turns=5 reason=stop reward=1.672  [223/960 trajectories overall]
[16:22:00]   rollout step 14 task 4/4 gen 4/4 turn 1/15 valid=True db -17.95->-17.70
[16:22:04]   rollout step 14 task 4/4 gen 4/4 turn 2/15 valid=True db -17.70->-21.15
[16:22:13]   rollout step 14 task 4/4 gen 4/4 turn 3/15 valid=True db -21.15->-16.97
[16:22:19]   rollout step 14 task 4/4 gen 4/4 turn 4/15 valid=True db -16.97->-18.71
[16:22:26]   rollout step 14 task 4/4 gen 4/4 turn 5/15 valid=True db -18.71->-21.01
[16:22:34]   rollout step 14 task 4/4 gen 4/4 turn 6/15 valid=True db -21.01->-21.35
[16:22:42]   rollout step 14 task 4/4 gen 4/4 turn 7/15 valid=True db -21.35->-21.35
[16:22:42] trajectory done: step 14 task 4/4 gen 4/4 turns=7 reason=patience reward=3.396  [224/960 trajectories overall]
[16:22:42] step_stats={"best_improve_mean": 9.781512136427423, "best_improve_p50": 3.5082612138567093, "goal_met_pct": 12.5, "group_best_mean": 8.795155746273702, "max_turns_pct": 0.0, "n_resampled_starts": 0, "n_trajectories": 16, "n_turns": 106, "patience_pct": 56.25, "pos_delta_rate": 0.5377358490566038, "reward_mean": 4.826417149527146, "reward_p25": 0.47282539785336586, "reward_p50": 1.587533348664482, "reward_p75": 8.646303503444564, "stop_pct": 31.25, "valid_turn_rate": 0.9622641509433962, "wg_range_mean": 7.133022925628467, "wg_std_mean": 3.0187633124283932, "zero_adv_frac": 0.0}
[16:22:52]   gradient pass 20/106 turns backpropagated
[16:23:03]   gradient pass 40/106 turns backpropagated
[16:23:14]   gradient pass 60/106 turns backpropagated
[16:23:25]   gradient pass 80/106 turns backpropagated
[16:23:35]   gradient pass 100/106 turns backpropagated
[16:23:38]   gradient pass 106/106 turns backpropagated
[16:23:38] step 14/60 loss=1.27524 reward_mean=4.826 reward_std=6.733 turns_mean=6.6 goal_met=2/16 stop=5 patience=9 kl_mean=0.11305
[16:23:49]   rollout step 15 task 1/4 gen 1/4 turn 1/15 valid=True db -7.30->-6.89
[16:23:58]   rollout step 15 task 1/4 gen 1/4 turn 2/15 valid=True db -6.89->-22.80
[16:24:03]   rollout step 15 task 1/4 gen 1/4 turn 3/15 valid=True db -22.80->-23.42
[16:24:11]   rollout step 15 task 1/4 gen 1/4 turn 4/15 valid=True db -23.42->-23.04
[16:24:16]   rollout step 15 task 1/4 gen 1/4 turn 5/15 valid=True db -23.04->-7.36
[16:24:23]   rollout step 15 task 1/4 gen 1/4 turn 6/15 valid=True db -7.36->-7.49
[16:24:30]   rollout step 15 task 1/4 gen 1/4 turn 7/15 valid=True db -7.49->-7.77
[16:24:37]   rollout step 15 task 1/4 gen 1/4 turn 8/15 valid=True db -7.77->-7.90
[16:24:37] trajectory done: step 15 task 1/4 gen 1/4 turns=8 reason=patience reward=11.469  [225/960 trajectories overall]
[16:24:43]   rollout step 15 task 1/4 gen 2/4 turn 1/15 valid=True db -7.30->-43.07
[16:24:43] trajectory done: step 15 task 1/4 gen 2/4 turns=1 reason=goal_met reward=20.000  [226/960 trajectories overall]
[16:24:55]   rollout step 15 task 1/4 gen 3/4 turn 1/15 valid=True db -7.30->-4.92
[16:25:01]   rollout step 15 task 1/4 gen 3/4 turn 2/15 valid=True db -4.92->-7.02
[16:25:11]   rollout step 15 task 1/4 gen 3/4 turn 3/15 valid=True db -7.02->-7.14
[16:25:17]   rollout step 15 task 1/4 gen 3/4 turn 4/15 valid=True db -7.14->-14.86
[16:25:25]   rollout step 15 task 1/4 gen 3/4 turn 5/15 valid=True db -14.86->-7.36
[16:25:30]   rollout step 15 task 1/4 gen 3/4 turn 6/15 valid=True db -7.36->-5.94
[16:25:37]   rollout step 15 task 1/4 gen 3/4 turn 7/15 valid=True db -5.94->-5.94
[16:25:49]   rollout step 15 task 1/4 gen 3/4 turn 8/15 valid=True db -5.94->-6.00
[16:25:57]   rollout step 15 task 1/4 gen 3/4 turn 9/15 valid=True db -6.00->-8.80
[16:25:57] trajectory done: step 15 task 1/4 gen 3/4 turns=9 reason=patience reward=5.745  [227/960 trajectories overall]
[16:26:04]   rollout step 15 task 1/4 gen 4/4 turn 1/15 valid=True db -7.30->-7.04
[16:26:09]   rollout step 15 task 1/4 gen 4/4 turn 2/15 valid=True db -7.04->-7.41
[16:26:16]   rollout step 15 task 1/4 gen 4/4 turn 3/15 valid=True db -7.41->-7.07
[16:26:25]   rollout step 15 task 1/4 gen 4/4 turn 4/15 valid=True db -7.07->-6.74
[16:26:33]   rollout step 15 task 1/4 gen 4/4 turn 5/15 valid=True db -6.74->-7.04
[16:26:33] trajectory done: step 15 task 1/4 gen 4/4 turns=5 reason=patience reward=0.006  [228/960 trajectories overall]
[16:26:40]   rollout step 15 task 2/4 gen 1/4 turn 1/15 valid=True db -10.87->-14.48
[16:26:47]   rollout step 15 task 2/4 gen 1/4 turn 2/15 valid=True db -14.48->-9.94
[16:26:55]   rollout step 15 task 2/4 gen 1/4 turn 3/15 valid=True db -9.94->-14.12
[16:27:03]   rollout step 15 task 2/4 gen 1/4 turn 4/15 valid=True db -14.12->-18.81
[16:27:09]   rollout step 15 task 2/4 gen 1/4 turn 5/15 valid=True db -18.81->-18.79
[16:27:23]   rollout step 15 task 2/4 gen 1/4 turn 6/15 valid=True db -18.79->-18.81
[16:27:32]   rollout step 15 task 2/4 gen 1/4 turn 7/15 valid=True db -18.81->-5.09
[16:27:37]   rollout step 15 task 2/4 gen 1/4 turn 8/15 valid=True db -5.09->-17.09
[16:27:44]   rollout step 15 task 2/4 gen 1/4 turn 9/15 valid=True db -17.09->-5.61
[16:27:44] trajectory done: step 15 task 2/4 gen 1/4 turns=9 reason=patience reward=3.975  [229/960 trajectories overall]
[16:27:51]   rollout step 15 task 2/4 gen 2/4 turn 1/15 valid=True db -10.87->-11.66
[16:28:02]   rollout step 15 task 2/4 gen 2/4 turn 2/15 valid=True db -11.66->-31.02
[16:28:02] trajectory done: step 15 task 2/4 gen 2/4 turns=2 reason=goal_met reward=20.000  [230/960 trajectories overall]
[16:28:14]   rollout step 15 task 2/4 gen 3/4 turn 1/15 valid=True db -10.87->-11.66
[16:28:23]   rollout step 15 task 2/4 gen 3/4 turn 2/15 valid=False db -11.66->-11.66
[16:28:30]   rollout step 15 task 2/4 gen 3/4 turn 3/15 valid=True db -11.66->-15.94
[16:28:40]   rollout step 15 task 2/4 gen 3/4 turn 4/15 valid=True db -15.94->-16.14
[16:28:47]   rollout step 15 task 2/4 gen 3/4 turn 5/15 valid=True db -16.14->-24.04
[16:28:56]   rollout step 15 task 2/4 gen 3/4 turn 6/15 valid=True db -24.04->-24.16
[16:29:06]   rollout step 15 task 2/4 gen 3/4 turn 7/15 valid=True db -24.16->-23.31
[16:29:15]   rollout step 15 task 2/4 gen 3/4 turn 8/15 valid=True db -23.31->-22.58
[16:29:19]   rollout step 15 task 2/4 gen 3/4 turn 9/15 valid=True db -22.58->-22.58
[16:29:19] trajectory done: step 15 task 2/4 gen 3/4 turns=9 reason=stop reward=13.815  [231/960 trajectories overall]
[16:29:30]   rollout step 15 task 2/4 gen 4/4 turn 1/15 valid=True db -10.87->-10.09
[16:29:36]   rollout step 15 task 2/4 gen 4/4 turn 2/15 valid=True db -10.09->-13.58
[16:29:42]   rollout step 15 task 2/4 gen 4/4 turn 3/15 valid=True db -13.58->-45.23
[16:29:42] trajectory done: step 15 task 2/4 gen 4/4 turns=3 reason=goal_met reward=20.000  [232/960 trajectories overall]
[16:29:55]   rollout step 15 task 3/4 gen 1/4 turn 1/15 valid=True db -12.59->-13.38
[16:30:02]   rollout step 15 task 3/4 gen 1/4 turn 2/15 valid=True db -13.38->-18.15
[16:30:09]   rollout step 15 task 3/4 gen 1/4 turn 3/15 valid=True db -18.15->-19.80
[16:30:15]   rollout step 15 task 3/4 gen 1/4 turn 4/15 valid=True db -19.80->-18.80
[16:30:21]   rollout step 15 task 3/4 gen 1/4 turn 5/15 valid=True db -18.80->-22.26
[16:30:29]   rollout step 15 task 3/4 gen 1/4 turn 6/15 valid=True db -22.26->-22.03
[16:30:34]   rollout step 15 task 3/4 gen 1/4 turn 7/15 valid=True db -22.03->-22.03
[16:30:34] trajectory done: step 15 task 3/4 gen 1/4 turns=7 reason=stop reward=10.596  [233/960 trajectories overall]
[16:30:44]   rollout step 15 task 3/4 gen 2/4 turn 1/15 valid=True db -12.59->-12.58
[16:30:49]   rollout step 15 task 3/4 gen 2/4 turn 2/15 valid=True db -12.58->-12.52
[16:30:58]   rollout step 15 task 3/4 gen 2/4 turn 3/15 valid=True db -12.52->-10.10
[16:31:04]   rollout step 15 task 3/4 gen 2/4 turn 4/15 valid=True db -10.10->-9.60
[16:31:13]   rollout step 15 task 3/4 gen 2/4 turn 5/15 valid=True db -9.60->-10.06
[16:31:13] trajectory done: step 15 task 3/4 gen 2/4 turns=5 reason=patience reward=-0.760  [234/960 trajectories overall]
[16:31:24]   rollout step 15 task 3/4 gen 3/4 turn 1/15 valid=True db -12.59->-18.12
[16:31:33]   rollout step 15 task 3/4 gen 3/4 turn 2/15 valid=True db -18.12->-13.39
[16:31:41]   rollout step 15 task 3/4 gen 3/4 turn 3/15 valid=True db -13.39->-17.80
[16:31:49]   rollout step 15 task 3/4 gen 3/4 turn 4/15 valid=True db -17.80->-18.55
[16:31:56]   rollout step 15 task 3/4 gen 3/4 turn 5/15 valid=True db -18.55->-18.40
[16:32:01]   rollout step 15 task 3/4 gen 3/4 turn 6/15 valid=True db -18.40->-18.16
[16:32:07]   rollout step 15 task 3/4 gen 3/4 turn 7/15 valid=True db -18.16->-18.27
[16:32:13]   rollout step 15 task 3/4 gen 3/4 turn 8/15 valid=True db -18.27->-18.17
[16:32:22]   rollout step 15 task 3/4 gen 3/4 turn 9/15 valid=True db -18.17->-17.96
[16:32:22] trajectory done: step 15 task 3/4 gen 3/4 turns=9 reason=patience reward=5.778  [235/960 trajectories overall]
[16:32:32]   rollout step 15 task 3/4 gen 4/4 turn 1/15 valid=True db -12.59->-17.94
[16:32:38]   rollout step 15 task 3/4 gen 4/4 turn 2/15 valid=True db -17.94->-14.60
[16:32:44]   rollout step 15 task 3/4 gen 4/4 turn 3/15 valid=True db -14.60->-19.27
[16:32:53]   rollout step 15 task 3/4 gen 4/4 turn 4/15 valid=True db -19.27->-13.78
[16:33:01]   rollout step 15 task 3/4 gen 4/4 turn 5/15 valid=True db -13.78->-18.54
[16:33:13]   rollout step 15 task 3/4 gen 4/4 turn 6/15 valid=True db -18.54->-19.22
[16:33:20]   rollout step 15 task 3/4 gen 4/4 turn 7/15 valid=True db -19.22->-26.81
[16:33:28]   rollout step 15 task 3/4 gen 4/4 turn 8/15 valid=True db -26.81->-6.72
[16:33:33]   rollout step 15 task 3/4 gen 4/4 turn 9/15 valid=True db -6.72->-24.15
[16:33:38]   rollout step 15 task 3/4 gen 4/4 turn 10/15 valid=True db -24.15->-7.58
[16:33:43]   rollout step 15 task 3/4 gen 4/4 turn 11/15 valid=True db -7.58->-5.11
[16:33:53]   rollout step 15 task 3/4 gen 4/4 turn 12/15 valid=True db -5.11->-16.34
[16:33:53] trajectory done: step 15 task 3/4 gen 4/4 turns=12 reason=patience reward=11.077  [236/960 trajectories overall]
[16:34:01]   rollout step 15 task 4/4 gen 1/4 turn 1/15 valid=True db -7.72->-12.73
[16:34:07]   rollout step 15 task 4/4 gen 1/4 turn 2/15 valid=True db -12.73->-19.70
[16:34:12]   rollout step 15 task 4/4 gen 1/4 turn 3/15 valid=True db -19.70->-3.02
[16:34:18]   rollout step 15 task 4/4 gen 1/4 turn 4/15 valid=True db -3.02->-17.28
[16:34:23]   rollout step 15 task 4/4 gen 1/4 turn 5/15 valid=True db -17.28->-3.53
[16:34:28]   rollout step 15 task 4/4 gen 1/4 turn 6/15 valid=True db -3.53->-15.55
[16:34:35]   rollout step 15 task 4/4 gen 1/4 turn 7/15 valid=True db -15.55->-4.01
[16:34:35] trajectory done: step 15 task 4/4 gen 1/4 turns=7 reason=patience reward=7.276  [237/960 trajectories overall]
[16:34:44]   rollout step 15 task 4/4 gen 2/4 turn 1/15 valid=True db -7.72->-5.35
[16:34:50]   rollout step 15 task 4/4 gen 2/4 turn 2/15 valid=True db -5.35->-5.27
[16:34:59]   rollout step 15 task 4/4 gen 2/4 turn 3/15 valid=True db -5.27->-5.64
[16:35:08]   rollout step 15 task 4/4 gen 2/4 turn 4/15 valid=True db -5.64->-5.71
[16:35:14]   rollout step 15 task 4/4 gen 2/4 turn 5/15 valid=True db -5.71->-7.65
[16:35:14] trajectory done: step 15 task 4/4 gen 2/4 turns=5 reason=patience reward=-0.019  [238/960 trajectories overall]
[16:35:22]   rollout step 15 task 4/4 gen 3/4 turn 1/15 valid=True db -7.72->-7.81
[16:35:30]   rollout step 15 task 4/4 gen 3/4 turn 2/15 valid=True db -7.81->-7.90
[16:35:39]   rollout step 15 task 4/4 gen 3/4 turn 3/15 valid=True db -7.90->-7.49
[16:35:46]   rollout step 15 task 4/4 gen 3/4 turn 4/15 valid=True db -7.49->-5.38
[16:35:51]   rollout step 15 task 4/4 gen 3/4 turn 5/15 valid=True db -5.38->-4.31
[16:35:51] trajectory done: step 15 task 4/4 gen 3/4 turns=5 reason=patience reward=-0.892  [239/960 trajectories overall]
[16:35:57]   rollout step 15 task 4/4 gen 4/4 turn 1/15 valid=True db -7.72->-21.53
[16:36:02]   rollout step 15 task 4/4 gen 4/4 turn 2/15 valid=True db -21.53->-2.93
[16:36:05]   rollout step 15 task 4/4 gen 4/4 turn 3/15 valid=True db -2.93->-2.93
[16:36:05] trajectory done: step 15 task 4/4 gen 4/4 turns=3 reason=stop reward=9.234  [240/960 trajectories overall]
[16:36:05] step_stats={"best_improve_mean": 11.945783117738277, "best_improve_p50": 10.82409412414985, "goal_met_pct": 18.75, "group_best_mean": 15.077852352871517, "max_turns_pct": 0.0, "n_resampled_starts": 0, "n_trajectories": 16, "n_turns": 99, "patience_pct": 62.5, "pos_delta_rate": 0.5252525252525253, "reward_mean": 8.581444583693305, "reward_p25": 2.983024859367081, "reward_p50": 8.255062141866901, "reward_p75": 12.055742667993147, "stop_pct": 18.75, "valid_turn_rate": 0.98989898989899, "wg_range_mean": 14.495456051266919, "wg_std_mean": 5.781050087752322, "zero_adv_frac": 0.0}
[16:36:16]   gradient pass 20/99 turns backpropagated
[16:36:26]   gradient pass 40/99 turns backpropagated
[16:36:36]   gradient pass 60/99 turns backpropagated
[16:36:48]   gradient pass 80/99 turns backpropagated
[16:36:57]   gradient pass 99/99 turns backpropagated
[16:36:57] step 15/60 loss=-2.98800 reward_mean=8.581 reward_std=7.075 turns_mean=6.2 goal_met=3/16 stop=3 patience=10 kl_mean=0.01692
[16:36:58] saved checkpoint to outputs/2026-09-10-from-ckpt60-4x4x60/checkpoint-15
[16:37:07]   rollout step 16 task 1/4 gen 1/4 turn 1/15 valid=True db -14.18->-31.08
[16:37:07] trajectory done: step 16 task 1/4 gen 1/4 turns=1 reason=goal_met reward=16.891  [241/960 trajectories overall]
[16:37:15]   rollout step 16 task 1/4 gen 2/4 turn 1/15 valid=True db -14.18->-31.30
[16:37:15] trajectory done: step 16 task 1/4 gen 2/4 turns=1 reason=goal_met reward=17.115  [242/960 trajectories overall]
[16:37:23]   rollout step 16 task 1/4 gen 3/4 turn 1/15 valid=True db -14.18->-10.89
[16:37:29]   rollout step 16 task 1/4 gen 3/4 turn 2/15 valid=True db -10.89->-13.84
[16:37:36]   rollout step 16 task 1/4 gen 3/4 turn 3/15 valid=True db -13.84->-14.24
[16:37:43]   rollout step 16 task 1/4 gen 3/4 turn 4/15 valid=True db -14.24->-14.42
[16:37:48]   rollout step 16 task 1/4 gen 3/4 turn 5/15 valid=True db -14.42->-21.20
[16:37:55]   rollout step 16 task 1/4 gen 3/4 turn 6/15 valid=True db -21.20->-21.49
[16:38:02]   rollout step 16 task 1/4 gen 3/4 turn 7/15 valid=True db -21.49->-23.72
[16:38:08]   rollout step 16 task 1/4 gen 3/4 turn 8/15 valid=True db -23.72->-10.24
[16:38:11]   rollout step 16 task 1/4 gen 3/4 turn 9/15 valid=True db -10.24->-8.65
[16:38:17]   rollout step 16 task 1/4 gen 3/4 turn 10/15 valid=True db -8.65->-7.77
[16:38:23]   rollout step 16 task 1/4 gen 3/4 turn 11/15 valid=True db -7.77->-7.91
[16:38:29]   rollout step 16 task 1/4 gen 3/4 turn 12/15 valid=True db -7.91->-7.33
[16:38:29] trajectory done: step 16 task 1/4 gen 3/4 turns=12 reason=patience reward=4.622  [243/960 trajectories overall]
[16:38:36]   rollout step 16 task 1/4 gen 4/4 turn 1/15 valid=True db -14.18->-13.81
[16:38:43]   rollout step 16 task 1/4 gen 4/4 turn 2/15 valid=True db -13.81->-13.50
[16:38:52]   rollout step 16 task 1/4 gen 4/4 turn 3/15 valid=True db -13.50->-15.67
[16:39:01]   rollout step 16 task 1/4 gen 4/4 turn 4/15 valid=True db -15.67->-14.23
[16:39:06]   rollout step 16 task 1/4 gen 4/4 turn 5/15 valid=True db -14.23->-13.98
[16:39:12]   rollout step 16 task 1/4 gen 4/4 turn 6/15 valid=True db -13.98->-15.73
[16:39:24]   rollout step 16 task 1/4 gen 4/4 turn 7/15 valid=True db -15.73->-15.22
[16:39:29]   rollout step 16 task 1/4 gen 4/4 turn 8/15 valid=True db -15.22->-16.16
[16:39:35]   rollout step 16 task 1/4 gen 4/4 turn 9/15 valid=True db -16.16->-11.91
[16:39:39]   rollout step 16 task 1/4 gen 4/4 turn 10/15 valid=True db -11.91->-10.92
[16:39:46]   rollout step 16 task 1/4 gen 4/4 turn 11/15 valid=True db -10.92->-14.76
[16:39:52]   rollout step 16 task 1/4 gen 4/4 turn 12/15 valid=True db -14.76->-14.75
[16:40:00]   rollout step 16 task 1/4 gen 4/4 turn 13/15 valid=True db -14.75->-14.36
[16:40:00] trajectory done: step 16 task 1/4 gen 4/4 turns=13 reason=patience reward=1.433  [244/960 trajectories overall]
[16:40:09]   rollout step 16 task 2/4 gen 1/4 turn 1/15 valid=True db -12.96->-31.76
[16:40:09] trajectory done: step 16 task 2/4 gen 1/4 turns=1 reason=goal_met reward=18.801  [245/960 trajectories overall]
[16:40:15]   rollout step 16 task 2/4 gen 2/4 turn 1/15 valid=True db -12.96->-13.65
[16:40:20]   rollout step 16 task 2/4 gen 2/4 turn 2/15 valid=False db -13.65->-13.65
[16:40:31]   rollout step 16 task 2/4 gen 2/4 turn 3/15 valid=True db -13.65->-13.93
[16:40:40]   rollout step 16 task 2/4 gen 2/4 turn 4/15 valid=True db -13.93->-13.78
[16:40:46]   rollout step 16 task 2/4 gen 2/4 turn 5/15 valid=True db -13.78->-13.78
[16:40:46] trajectory done: step 16 task 2/4 gen 2/4 turns=5 reason=stop reward=1.922  [246/960 trajectories overall]
[16:40:54]   rollout step 16 task 2/4 gen 3/4 turn 1/15 valid=True db -12.96->-13.65
[16:41:00]   rollout step 16 task 2/4 gen 3/4 turn 2/15 valid=False db -13.65->-13.65
[16:41:07]   rollout step 16 task 2/4 gen 3/4 turn 3/15 valid=True db -13.65->-14.24
[16:41:17]   rollout step 16 task 2/4 gen 3/4 turn 4/15 valid=True db -14.24->-14.77
[16:41:27]   rollout step 16 task 2/4 gen 3/4 turn 5/15 valid=True db -14.77->-15.26
[16:41:35]   rollout step 16 task 2/4 gen 3/4 turn 6/15 valid=True db -15.26->-15.48
[16:41:41]   rollout step 16 task 2/4 gen 3/4 turn 7/15 valid=True db -15.48->-15.37
[16:41:48]   rollout step 16 task 2/4 gen 3/4 turn 8/15 valid=True db -15.37->-14.82
[16:41:54]   rollout step 16 task 2/4 gen 3/4 turn 9/15 valid=True db -14.82->-14.92
[16:42:03]   rollout step 16 task 2/4 gen 3/4 turn 10/15 valid=True db -14.92->-12.32
[16:42:07]   rollout step 16 task 2/4 gen 3/4 turn 11/15 valid=True db -12.32->-14.74
[16:42:07] trajectory done: step 16 task 2/4 gen 3/4 turns=11 reason=patience reward=2.296  [247/960 trajectories overall]
[16:42:16]   rollout step 16 task 2/4 gen 4/4 turn 1/15 valid=True db -12.96->-13.65
[16:42:24]   rollout step 16 task 2/4 gen 4/4 turn 2/15 valid=True db -13.65->-28.04
[16:42:33]   rollout step 16 task 2/4 gen 4/4 turn 3/15 valid=True db -28.04->-29.15
[16:42:43]   rollout step 16 task 2/4 gen 4/4 turn 4/15 valid=True db -29.15->-30.21
[16:42:43] trajectory done: step 16 task 2/4 gen 4/4 turns=4 reason=goal_met reward=17.244  [248/960 trajectories overall]
[16:42:50]   rollout step 16 task 3/4 gen 1/4 turn 1/15 valid=True db -10.47->-13.70
[16:42:55]   rollout step 16 task 3/4 gen 1/4 turn 2/15 valid=True db -13.70->-35.13
[16:42:55] trajectory done: step 16 task 3/4 gen 1/4 turns=2 reason=goal_met reward=20.000  [249/960 trajectories overall]
[16:43:02]   rollout step 16 task 3/4 gen 2/4 turn 1/15 valid=True db -10.47->-10.36
[16:43:09]   rollout step 16 task 3/4 gen 2/4 turn 2/15 valid=True db -10.36->-10.30
[16:43:15]   rollout step 16 task 3/4 gen 2/4 turn 3/15 valid=True db -10.30->-9.88
[16:43:19]   rollout step 16 task 3/4 gen 2/4 turn 4/15 valid=True db -9.88->-10.27
[16:43:32]   rollout step 16 task 3/4 gen 2/4 turn 5/15 valid=True db -10.27->-11.81
[16:43:40]   rollout step 16 task 3/4 gen 2/4 turn 6/15 valid=True db -11.81->-16.52
[16:43:46]   rollout step 16 task 3/4 gen 2/4 turn 7/15 valid=True db -16.52->-21.12
[16:43:53]   rollout step 16 task 3/4 gen 2/4 turn 8/15 valid=True db -21.12->-3.31
[16:43:57]   rollout step 16 task 3/4 gen 2/4 turn 9/15 valid=True db -3.31->-18.88
[16:44:03]   rollout step 16 task 3/4 gen 2/4 turn 10/15 valid=True db -18.88->-36.14
[16:44:03] trajectory done: step 16 task 3/4 gen 2/4 turns=10 reason=goal_met reward=20.000  [250/960 trajectories overall]
[16:44:09]   rollout step 16 task 3/4 gen 3/4 turn 1/15 valid=True db -10.47->-13.70
[16:44:16]   rollout step 16 task 3/4 gen 3/4 turn 2/15 valid=True db -13.70->-36.06
[16:44:16] trajectory done: step 16 task 3/4 gen 3/4 turns=2 reason=goal_met reward=20.000  [251/960 trajectories overall]
[16:44:24]   rollout step 16 task 3/4 gen 4/4 turn 1/15 valid=True db -10.47->-14.59
[16:44:31]   rollout step 16 task 3/4 gen 4/4 turn 2/15 valid=True db -14.59->-21.90
[16:44:38]   rollout step 16 task 3/4 gen 4/4 turn 3/15 valid=True db -21.90->-18.85
[16:44:44]   rollout step 16 task 3/4 gen 4/4 turn 4/15 valid=True db -18.85->-22.90
[16:44:50]   rollout step 16 task 3/4 gen 4/4 turn 5/15 valid=True db -22.90->-20.47
[16:44:55]   rollout step 16 task 3/4 gen 4/4 turn 6/15 valid=True db -20.47->-6.24
[16:45:01]   rollout step 16 task 3/4 gen 4/4 turn 7/15 valid=True db -6.24->-19.06
[16:45:09]   rollout step 16 task 3/4 gen 4/4 turn 8/15 valid=True db -19.06->-6.96
[16:45:15]   rollout step 16 task 3/4 gen 4/4 turn 9/15 valid=True db -6.96->-17.93
[16:45:15] trajectory done: step 16 task 3/4 gen 4/4 turns=9 reason=patience reward=10.939  [252/960 trajectories overall]
[16:45:27]   rollout step 16 task 4/4 gen 1/4 turn 1/15 valid=True db -11.50->-11.69
[16:45:32]   rollout step 16 task 4/4 gen 1/4 turn 2/15 valid=True db -11.69->-19.15
[16:45:43]   rollout step 16 task 4/4 gen 1/4 turn 3/15 valid=True db -19.15->-16.26
[16:45:53]   rollout step 16 task 4/4 gen 1/4 turn 4/15 valid=True db -16.26->-3.96
[16:45:58]   rollout step 16 task 4/4 gen 1/4 turn 5/15 valid=True db -3.96->-3.88
[16:46:02]   rollout step 16 task 4/4 gen 1/4 turn 6/15 valid=True db -3.88->-3.95
[16:46:08]   rollout step 16 task 4/4 gen 1/4 turn 7/15 valid=True db -3.95->-0.71
[16:46:08] trajectory done: step 16 task 4/4 gen 1/4 turns=7 reason=patience reward=2.123  [253/960 trajectories overall]
[16:46:15]   rollout step 16 task 4/4 gen 2/4 turn 1/15 valid=True db -11.50->-11.81
[16:46:25]   rollout step 16 task 4/4 gen 2/4 turn 2/15 valid=True db -11.81->-19.29
[16:46:31]   rollout step 16 task 4/4 gen 2/4 turn 3/15 valid=False db -19.29->-19.29
[16:46:36]   rollout step 16 task 4/4 gen 2/4 turn 4/15 valid=True db -19.29->-19.71
[16:46:44]   rollout step 16 task 4/4 gen 2/4 turn 5/15 valid=True db -19.71->-19.07
[16:46:50]   rollout step 16 task 4/4 gen 2/4 turn 6/15 valid=True db -19.07->-19.09
[16:46:56]   rollout step 16 task 4/4 gen 2/4 turn 7/15 valid=True db -19.09->-7.26
[16:47:01]   rollout step 16 task 4/4 gen 2/4 turn 8/15 valid=True db -7.26->-7.22
[16:47:13]   rollout step 16 task 4/4 gen 2/4 turn 9/15 valid=True db -7.22->-7.39
[16:47:13] trajectory done: step 16 task 4/4 gen 2/4 turns=9 reason=patience reward=4.518  [254/960 trajectories overall]
[16:47:20]   rollout step 16 task 4/4 gen 3/4 turn 1/15 valid=True db -11.50->-20.05
[16:47:27]   rollout step 16 task 4/4 gen 3/4 turn 2/15 valid=True db -20.05->-12.81
[16:47:32]   rollout step 16 task 4/4 gen 3/4 turn 3/15 valid=True db -12.81->-21.52
[16:47:40]   rollout step 16 task 4/4 gen 3/4 turn 4/15 valid=True db -21.52->-12.69
[16:47:46]   rollout step 16 task 4/4 gen 3/4 turn 5/15 valid=True db -12.69->-20.23
[16:47:56]   rollout step 16 task 4/4 gen 3/4 turn 6/15 valid=True db -20.23->-12.97
[16:48:02]   rollout step 16 task 4/4 gen 3/4 turn 7/15 valid=True db -12.97->-13.20
[16:48:10]   rollout step 16 task 4/4 gen 3/4 turn 8/15 valid=True db -13.20->-18.86
[16:48:10] trajectory done: step 16 task 4/4 gen 3/4 turns=8 reason=patience reward=9.226  [255/960 trajectories overall]
[16:48:19]   rollout step 16 task 4/4 gen 4/4 turn 1/15 valid=True db -11.50->-20.05
[16:48:26]   rollout step 16 task 4/4 gen 4/4 turn 2/15 valid=True db -20.05->-13.12
[16:48:32]   rollout step 16 task 4/4 gen 4/4 turn 3/15 valid=True db -13.12->-22.27
[16:48:42]   rollout step 16 task 4/4 gen 4/4 turn 4/15 valid=True db -22.27->-23.08
[16:48:48]   rollout step 16 task 4/4 gen 4/4 turn 5/15 valid=True db -23.08->-15.95
[16:48:55]   rollout step 16 task 4/4 gen 4/4 turn 6/15 valid=True db -15.95->-24.67
[16:49:04]   rollout step 16 task 4/4 gen 4/4 turn 7/15 valid=True db -24.67->-24.80
[16:49:12]   rollout step 16 task 4/4 gen 4/4 turn 8/15 valid=True db -24.80->-15.53
[16:49:18]   rollout step 16 task 4/4 gen 4/4 turn 9/15 valid=True db -15.53->-23.49
[16:49:24]   rollout step 16 task 4/4 gen 4/4 turn 10/15 valid=True db -23.49->-22.44
[16:49:31]   rollout step 16 task 4/4 gen 4/4 turn 11/15 valid=True db -22.44->-22.44
[16:49:31] trajectory done: step 16 task 4/4 gen 4/4 turns=11 reason=stop reward=13.597  [256/960 trajectories overall]
[16:49:31] step_stats={"best_improve_mean": 13.28670868949678, "best_improve_p50": 12.867049365089867, "goal_met_pct": 43.75, "group_best_mean": 17.37830322704521, "max_turns_pct": 0.0, "n_resampled_starts": 0, "n_trajectories": 16, "n_turns": 106, "patience_pct": 43.75, "pos_delta_rate": 0.5660377358490566, "reward_mean": 11.295508578317147, "reward_p25": 3.962643858833615, "reward_p50": 12.267919160120892, "reward_p75": 17.63358135898151, "stop_pct": 12.5, "valid_turn_rate": 0.9716981132075472, "wg_range_mean": 13.273970211370145, "wg_std_mean": 5.84793824682886, "zero_adv_frac": 0.0}
[16:49:42]   gradient pass 20/106 turns backpropagated
[16:49:53]   gradient pass 40/106 turns backpropagated
[16:50:04]   gradient pass 60/106 turns backpropagated
[16:50:15]   gradient pass 80/106 turns backpropagated
[16:50:26]   gradient pass 100/106 turns backpropagated
[16:50:30]   gradient pass 106/106 turns backpropagated
[16:50:30] step 16/60 loss=-6.96160 reward_mean=11.296 reward_std=7.223 turns_mean=6.6 goal_met=7/16 stop=2 patience=7 kl_mean=-0.00090
[16:50:38]   rollout step 17 task 1/4 gen 1/4 turn 1/15 valid=True db -12.56->-21.31
[16:50:44]   rollout step 17 task 1/4 gen 1/4 turn 2/15 valid=True db -21.31->-19.25
[16:50:51]   rollout step 17 task 1/4 gen 1/4 turn 3/15 valid=True db -19.25->-17.64
[16:50:56]   rollout step 17 task 1/4 gen 1/4 turn 4/15 valid=True db -17.64->-19.16
[16:51:07]   rollout step 17 task 1/4 gen 1/4 turn 5/15 valid=True db -19.16->-16.85
[16:51:14]   rollout step 17 task 1/4 gen 1/4 turn 6/15 valid=True db -16.85->-19.45
[16:51:14] trajectory done: step 17 task 1/4 gen 1/4 turns=6 reason=patience reward=8.189  [257/960 trajectories overall]
[16:51:23]   rollout step 17 task 1/4 gen 2/4 turn 1/15 valid=True db -12.56->-19.17
[16:51:31]   rollout step 17 task 1/4 gen 2/4 turn 2/15 valid=True db -19.17->-17.10
[16:51:37]   rollout step 17 task 1/4 gen 2/4 turn 3/15 valid=True db -17.10->-20.13
[16:51:43]   rollout step 17 task 1/4 gen 2/4 turn 4/15 valid=True db -20.13->-20.37
[16:51:49]   rollout step 17 task 1/4 gen 2/4 turn 5/15 valid=True db -20.37->-20.28
[16:51:53]   rollout step 17 task 1/4 gen 2/4 turn 6/15 valid=True db -20.28->-21.29
[16:51:59]   rollout step 17 task 1/4 gen 2/4 turn 7/15 valid=True db -21.29->-31.67
[16:51:59] trajectory done: step 17 task 1/4 gen 2/4 turns=7 reason=goal_met reward=19.109  [258/960 trajectories overall]
[16:52:07]   rollout step 17 task 1/4 gen 3/4 turn 1/15 valid=True db -12.56->-13.48
[16:52:12]   rollout step 17 task 1/4 gen 3/4 turn 2/15 valid=True db -13.48->-19.38
[16:52:19]   rollout step 17 task 1/4 gen 3/4 turn 3/15 valid=True db -19.38->-21.65
[16:52:27]   rollout step 17 task 1/4 gen 3/4 turn 4/15 valid=True db -21.65->-6.10
[16:52:35]   rollout step 17 task 1/4 gen 3/4 turn 5/15 valid=True db -6.10->-19.87
[16:52:47]   rollout step 17 task 1/4 gen 3/4 turn 6/15 valid=True db -19.87->-23.01
[16:52:55]   rollout step 17 task 1/4 gen 3/4 turn 7/15 valid=True db -23.01->-23.24
[16:53:02]   rollout step 17 task 1/4 gen 3/4 turn 8/15 valid=True db -23.24->-22.74
[16:53:08]   rollout step 17 task 1/4 gen 3/4 turn 9/15 valid=True db -22.74->-22.97
[16:53:17]   rollout step 17 task 1/4 gen 3/4 turn 10/15 valid=True db -22.97->-10.80
[16:53:20]   rollout step 17 task 1/4 gen 3/4 turn 11/15 valid=True db -10.80->-21.66
[16:53:28]   rollout step 17 task 1/4 gen 3/4 turn 12/15 valid=True db -21.66->-11.37
[16:53:28] trajectory done: step 17 task 1/4 gen 3/4 turns=12 reason=patience reward=7.118  [259/960 trajectories overall]
[16:53:35]   rollout step 17 task 1/4 gen 4/4 turn 1/15 valid=True db -12.56->-12.99
[16:53:43]   rollout step 17 task 1/4 gen 4/4 turn 2/15 valid=True db -12.99->-12.53
[16:53:48]   rollout step 17 task 1/4 gen 4/4 turn 3/15 valid=True db -12.53->-12.96
[16:53:54]   rollout step 17 task 1/4 gen 4/4 turn 4/15 valid=True db -12.96->-11.28
[16:53:59]   rollout step 17 task 1/4 gen 4/4 turn 5/15 valid=True db -11.28->-11.58
[16:54:09]   rollout step 17 task 1/4 gen 4/4 turn 6/15 valid=True db -11.58->-11.86
[16:54:09] trajectory done: step 17 task 1/4 gen 4/4 turns=6 reason=patience reward=0.090  [260/960 trajectories overall]
[16:54:16]   rollout step 17 task 2/4 gen 1/4 turn 1/15 valid=True db -11.29->-15.39
[16:54:22]   rollout step 17 task 2/4 gen 1/4 turn 2/15 valid=True db -15.39->-30.77
[16:54:22] trajectory done: step 17 task 2/4 gen 1/4 turns=2 reason=goal_met reward=19.480  [261/960 trajectories overall]
[16:54:31]   rollout step 17 task 2/4 gen 2/4 turn 1/15 valid=True db -11.29->-11.46
[16:54:38]   rollout step 17 task 2/4 gen 2/4 turn 2/15 valid=True db -11.46->-11.55
[16:54:44]   rollout step 17 task 2/4 gen 2/4 turn 3/15 valid=True db -11.55->-9.15
[16:54:49]   rollout step 17 task 2/4 gen 2/4 turn 4/15 valid=True db -9.15->-11.40
[16:54:56]   rollout step 17 task 2/4 gen 2/4 turn 5/15 valid=True db -11.40->-9.33
[16:55:03]   rollout step 17 task 2/4 gen 2/4 turn 6/15 valid=True db -9.33->-9.75
[16:55:11]   rollout step 17 task 2/4 gen 2/4 turn 7/15 valid=True db -9.75->-7.57
[16:55:11] trajectory done: step 17 task 2/4 gen 2/4 turns=7 reason=patience reward=-0.939  [262/960 trajectories overall]
[16:55:20]   rollout step 17 task 2/4 gen 3/4 turn 1/15 valid=True db -11.29->-12.89
[16:55:26]   rollout step 17 task 2/4 gen 3/4 turn 2/15 valid=True db -12.89->-14.84
[16:55:34]   rollout step 17 task 2/4 gen 3/4 turn 3/15 valid=True db -14.84->-13.90
[16:55:42]   rollout step 17 task 2/4 gen 3/4 turn 4/15 valid=True db -13.90->-14.77
[16:55:53]   rollout step 17 task 2/4 gen 3/4 turn 5/15 valid=True db -14.77->-14.70
[16:56:00]   rollout step 17 task 2/4 gen 3/4 turn 6/15 valid=True db -14.70->-14.36
[16:56:07]   rollout step 17 task 2/4 gen 3/4 turn 7/15 valid=True db -14.36->-12.70
[16:56:07] trajectory done: step 17 task 2/4 gen 3/4 turns=7 reason=patience reward=2.900  [263/960 trajectories overall]
[16:56:14]   rollout step 17 task 2/4 gen 4/4 turn 1/15 valid=True db -11.29->-8.53
[16:56:22]   rollout step 17 task 2/4 gen 4/4 turn 2/15 valid=True db -8.53->-11.41
[16:56:30]   rollout step 17 task 2/4 gen 4/4 turn 3/15 valid=True db -11.41->-8.99
[16:56:35]   rollout step 17 task 2/4 gen 4/4 turn 4/15 valid=True db -8.99->-7.63
[16:56:40]   rollout step 17 task 2/4 gen 4/4 turn 5/15 valid=True db -7.63->-10.15
[16:56:40] trajectory done: step 17 task 2/4 gen 4/4 turns=5 reason=patience reward=-0.265  [264/960 trajectories overall]
[16:56:51]   rollout step 17 task 3/4 gen 1/4 turn 1/15 valid=True db -12.26->-12.59
[16:57:01]   rollout step 17 task 3/4 gen 1/4 turn 2/15 valid=True db -12.59->-12.78
[16:57:12]   rollout step 17 task 3/4 gen 1/4 turn 3/15 valid=True db -12.78->-8.44
[16:57:18]   rollout step 17 task 3/4 gen 1/4 turn 4/15 valid=True db -8.44->-8.62
[16:57:27]   rollout step 17 task 3/4 gen 1/4 turn 5/15 valid=True db -8.62->-7.19
[16:57:35]   rollout step 17 task 3/4 gen 1/4 turn 6/15 valid=True db -7.19->-5.60
[16:57:35] trajectory done: step 17 task 3/4 gen 1/4 turns=6 reason=patience reward=-1.635  [265/960 trajectories overall]
[16:57:46]   rollout step 17 task 3/4 gen 2/4 turn 1/15 valid=True db -12.26->-12.46
[16:57:55]   rollout step 17 task 3/4 gen 2/4 turn 2/15 valid=True db -12.46->-12.63
[16:58:00]   rollout step 17 task 3/4 gen 2/4 turn 3/15 valid=True db -12.63->-12.47
[16:58:05]   rollout step 17 task 3/4 gen 2/4 turn 4/15 valid=True db -12.47->-12.47
[16:58:05] trajectory done: step 17 task 3/4 gen 2/4 turns=4 reason=stop reward=1.326  [266/960 trajectories overall]
[16:58:11]   rollout step 17 task 3/4 gen 3/4 turn 1/15 valid=True db -12.26->-17.05
[16:58:15]   rollout step 17 task 3/4 gen 3/4 turn 2/15 valid=False db -17.05->-17.05
[16:58:23]   rollout step 17 task 3/4 gen 3/4 turn 3/15 valid=True db -17.05->-33.04
[16:58:23] trajectory done: step 17 task 3/4 gen 3/4 turns=3 reason=goal_met reward=20.000  [267/960 trajectories overall]
[16:58:34]   rollout step 17 task 3/4 gen 4/4 turn 1/15 valid=True db -12.26->-12.46
[16:58:40]   rollout step 17 task 3/4 gen 4/4 turn 2/15 valid=True db -12.46->-12.63
[16:58:47]   rollout step 17 task 3/4 gen 4/4 turn 3/15 valid=True db -12.63->-16.41
[16:58:55]   rollout step 17 task 3/4 gen 4/4 turn 4/15 valid=True db -16.41->-15.84
[16:59:02]   rollout step 17 task 3/4 gen 4/4 turn 5/15 valid=True db -15.84->-15.84
[16:59:02] trajectory done: step 17 task 3/4 gen 4/4 turns=5 reason=stop reward=4.982  [268/960 trajectories overall]
[16:59:03]   resampled start task 4/4 times=1 seed 5317->5318 initial_db=-18.59
[16:59:12]   rollout step 17 task 4/4 gen 1/4 turn 1/15 valid=True db -18.59->-35.04
[16:59:12] trajectory done: step 17 task 4/4 gen 1/4 turns=1 reason=goal_met reward=16.453  [269/960 trajectories overall]
[16:59:20]   rollout step 17 task 4/4 gen 2/4 turn 1/15 valid=True db -18.59->-24.88
[16:59:27]   rollout step 17 task 4/4 gen 2/4 turn 2/15 valid=True db -24.88->-29.56
[16:59:36]   rollout step 17 task 4/4 gen 2/4 turn 3/15 valid=True db -29.56->-29.20
[16:59:42]   rollout step 17 task 4/4 gen 2/4 turn 4/15 valid=False db -29.20->-29.20
[16:59:51]   rollout step 17 task 4/4 gen 2/4 turn 5/15 valid=True db -29.20->-22.02
[16:59:59]   rollout step 17 task 4/4 gen 2/4 turn 6/15 valid=True db -22.02->-22.33
[17:00:06]   rollout step 17 task 4/4 gen 2/4 turn 7/15 valid=True db -22.33->-18.51
[17:00:06] trajectory done: step 17 task 4/4 gen 2/4 turns=7 reason=patience reward=7.654  [270/960 trajectories overall]
[17:00:18]   rollout step 17 task 4/4 gen 3/4 turn 1/15 valid=True db -18.59->-18.65
[17:00:28]   rollout step 17 task 4/4 gen 3/4 turn 2/15 valid=True db -18.65->-24.24
[17:00:35]   rollout step 17 task 4/4 gen 3/4 turn 3/15 valid=True db -24.24->-20.30
[17:00:40]   rollout step 17 task 4/4 gen 3/4 turn 4/15 valid=True db -20.30->-23.86
[17:00:51]   rollout step 17 task 4/4 gen 3/4 turn 5/15 valid=True db -23.86->-30.58
[17:00:51] trajectory done: step 17 task 4/4 gen 3/4 turns=5 reason=goal_met reward=11.991  [271/960 trajectories overall]
[17:00:58]   rollout step 17 task 4/4 gen 4/4 turn 1/15 valid=True db -18.59->-35.04
[17:00:58] trajectory done: step 17 task 4/4 gen 4/4 turns=1 reason=goal_met reward=16.453  [272/960 trajectories overall]
[17:00:58] step_stats={"best_improve_mean": 9.003219359244932, "best_improve_p50": 9.714387107628033, "goal_met_pct": 37.5, "group_best_mean": 18.76047883665109, "max_turns_pct": 0.0, "n_resampled_starts": 1, "n_trajectories": 16, "n_turns": 84, "patience_pct": 50.0, "pos_delta_rate": 0.5952380952380952, "reward_mean": 8.30655854193007, "reward_p25": 1.0169667017978894, "reward_p50": 7.385689492430016, "reward_p75": 16.452931377331158, "stop_pct": 12.5, "valid_turn_rate": 0.9761904761904762, "wg_range_mean": 17.467970104671487, "wg_std_mean": 6.774399829346904, "zero_adv_frac": 0.0}
[17:01:09]   gradient pass 20/84 turns backpropagated
[17:01:20]   gradient pass 40/84 turns backpropagated
[17:01:31]   gradient pass 60/84 turns backpropagated
[17:01:41]   gradient pass 80/84 turns backpropagated
[17:01:44]   gradient pass 84/84 turns backpropagated
[17:01:44] step 17/60 loss=-4.36028 reward_mean=8.307 reward_std=7.668 turns_mean=5.2 goal_met=6/16 stop=2 patience=8 kl_mean=-0.11083
[17:01:53]   rollout step 18 task 1/4 gen 1/4 turn 1/15 valid=True db -16.07->-17.44
[17:02:00]   rollout step 18 task 1/4 gen 1/4 turn 2/15 valid=True db -17.44->-17.88
[17:02:08]   rollout step 18 task 1/4 gen 1/4 turn 3/15 valid=True db -17.88->-18.66
[17:02:14]   rollout step 18 task 1/4 gen 1/4 turn 4/15 valid=True db -18.66->-16.61
[17:02:20]   rollout step 18 task 1/4 gen 1/4 turn 5/15 valid=True db -16.61->-14.49
[17:02:25]   rollout step 18 task 1/4 gen 1/4 turn 6/15 valid=True db -14.49->-16.43
[17:02:35]   rollout step 18 task 1/4 gen 1/4 turn 7/15 valid=True db -16.43->-19.20
[17:02:44]   rollout step 18 task 1/4 gen 1/4 turn 8/15 valid=True db -19.20->-18.83
[17:02:52]   rollout step 18 task 1/4 gen 1/4 turn 9/15 valid=True db -18.83->-25.79
[17:02:59]   rollout step 18 task 1/4 gen 1/4 turn 10/15 valid=True db -25.79->-27.39
[17:03:07]   rollout step 18 task 1/4 gen 1/4 turn 11/15 valid=True db -27.39->-14.03
[17:03:14]   rollout step 18 task 1/4 gen 1/4 turn 12/15 valid=True db -14.03->-25.88
[17:03:22]   rollout step 18 task 1/4 gen 1/4 turn 13/15 valid=True db -25.88->-14.64
[17:03:28]   rollout step 18 task 1/4 gen 1/4 turn 14/15 valid=True db -14.64->-24.72
[17:03:35]   rollout step 18 task 1/4 gen 1/4 turn 15/15 valid=True db -24.72->-35.30
[17:03:35] trajectory done: step 18 task 1/4 gen 1/4 turns=15 reason=goal_met reward=19.234  [273/960 trajectories overall]
[17:03:42]   rollout step 18 task 1/4 gen 2/4 turn 1/15 valid=True db -16.07->-17.00
[17:03:46]   rollout step 18 task 1/4 gen 2/4 turn 2/15 valid=False db -17.00->-17.00
[17:03:52]   rollout step 18 task 1/4 gen 2/4 turn 3/15 valid=True db -17.00->-14.55
[17:03:55]   rollout step 18 task 1/4 gen 2/4 turn 4/15 valid=True db -14.55->-14.55
[17:03:55] trajectory done: step 18 task 1/4 gen 2/4 turns=4 reason=stop reward=1.201  [274/960 trajectories overall]
[17:04:03]   rollout step 18 task 1/4 gen 3/4 turn 1/15 valid=True db -16.07->-16.58
[17:04:08]   rollout step 18 task 1/4 gen 3/4 turn 2/15 valid=True db -16.58->-22.11
[17:04:15]   rollout step 18 task 1/4 gen 3/4 turn 3/15 valid=True db -22.11->-22.52
[17:04:23]   rollout step 18 task 1/4 gen 3/4 turn 4/15 valid=True db -22.52->-22.87
[17:04:35]   rollout step 18 task 1/4 gen 3/4 turn 5/15 valid=True db -22.87->-18.06
[17:04:40]   rollout step 18 task 1/4 gen 3/4 turn 6/15 valid=True db -18.06->-22.05
[17:04:49]   rollout step 18 task 1/4 gen 3/4 turn 7/15 valid=True db -22.05->-40.26
[17:04:49] trajectory done: step 18 task 1/4 gen 3/4 turns=7 reason=goal_met reward=20.000  [275/960 trajectories overall]
[17:04:58]   rollout step 18 task 1/4 gen 4/4 turn 1/15 valid=True db -16.07->-15.94
[17:05:08]   rollout step 18 task 1/4 gen 4/4 turn 2/15 valid=True db -15.94->-15.55
[17:05:16]   rollout step 18 task 1/4 gen 4/4 turn 3/15 valid=True db -15.55->-13.66
[17:05:23]   rollout step 18 task 1/4 gen 4/4 turn 4/15 valid=True db -13.66->-14.09
[17:05:31]   rollout step 18 task 1/4 gen 4/4 turn 5/15 valid=True db -14.09->-17.25
[17:05:38]   rollout step 18 task 1/4 gen 4/4 turn 6/15 valid=True db -17.25->-19.79
[17:05:47]   rollout step 18 task 1/4 gen 4/4 turn 7/15 valid=True db -19.79->-22.35
[17:05:55]   rollout step 18 task 1/4 gen 4/4 turn 8/15 valid=True db -22.35->-20.17
[17:06:00]   rollout step 18 task 1/4 gen 4/4 turn 9/15 valid=True db -20.17->-18.19
[17:06:05]   rollout step 18 task 1/4 gen 4/4 turn 10/15 valid=True db -18.19->-16.45
[17:06:11]   rollout step 18 task 1/4 gen 4/4 turn 11/15 valid=True db -16.45->-16.13
[17:06:16]   rollout step 18 task 1/4 gen 4/4 turn 12/15 valid=True db -16.13->-17.62
[17:06:16] trajectory done: step 18 task 1/4 gen 4/4 turns=12 reason=patience reward=4.865  [276/960 trajectories overall]
[17:06:17]   resampled start task 2/4 times=1 seed 5320->5321 initial_db=-7.81
[17:06:28]   rollout step 18 task 2/4 gen 1/4 turn 1/15 valid=True db -7.81->-11.46
[17:06:33]   rollout step 18 task 2/4 gen 1/4 turn 2/15 valid=True db -11.46->-24.99
[17:06:38]   rollout step 18 task 2/4 gen 1/4 turn 3/15 valid=True db -24.99->-2.66
[17:06:44]   rollout step 18 task 2/4 gen 1/4 turn 4/15 valid=True db -2.66->-21.02
[17:06:54]   rollout step 18 task 2/4 gen 1/4 turn 5/15 valid=True db -21.02->-3.25
[17:06:59]   rollout step 18 task 2/4 gen 1/4 turn 6/15 valid=True db -3.25->-18.48
[17:07:08]   rollout step 18 task 2/4 gen 1/4 turn 7/15 valid=True db -18.48->-18.48
[17:07:08] trajectory done: step 18 task 2/4 gen 1/4 turns=7 reason=patience reward=15.224  [277/960 trajectories overall]
[17:07:18]   rollout step 18 task 2/4 gen 2/4 turn 1/15 valid=True db -7.81->-8.70
[17:07:28]   rollout step 18 task 2/4 gen 2/4 turn 2/15 valid=True db -8.70->-24.00
[17:07:35]   rollout step 18 task 2/4 gen 2/4 turn 3/15 valid=True db -24.00->-1.19
[17:07:44]   rollout step 18 task 2/4 gen 2/4 turn 4/15 valid=True db -1.19->-0.47
[17:07:52]   rollout step 18 task 2/4 gen 2/4 turn 5/15 valid=True db -0.47->-9.84
[17:07:59]   rollout step 18 task 2/4 gen 2/4 turn 6/15 valid=True db -9.84->-0.64
[17:08:05]   rollout step 18 task 2/4 gen 2/4 turn 7/15 valid=True db -0.64->-8.56
[17:08:05] trajectory done: step 18 task 2/4 gen 2/4 turns=7 reason=patience reward=11.554  [278/960 trajectories overall]
[17:08:16]   rollout step 18 task 2/4 gen 3/4 turn 1/15 valid=True db -7.81->-8.02
[17:08:20]   rollout step 18 task 2/4 gen 3/4 turn 2/15 valid=False db -8.02->-8.02
[17:08:27]   rollout step 18 task 2/4 gen 3/4 turn 3/15 valid=True db -8.02->-7.09
[17:08:36]   rollout step 18 task 2/4 gen 3/4 turn 4/15 valid=True db -7.09->-6.79
[17:08:41]   rollout step 18 task 2/4 gen 3/4 turn 5/15 valid=True db -6.79->-6.79
[17:08:41] trajectory done: step 18 task 2/4 gen 3/4 turns=5 reason=stop reward=0.835  [279/960 trajectories overall]
[17:08:53]   rollout step 18 task 2/4 gen 4/4 turn 1/15 valid=True db -7.81->-5.40
[17:09:03]   rollout step 18 task 2/4 gen 4/4 turn 2/15 valid=True db -5.40->-5.42
[17:09:14]   rollout step 18 task 2/4 gen 4/4 turn 3/15 valid=True db -5.42->-5.14
[17:09:21]   rollout step 18 task 2/4 gen 4/4 turn 4/15 valid=True db -5.14->-5.40
[17:09:28]   rollout step 18 task 2/4 gen 4/4 turn 5/15 valid=True db -5.40->-6.81
[17:09:28] trajectory done: step 18 task 2/4 gen 4/4 turns=5 reason=patience reward=-0.302  [280/960 trajectories overall]
[17:09:37]   rollout step 18 task 3/4 gen 1/4 turn 1/15 valid=True db -8.60->-8.94
[17:09:43]   rollout step 18 task 3/4 gen 1/4 turn 2/15 valid=True db -8.94->-12.29
[17:09:53]   rollout step 18 task 3/4 gen 1/4 turn 3/15 valid=True db -12.29->-28.51
[17:10:00]   rollout step 18 task 3/4 gen 1/4 turn 4/15 valid=True db -28.51->-29.35
[17:10:11]   rollout step 18 task 3/4 gen 1/4 turn 5/15 valid=True db -29.35->-29.46
[17:10:19]   rollout step 18 task 3/4 gen 1/4 turn 6/15 valid=True db -29.46->-30.45
[17:10:19] trajectory done: step 18 task 3/4 gen 1/4 turns=6 reason=goal_met reward=20.000  [281/960 trajectories overall]
[17:10:24]   rollout step 18 task 3/4 gen 2/4 turn 1/15 valid=False db -8.60->-8.60
[17:10:32]   rollout step 18 task 3/4 gen 2/4 turn 2/15 valid=True db -8.60->-8.42
[17:10:37]   rollout step 18 task 3/4 gen 2/4 turn 3/15 valid=True db -8.42->-8.58
[17:10:45]   rollout step 18 task 3/4 gen 2/4 turn 4/15 valid=True db -8.58->-8.73
[17:10:55]   rollout step 18 task 3/4 gen 2/4 turn 5/15 valid=True db -8.73->-8.59
[17:10:55] trajectory done: step 18 task 3/4 gen 2/4 turns=5 reason=patience reward=0.091  [282/960 trajectories overall]
[17:11:03]   rollout step 18 task 3/4 gen 3/4 turn 1/15 valid=True db -8.60->-9.12
[17:11:12]   rollout step 18 task 3/4 gen 3/4 turn 2/15 valid=True db -9.12->-9.60
[17:11:19]   rollout step 18 task 3/4 gen 3/4 turn 3/15 valid=True db -9.60->-9.22
[17:11:24]   rollout step 18 task 3/4 gen 3/4 turn 4/15 valid=True db -9.22->-13.40
[17:11:32]   rollout step 18 task 3/4 gen 3/4 turn 5/15 valid=True db -13.40->-9.60
[17:11:37]   rollout step 18 task 3/4 gen 3/4 turn 6/15 valid=True db -9.60->-13.17
[17:11:43]   rollout step 18 task 3/4 gen 3/4 turn 7/15 valid=True db -13.17->-9.90
[17:11:48]   rollout step 18 task 3/4 gen 3/4 turn 8/15 valid=True db -9.90->-12.96
[17:11:56]   rollout step 18 task 3/4 gen 3/4 turn 9/15 valid=True db -12.96->-12.51
[17:11:56] trajectory done: step 18 task 3/4 gen 3/4 turns=9 reason=patience reward=4.537  [283/960 trajectories overall]
[17:12:02]   rollout step 18 task 3/4 gen 4/4 turn 1/15 valid=False db -8.60->-8.60
[17:12:11]   rollout step 18 task 3/4 gen 4/4 turn 2/15 valid=True db -8.60->-8.75
[17:12:22]   rollout step 18 task 3/4 gen 4/4 turn 3/15 valid=True db -8.75->-8.28
[17:12:28]   rollout step 18 task 3/4 gen 4/4 turn 4/15 valid=True db -8.28->-8.11
[17:12:34]   rollout step 18 task 3/4 gen 4/4 turn 5/15 valid=True db -8.11->-7.96
[17:12:34] trajectory done: step 18 task 3/4 gen 4/4 turns=5 reason=patience reward=-0.087  [284/960 trajectories overall]
[17:12:43]   rollout step 18 task 4/4 gen 1/4 turn 1/15 valid=True db -20.66->-16.79
[17:12:53]   rollout step 18 task 4/4 gen 1/4 turn 2/15 valid=True db -16.79->-20.57
[17:13:00]   rollout step 18 task 4/4 gen 1/4 turn 3/15 valid=True db -20.57->-25.29
[17:13:08]   rollout step 18 task 4/4 gen 1/4 turn 4/15 valid=True db -25.29->-23.25
[17:13:15]   rollout step 18 task 4/4 gen 1/4 turn 5/15 valid=True db -23.25->-25.29
[17:13:22]   rollout step 18 task 4/4 gen 1/4 turn 6/15 valid=True db -25.29->-21.00
[17:13:27]   rollout step 18 task 4/4 gen 1/4 turn 7/15 valid=True db -21.00->-22.54
[17:13:34]   rollout step 18 task 4/4 gen 1/4 turn 8/15 valid=True db -22.54->-25.29
[17:13:34] trajectory done: step 18 task 4/4 gen 1/4 turns=8 reason=patience reward=4.637  [285/960 trajectories overall]
[17:13:42]   rollout step 18 task 4/4 gen 2/4 turn 1/15 valid=True db -20.66->-29.30
[17:13:48]   rollout step 18 task 4/4 gen 2/4 turn 2/15 valid=True db -29.30->-9.14
[17:13:53]   rollout step 18 task 4/4 gen 2/4 turn 3/15 valid=True db -9.14->-26.60
[17:14:02]   rollout step 18 task 4/4 gen 2/4 turn 4/15 valid=True db -26.60->-26.47
[17:14:08]   rollout step 18 task 4/4 gen 2/4 turn 5/15 valid=True db -26.47->-26.59
[17:14:16]   rollout step 18 task 4/4 gen 2/4 turn 6/15 valid=True db -26.59->-26.14
[17:14:16] trajectory done: step 18 task 4/4 gen 2/4 turns=6 reason=patience reward=7.694  [286/960 trajectories overall]
[17:14:27]   rollout step 18 task 4/4 gen 3/4 turn 1/15 valid=True db -20.66->-21.24
[17:14:33]   rollout step 18 task 4/4 gen 3/4 turn 2/15 valid=True db -21.24->-32.68
[17:14:33] trajectory done: step 18 task 4/4 gen 3/4 turns=2 reason=goal_met reward=12.023  [287/960 trajectories overall]
[17:14:40]   rollout step 18 task 4/4 gen 4/4 turn 1/15 valid=True db -20.66->-17.72
[17:14:47]   rollout step 18 task 4/4 gen 4/4 turn 2/15 valid=True db -17.72->-15.06
[17:14:56]   rollout step 18 task 4/4 gen 4/4 turn 3/15 valid=True db -15.06->-15.48
[17:15:01]   rollout step 18 task 4/4 gen 4/4 turn 4/15 valid=True db -15.48->-14.31
[17:15:09]   rollout step 18 task 4/4 gen 4/4 turn 5/15 valid=True db -14.31->-14.76
[17:15:09] trajectory done: step 18 task 4/4 gen 4/4 turns=5 reason=patience reward=-1.770  [288/960 trajectories overall]
[17:15:09] step_stats={"best_improve_mean": 8.527879865495251, "best_improve_p50": 5.543331467707321, "goal_met_pct": 25.0, "group_best_mean": 16.81152818282567, "max_turns_pct": 0.0, "n_resampled_starts": 1, "n_trajectories": 16, "n_turns": 108, "patience_pct": 62.5, "pos_delta_rate": 0.5462962962962963, "reward_mean": 7.483415405068611, "reward_p25": 0.6485617936953882, "reward_p50": 4.750968408279256, "reward_p75": 12.82282232184437, "stop_pct": 12.5, "valid_turn_rate": 0.9629629629629629, "wg_range_mean": 17.050950313115727, "wg_std_mean": 7.083831130980295, "zero_adv_frac": 0.0}
[17:15:21]   gradient pass 20/108 turns backpropagated
[17:15:32]   gradient pass 40/108 turns backpropagated
[17:15:42]   gradient pass 60/108 turns backpropagated
[17:15:53]   gradient pass 80/108 turns backpropagated
[17:16:04]   gradient pass 100/108 turns backpropagated
[17:16:08]   gradient pass 108/108 turns backpropagated
[17:16:08] step 18/60 loss=1.19622 reward_mean=7.483 reward_std=7.558 turns_mean=6.8 goal_met=4/16 stop=2 patience=10 kl_mean=-0.07331
[17:16:15]   rollout step 19 task 1/4 gen 1/4 turn 1/15 valid=True db -12.55->-14.32
[17:16:21]   rollout step 19 task 1/4 gen 1/4 turn 2/15 valid=True db -14.32->-24.98
[17:16:26]   rollout step 19 task 1/4 gen 1/4 turn 3/15 valid=True db -24.98->-13.84
[17:16:34]   rollout step 19 task 1/4 gen 1/4 turn 4/15 valid=True db -13.84->-13.55
[17:16:40]   rollout step 19 task 1/4 gen 1/4 turn 5/15 valid=True db -13.55->-13.29
[17:16:45]   rollout step 19 task 1/4 gen 1/4 turn 6/15 valid=True db -13.29->-13.53
[17:16:52]   rollout step 19 task 1/4 gen 1/4 turn 7/15 valid=True db -13.53->-12.47
[17:16:52] trajectory done: step 19 task 1/4 gen 1/4 turns=7 reason=patience reward=8.679  [289/960 trajectories overall]
[17:16:59]   rollout step 19 task 1/4 gen 2/4 turn 1/15 valid=True db -12.55->-12.88
[17:17:07]   rollout step 19 task 1/4 gen 2/4 turn 2/15 valid=True db -12.88->-12.57
[17:17:13]   rollout step 19 task 1/4 gen 2/4 turn 3/15 valid=True db -12.57->-12.86
[17:17:20]   rollout step 19 task 1/4 gen 2/4 turn 4/15 valid=True db -12.86->-15.32
[17:17:28]   rollout step 19 task 1/4 gen 2/4 turn 5/15 valid=True db -15.32->-15.83
[17:17:36]   rollout step 19 task 1/4 gen 2/4 turn 6/15 valid=True db -15.83->-16.31
[17:17:42]   rollout step 19 task 1/4 gen 2/4 turn 7/15 valid=True db -16.31->-14.17
[17:17:48]   rollout step 19 task 1/4 gen 2/4 turn 8/15 valid=True db -14.17->-13.81
[17:17:54]   rollout step 19 task 1/4 gen 2/4 turn 9/15 valid=True db -13.81->-12.56
[17:18:00]   rollout step 19 task 1/4 gen 2/4 turn 10/15 valid=True db -12.56->-12.73
[17:18:10]   rollout step 19 task 1/4 gen 2/4 turn 11/15 valid=True db -12.73->-12.48
[17:18:10] trajectory done: step 19 task 1/4 gen 2/4 turns=11 reason=patience reward=2.607  [290/960 trajectories overall]
[17:18:20]   rollout step 19 task 1/4 gen 3/4 turn 1/15 valid=True db -12.55->-12.88
[17:18:28]   rollout step 19 task 1/4 gen 3/4 turn 2/15 valid=True db -12.88->-13.20
[17:18:35]   rollout step 19 task 1/4 gen 3/4 turn 3/15 valid=True db -13.20->-12.90
[17:18:45]   rollout step 19 task 1/4 gen 3/4 turn 4/15 valid=True db -12.90->-11.74
[17:18:51]   rollout step 19 task 1/4 gen 3/4 turn 5/15 valid=True db -11.74->-11.92
[17:19:06]   rollout step 19 task 1/4 gen 3/4 turn 6/15 valid=True db -11.92->-12.10
[17:19:11]   rollout step 19 task 1/4 gen 3/4 turn 7/15 valid=True db -12.10->-17.02
[17:19:18]   rollout step 19 task 1/4 gen 3/4 turn 8/15 valid=True db -17.02->-16.87
[17:19:24]   rollout step 19 task 1/4 gen 3/4 turn 9/15 valid=True db -16.87->-17.01
[17:19:29]   rollout step 19 task 1/4 gen 3/4 turn 10/15 valid=True db -17.01->-44.47
[17:19:29] trajectory done: step 19 task 1/4 gen 3/4 turns=10 reason=goal_met reward=20.000  [291/960 trajectories overall]
[17:19:37]   rollout step 19 task 1/4 gen 4/4 turn 1/15 valid=True db -12.55->-25.43
[17:19:43]   rollout step 19 task 1/4 gen 4/4 turn 2/15 valid=True db -25.43->-9.50
[17:19:46]   rollout step 19 task 1/4 gen 4/4 turn 3/15 valid=True db -9.50->-9.50
[17:19:46] trajectory done: step 19 task 1/4 gen 4/4 turns=3 reason=stop reward=9.099  [292/960 trajectories overall]
[17:19:55]   rollout step 19 task 2/4 gen 1/4 turn 1/15 valid=True db -17.26->-17.20
[17:20:03]   rollout step 19 task 2/4 gen 1/4 turn 2/15 valid=True db -17.20->-14.74
[17:20:08]   rollout step 19 task 2/4 gen 1/4 turn 3/15 valid=True db -14.74->-23.94
[17:20:17]   rollout step 19 task 2/4 gen 1/4 turn 4/15 valid=True db -23.94->-22.51
[17:20:23]   rollout step 19 task 2/4 gen 1/4 turn 5/15 valid=True db -22.51->-23.82
[17:20:30]   rollout step 19 task 2/4 gen 1/4 turn 6/15 valid=True db -23.82->-15.59
[17:20:36]   rollout step 19 task 2/4 gen 1/4 turn 7/15 valid=True db -15.59->-15.25
[17:20:41]   rollout step 19 task 2/4 gen 1/4 turn 8/15 valid=True db -15.25->-20.00
[17:20:41] trajectory done: step 19 task 2/4 gen 1/4 turns=8 reason=patience reward=5.500  [293/960 trajectories overall]
[17:20:51]   rollout step 19 task 2/4 gen 2/4 turn 1/15 valid=True db -17.26->-33.09
[17:20:51] trajectory done: step 19 task 2/4 gen 2/4 turns=1 reason=goal_met reward=15.833  [294/960 trajectories overall]
[17:20:56]   rollout step 19 task 2/4 gen 3/4 turn 1/15 valid=False db -17.26->-17.26
[17:21:02]   rollout step 19 task 2/4 gen 3/4 turn 2/15 valid=True db -17.26->-17.78
[17:21:09]   rollout step 19 task 2/4 gen 3/4 turn 3/15 valid=True db -17.78->-15.31
[17:21:15]   rollout step 19 task 2/4 gen 3/4 turn 4/15 valid=True db -15.31->-15.31
[17:21:15] trajectory done: step 19 task 2/4 gen 3/4 turns=4 reason=stop reward=0.784  [295/960 trajectories overall]
[17:21:28]   rollout step 19 task 2/4 gen 4/4 turn 1/15 valid=True db -17.26->-11.79
[17:21:35]   rollout step 19 task 2/4 gen 4/4 turn 2/15 valid=True db -11.79->-11.86
[17:21:43]   rollout step 19 task 2/4 gen 4/4 turn 3/15 valid=True db -11.86->-9.81
[17:21:54]   rollout step 19 task 2/4 gen 4/4 turn 4/15 valid=True db -9.81->-10.70
[17:22:02]   rollout step 19 task 2/4 gen 4/4 turn 5/15 valid=True db -10.70->-8.85
[17:22:02] trajectory done: step 19 task 2/4 gen 4/4 turns=5 reason=patience reward=-2.522  [296/960 trajectories overall]
[17:22:11]   rollout step 19 task 3/4 gen 1/4 turn 1/15 valid=True db -16.72->-16.61
[17:22:17]   rollout step 19 task 3/4 gen 1/4 turn 2/15 valid=True db -16.61->-16.65
[17:22:27]   rollout step 19 task 3/4 gen 1/4 turn 3/15 valid=True db -16.65->-17.59
[17:22:33]   rollout step 19 task 3/4 gen 1/4 turn 4/15 valid=True db -17.59->-28.29
[17:22:41]   rollout step 19 task 3/4 gen 1/4 turn 5/15 valid=True db -28.29->-15.29
[17:22:47]   rollout step 19 task 3/4 gen 1/4 turn 6/15 valid=True db -15.29->-30.61
[17:22:47] trajectory done: step 19 task 3/4 gen 1/4 turns=6 reason=goal_met reward=13.888  [297/960 trajectories overall]
[17:22:55]   rollout step 19 task 3/4 gen 2/4 turn 1/15 valid=True db -16.72->-41.97
[17:22:55] trajectory done: step 19 task 3/4 gen 2/4 turns=1 reason=goal_met reward=20.000  [298/960 trajectories overall]
[17:23:02]   rollout step 19 task 3/4 gen 3/4 turn 1/15 valid=True db -16.72->-13.31
[17:23:10]   rollout step 19 task 3/4 gen 3/4 turn 2/15 valid=True db -13.31->-16.35
[17:23:17]   rollout step 19 task 3/4 gen 3/4 turn 3/15 valid=True db -16.35->-28.11
[17:23:23]   rollout step 19 task 3/4 gen 3/4 turn 4/15 valid=True db -28.11->-12.52
[17:23:29]   rollout step 19 task 3/4 gen 3/4 turn 5/15 valid=True db -12.52->-31.03
[17:23:29] trajectory done: step 19 task 3/4 gen 3/4 turns=5 reason=goal_met reward=14.315  [299/960 trajectories overall]
[17:23:34]   rollout step 19 task 3/4 gen 4/4 turn 1/15 valid=False db -16.72->-16.72
[17:23:41]   rollout step 19 task 3/4 gen 4/4 turn 2/15 valid=True db -16.72->-19.77
[17:23:48]   rollout step 19 task 3/4 gen 4/4 turn 3/15 valid=True db -19.77->-38.10
[17:23:48] trajectory done: step 19 task 3/4 gen 4/4 turns=3 reason=goal_met reward=20.000  [300/960 trajectories overall]
[17:24:01]   rollout step 19 task 4/4 gen 1/4 turn 1/15 valid=True db -11.72->-12.70
[17:24:09]   rollout step 19 task 4/4 gen 1/4 turn 2/15 valid=True db -12.70->-26.22
[17:24:17]   rollout step 19 task 4/4 gen 1/4 turn 3/15 valid=True db -26.22->-10.66
[17:24:22]   rollout step 19 task 4/4 gen 1/4 turn 4/15 valid=True db -10.66->-29.84
[17:24:30]   rollout step 19 task 4/4 gen 1/4 turn 5/15 valid=True db -29.84->-11.62
[17:24:36]   rollout step 19 task 4/4 gen 1/4 turn 6/15 valid=True db -11.62->-3.05
[17:24:41]   rollout step 19 task 4/4 gen 1/4 turn 7/15 valid=True db -3.05->-10.78
[17:24:46]   rollout step 19 task 4/4 gen 1/4 turn 8/15 valid=True db -10.78->-3.42
[17:24:51]   rollout step 19 task 4/4 gen 1/4 turn 9/15 valid=True db -3.42->-3.42
[17:24:51] trajectory done: step 19 task 4/4 gen 1/4 turns=9 reason=stop reward=11.194  [301/960 trajectories overall]
[17:24:57]   rollout step 19 task 4/4 gen 2/4 turn 1/15 valid=False db -11.72->-11.72
[17:25:03]   rollout step 19 task 4/4 gen 2/4 turn 2/15 valid=True db -11.72->-11.54
[17:25:08]   rollout step 19 task 4/4 gen 2/4 turn 3/15 valid=True db -11.54->-11.71
[17:25:15]   rollout step 19 task 4/4 gen 2/4 turn 4/15 valid=True db -11.71->-11.55
[17:25:21]   rollout step 19 task 4/4 gen 2/4 turn 5/15 valid=True db -11.55->-11.70
[17:25:21] trajectory done: step 19 task 4/4 gen 2/4 turns=5 reason=patience reward=-0.008  [302/960 trajectories overall]
[17:25:29]   rollout step 19 task 4/4 gen 3/4 turn 1/15 valid=True db -11.72->-22.56
[17:25:36]   rollout step 19 task 4/4 gen 3/4 turn 2/15 valid=True db -22.56->-12.30
[17:25:43]   rollout step 19 task 4/4 gen 3/4 turn 3/15 valid=True db -12.30->-2.27
[17:25:48]   rollout step 19 task 4/4 gen 3/4 turn 4/15 valid=True db -2.27->-11.28
[17:25:56]   rollout step 19 task 4/4 gen 3/4 turn 5/15 valid=True db -11.28->-2.66
[17:26:01]   rollout step 19 task 4/4 gen 3/4 turn 6/15 valid=True db -2.66->-5.89
[17:26:01] trajectory done: step 19 task 4/4 gen 3/4 turns=6 reason=patience reward=5.836  [303/960 trajectories overall]
[17:26:10]   rollout step 19 task 4/4 gen 4/4 turn 1/15 valid=True db -11.72->-12.43
[17:26:18]   rollout step 19 task 4/4 gen 4/4 turn 2/15 valid=True db -12.43->-20.46
[17:26:27]   rollout step 19 task 4/4 gen 4/4 turn 3/15 valid=True db -20.46->-20.46
[17:26:36]   rollout step 19 task 4/4 gen 4/4 turn 4/15 valid=True db -20.46->-20.53
[17:26:45]   rollout step 19 task 4/4 gen 4/4 turn 5/15 valid=True db -20.53->-20.63
[17:26:52]   rollout step 19 task 4/4 gen 4/4 turn 6/15 valid=True db -20.63->-18.65
[17:27:01]   rollout step 19 task 4/4 gen 4/4 turn 7/15 valid=True db -18.65->-21.75
[17:27:09]   rollout step 19 task 4/4 gen 4/4 turn 8/15 valid=True db -21.75->-21.84
[17:27:19]   rollout step 19 task 4/4 gen 4/4 turn 9/15 valid=True db -21.84->-22.40
[17:27:27]   rollout step 19 task 4/4 gen 4/4 turn 10/15 valid=True db -22.40->-15.16
[17:27:33]   rollout step 19 task 4/4 gen 4/4 turn 11/15 valid=True db -15.16->-12.29
[17:27:39]   rollout step 19 task 4/4 gen 4/4 turn 12/15 valid=True db -12.29->-10.61
[17:27:44]   rollout step 19 task 4/4 gen 4/4 turn 13/15 valid=True db -10.61->-12.15
[17:27:50]   rollout step 19 task 4/4 gen 4/4 turn 14/15 valid=True db -12.15->-14.24
[17:27:50] trajectory done: step 19 task 4/4 gen 4/4 turns=14 reason=patience reward=8.228  [304/960 trajectories overall]
[17:27:50] step_stats={"best_improve_mean": 12.405934643869115, "best_improve_p50": 12.65425211102089, "goal_met_pct": 37.5, "group_best_mean": 16.756719127670287, "max_turns_pct": 0.0, "n_resampled_starts": 0, "n_trajectories": 16, "n_turns": 98, "patience_pct": 43.75, "pos_delta_rate": 0.5204081632653061, "reward_mean": 9.589557757066194, "reward_p25": 4.776796510506801, "reward_p50": 8.889032272831244, "reward_p75": 14.694650284162831, "stop_pct": 18.75, "valid_turn_rate": 0.9693877551020408, "wg_range_mean": 13.265445354115219, "wg_std_mean": 5.065350348570008, "zero_adv_frac": 0.0}
[17:28:01]   gradient pass 20/98 turns backpropagated
[17:28:12]   gradient pass 40/98 turns backpropagated
[17:28:24]   gradient pass 60/98 turns backpropagated
[17:28:34]   gradient pass 80/98 turns backpropagated
[17:28:46]   gradient pass 98/98 turns backpropagated
[17:28:46] step 19/60 loss=-0.90649 reward_mean=9.590 reward_std=7.099 turns_mean=6.1 goal_met=6/16 stop=3 patience=7 kl_mean=-0.06545
[17:28:58]   rollout step 20 task 1/4 gen 1/4 turn 1/15 valid=True db -9.99->-10.36
[17:29:05]   rollout step 20 task 1/4 gen 1/4 turn 2/15 valid=True db -10.36->-10.02
[17:29:10]   rollout step 20 task 1/4 gen 1/4 turn 3/15 valid=True db -10.02->-10.34
[17:29:16]   rollout step 20 task 1/4 gen 1/4 turn 4/15 valid=True db -10.34->-8.80
[17:29:24]   rollout step 20 task 1/4 gen 1/4 turn 5/15 valid=True db -8.80->-8.49
[17:29:31]   rollout step 20 task 1/4 gen 1/4 turn 6/15 valid=True db -8.49->-8.78
[17:29:31] trajectory done: step 20 task 1/4 gen 1/4 turns=6 reason=patience reward=-0.109  [305/960 trajectories overall]
[17:29:39]   rollout step 20 task 1/4 gen 2/4 turn 1/15 valid=True db -9.99->-10.00
[17:29:46]   rollout step 20 task 1/4 gen 2/4 turn 2/15 valid=True db -10.00->-13.22
[17:29:52]   rollout step 20 task 1/4 gen 2/4 turn 3/15 valid=True db -13.22->-23.70
[17:29:58]   rollout step 20 task 1/4 gen 2/4 turn 4/15 valid=True db -23.70->-11.92
[17:30:03]   rollout step 20 task 1/4 gen 2/4 turn 5/15 valid=True db -11.92->-25.85
[17:30:12]   rollout step 20 task 1/4 gen 2/4 turn 6/15 valid=True db -25.85->-21.40
[17:30:18]   rollout step 20 task 1/4 gen 2/4 turn 7/15 valid=True db -21.40->-18.00
[17:30:24]   rollout step 20 task 1/4 gen 2/4 turn 8/15 valid=True db -18.00->-17.84
[17:30:29]   rollout step 20 task 1/4 gen 2/4 turn 9/15 valid=True db -17.84->-17.84
[17:30:29] trajectory done: step 20 task 1/4 gen 2/4 turns=9 reason=stop reward=14.456  [306/960 trajectories overall]
[17:30:38]   rollout step 20 task 1/4 gen 3/4 turn 1/15 valid=True db -9.99->-15.15
[17:30:44]   rollout step 20 task 1/4 gen 3/4 turn 2/15 valid=True db -15.15->-19.51
[17:30:52]   rollout step 20 task 1/4 gen 3/4 turn 3/15 valid=True db -19.51->-15.77
[17:30:57]   rollout step 20 task 1/4 gen 3/4 turn 4/15 valid=True db -15.77->-19.13
[17:31:03]   rollout step 20 task 1/4 gen 3/4 turn 5/15 valid=True db -19.13->-29.46
[17:31:12]   rollout step 20 task 1/4 gen 3/4 turn 6/15 valid=True db -29.46->-29.64
[17:31:20]   rollout step 20 task 1/4 gen 3/4 turn 7/15 valid=True db -29.64->-20.37
[17:31:28]   rollout step 20 task 1/4 gen 3/4 turn 8/15 valid=True db -20.37->-28.96
[17:31:34]   rollout step 20 task 1/4 gen 3/4 turn 9/15 valid=True db -28.96->-24.83
[17:31:40]   rollout step 20 task 1/4 gen 3/4 turn 10/15 valid=True db -24.83->-31.00
[17:31:40] trajectory done: step 20 task 1/4 gen 3/4 turns=10 reason=goal_met reward=20.000  [307/960 trajectories overall]
[17:31:48]   rollout step 20 task 1/4 gen 4/4 turn 1/15 valid=True db -9.99->-10.36
[17:31:55]   rollout step 20 task 1/4 gen 4/4 turn 2/15 valid=True db -10.36->-10.68
[17:32:02]   rollout step 20 task 1/4 gen 4/4 turn 3/15 valid=True db -10.68->-15.51
[17:32:09]   rollout step 20 task 1/4 gen 4/4 turn 4/15 valid=True db -15.51->-16.73
[17:32:17]   rollout step 20 task 1/4 gen 4/4 turn 5/15 valid=True db -16.73->-13.48
[17:32:24]   rollout step 20 task 1/4 gen 4/4 turn 6/15 valid=True db -13.48->-10.19
[17:32:28]   rollout step 20 task 1/4 gen 4/4 turn 7/15 valid=True db -10.19->-8.44
[17:32:33]   rollout step 20 task 1/4 gen 4/4 turn 8/15 valid=True db -8.44->-7.21
[17:32:38]   rollout step 20 task 1/4 gen 4/4 turn 9/15 valid=True db -7.21->-6.26
[17:32:38] trajectory done: step 20 task 1/4 gen 4/4 turns=9 reason=patience reward=3.592  [308/960 trajectories overall]
[17:32:46]   rollout step 20 task 2/4 gen 1/4 turn 1/15 valid=True db -19.03->-13.47
[17:32:51]   rollout step 20 task 2/4 gen 1/4 turn 2/15 valid=True db -13.47->-18.61
[17:32:57]   rollout step 20 task 2/4 gen 1/4 turn 3/15 valid=True db -18.61->-21.36
[17:33:05]   rollout step 20 task 2/4 gen 1/4 turn 4/15 valid=True db -21.36->-15.66
[17:33:12]   rollout step 20 task 2/4 gen 1/4 turn 5/15 valid=True db -15.66->-14.80
[17:33:22]   rollout step 20 task 2/4 gen 1/4 turn 6/15 valid=True db -14.80->-19.26
[17:33:28]   rollout step 20 task 2/4 gen 1/4 turn 7/15 valid=True db -19.26->-19.74
[17:33:34]   rollout step 20 task 2/4 gen 1/4 turn 8/15 valid=True db -19.74->-26.16
[17:33:41]   rollout step 20 task 2/4 gen 1/4 turn 9/15 valid=True db -26.16->-20.09
[17:33:49]   rollout step 20 task 2/4 gen 1/4 turn 10/15 valid=True db -20.09->-16.34
[17:33:54]   rollout step 20 task 2/4 gen 1/4 turn 11/15 valid=True db -16.34->-13.53
[17:34:00]   rollout step 20 task 2/4 gen 1/4 turn 12/15 valid=True db -13.53->-16.13
[17:34:07]   rollout step 20 task 2/4 gen 1/4 turn 13/15 valid=True db -16.13->-13.70
[17:34:07] trajectory done: step 20 task 2/4 gen 1/4 turns=13 reason=patience reward=3.391  [309/960 trajectories overall]
[17:34:14]   rollout step 20 task 2/4 gen 2/4 turn 1/15 valid=True db -19.03->-21.74
[17:34:20]   rollout step 20 task 2/4 gen 2/4 turn 2/15 valid=True db -21.74->-30.46
[17:34:20] trajectory done: step 20 task 2/4 gen 2/4 turns=2 reason=goal_met reward=11.433  [310/960 trajectories overall]
[17:34:28]   rollout step 20 task 2/4 gen 3/4 turn 1/15 valid=True db -19.03->-13.49
[17:34:37]   rollout step 20 task 2/4 gen 3/4 turn 2/15 valid=True db -13.49->-14.60
[17:34:45]   rollout step 20 task 2/4 gen 3/4 turn 3/15 valid=True db -14.60->-14.86
[17:34:54]   rollout step 20 task 2/4 gen 3/4 turn 4/15 valid=True db -14.86->-15.05
[17:35:01]   rollout step 20 task 2/4 gen 3/4 turn 5/15 valid=True db -15.05->-13.15
[17:35:01] trajectory done: step 20 task 2/4 gen 3/4 turns=5 reason=patience reward=-1.765  [311/960 trajectories overall]
[17:35:12]   rollout step 20 task 2/4 gen 4/4 turn 1/15 valid=True db -19.03->-18.31
[17:35:16]   rollout step 20 task 2/4 gen 4/4 turn 2/15 valid=True db -18.31->-19.81
[17:35:23]   rollout step 20 task 2/4 gen 4/4 turn 3/15 valid=True db -19.81->-20.50
[17:35:32]   rollout step 20 task 2/4 gen 4/4 turn 4/15 valid=True db -20.50->-17.22
[17:35:37]   rollout step 20 task 2/4 gen 4/4 turn 5/15 valid=True db -17.22->-13.84
[17:35:43]   rollout step 20 task 2/4 gen 4/4 turn 6/15 valid=True db -13.84->-29.44
[17:35:53]   rollout step 20 task 2/4 gen 4/4 turn 7/15 valid=True db -29.44->-3.85
[17:35:58]   rollout step 20 task 2/4 gen 4/4 turn 8/15 valid=True db -3.85->-3.85
[17:35:58] trajectory done: step 20 task 2/4 gen 4/4 turns=8 reason=stop reward=3.737  [312/960 trajectories overall]
[17:35:59]   resampled start task 3/4 times=1 seed 5330->5331 initial_db=-18.19
[17:36:10]   rollout step 20 task 3/4 gen 1/4 turn 1/15 valid=True db -18.19->-18.32
[17:36:18]   rollout step 20 task 3/4 gen 1/4 turn 2/15 valid=True db -18.32->-17.30
[17:36:26]   rollout step 20 task 3/4 gen 1/4 turn 3/15 valid=True db -17.30->-3.84
[17:36:31]   rollout step 20 task 3/4 gen 1/4 turn 4/15 valid=True db -3.84->-15.82
[17:36:39]   rollout step 20 task 3/4 gen 1/4 turn 5/15 valid=True db -15.82->-15.92
[17:36:39] trajectory done: step 20 task 3/4 gen 1/4 turns=5 reason=patience reward=-0.587  [313/960 trajectories overall]
[17:36:47]   rollout step 20 task 3/4 gen 2/4 turn 1/15 valid=True db -18.19->-15.35
[17:36:58]   rollout step 20 task 3/4 gen 2/4 turn 2/15 valid=True db -15.35->-15.47
[17:37:07]   rollout step 20 task 3/4 gen 2/4 turn 3/15 valid=True db -15.47->-15.58
[17:37:13]   rollout step 20 task 3/4 gen 2/4 turn 4/15 valid=True db -15.58->-15.48
[17:37:19]   rollout step 20 task 3/4 gen 2/4 turn 5/15 valid=True db -15.48->-15.38
[17:37:19] trajectory done: step 20 task 3/4 gen 2/4 turns=5 reason=patience reward=-0.843  [314/960 trajectories overall]
[17:37:29]   rollout step 20 task 3/4 gen 3/4 turn 1/15 valid=True db -18.19->-18.83
[17:37:40]   rollout step 20 task 3/4 gen 3/4 turn 2/15 valid=True db -18.83->-15.76
[17:37:47]   rollout step 20 task 3/4 gen 3/4 turn 3/15 valid=True db -15.76->-18.56
[17:37:56]   rollout step 20 task 3/4 gen 3/4 turn 4/15 valid=True db -18.56->-22.56
[17:38:04]   rollout step 20 task 3/4 gen 3/4 turn 5/15 valid=True db -22.56->-29.04
[17:38:10]   rollout step 20 task 3/4 gen 3/4 turn 6/15 valid=True db -29.04->-31.09
[17:38:10] trajectory done: step 20 task 3/4 gen 3/4 turns=6 reason=goal_met reward=12.903  [315/960 trajectories overall]
[17:38:18]   rollout step 20 task 3/4 gen 4/4 turn 1/15 valid=True db -18.19->-18.62
[17:38:25]   rollout step 20 task 3/4 gen 4/4 turn 2/15 valid=True db -18.62->-21.36
[17:38:32]   rollout step 20 task 3/4 gen 4/4 turn 3/15 valid=True db -21.36->-19.72
[17:38:38]   rollout step 20 task 3/4 gen 4/4 turn 4/15 valid=True db -19.72->-22.49
[17:38:45]   rollout step 20 task 3/4 gen 4/4 turn 5/15 valid=True db -22.49->-21.28
[17:38:53]   rollout step 20 task 3/4 gen 4/4 turn 6/15 valid=True db -21.28->-21.38
[17:39:02]   rollout step 20 task 3/4 gen 4/4 turn 7/15 valid=True db -21.38->-21.17
[17:39:07]   rollout step 20 task 3/4 gen 4/4 turn 8/15 valid=True db -21.17->-21.17
[17:39:07] trajectory done: step 20 task 3/4 gen 4/4 turns=8 reason=stop reward=4.907  [316/960 trajectories overall]
[17:39:16]   rollout step 20 task 4/4 gen 1/4 turn 1/15 valid=True db -12.18->-19.59
[17:39:27]   rollout step 20 task 4/4 gen 1/4 turn 2/15 valid=True db -19.59->-9.01
[17:39:34]   rollout step 20 task 4/4 gen 1/4 turn 3/15 valid=True db -9.01->-18.58
[17:39:42]   rollout step 20 task 4/4 gen 1/4 turn 4/15 valid=True db -18.58->-11.32
[17:39:49]   rollout step 20 task 4/4 gen 1/4 turn 5/15 valid=True db -11.32->-9.76
[17:39:54]   rollout step 20 task 4/4 gen 1/4 turn 6/15 valid=True db -9.76->-9.49
[17:39:54] trajectory done: step 20 task 4/4 gen 1/4 turns=6 reason=patience reward=4.372  [317/960 trajectories overall]
[17:40:03]   rollout step 20 task 4/4 gen 2/4 turn 1/15 valid=True db -12.18->-10.22
[17:40:13]   rollout step 20 task 4/4 gen 2/4 turn 2/15 valid=True db -10.22->-15.68
[17:40:22]   rollout step 20 task 4/4 gen 2/4 turn 3/15 valid=True db -15.68->-25.75
[17:40:27]   rollout step 20 task 4/4 gen 2/4 turn 4/15 valid=True db -25.75->-13.11
[17:40:32]   rollout step 20 task 4/4 gen 2/4 turn 5/15 valid=True db -13.11->-27.98
[17:40:39]   rollout step 20 task 4/4 gen 2/4 turn 6/15 valid=True db -27.98->-14.29
[17:40:45]   rollout step 20 task 4/4 gen 2/4 turn 7/15 valid=True db -14.29->-30.67
[17:40:45] trajectory done: step 20 task 4/4 gen 2/4 turns=7 reason=goal_met reward=18.488  [318/960 trajectories overall]
[17:40:54]   rollout step 20 task 4/4 gen 3/4 turn 1/15 valid=True db -12.18->-12.69
[17:41:01]   rollout step 20 task 4/4 gen 3/4 turn 2/15 valid=True db -12.69->-10.16
[17:41:08]   rollout step 20 task 4/4 gen 3/4 turn 3/15 valid=True db -10.16->-8.02
[17:41:15]   rollout step 20 task 4/4 gen 3/4 turn 4/15 valid=True db -8.02->-8.34
[17:41:24]   rollout step 20 task 4/4 gen 3/4 turn 5/15 valid=True db -8.34->-12.48
[17:41:30]   rollout step 20 task 4/4 gen 3/4 turn 6/15 valid=True db -12.48->-8.04
[17:41:30] trajectory done: step 20 task 4/4 gen 3/4 turns=6 reason=patience reward=-0.891  [319/960 trajectories overall]
[17:41:37]   rollout step 20 task 4/4 gen 4/4 turn 1/15 valid=True db -12.18->-13.08
[17:41:46]   rollout step 20 task 4/4 gen 4/4 turn 2/15 valid=True db -13.08->-19.58
[17:41:52]   rollout step 20 task 4/4 gen 4/4 turn 3/15 valid=True db -19.58->-22.71
[17:42:00]   rollout step 20 task 4/4 gen 4/4 turn 4/15 valid=True db -22.71->-23.11
[17:42:10]   rollout step 20 task 4/4 gen 4/4 turn 5/15 valid=True db -23.11->-14.77
[17:42:19]   rollout step 20 task 4/4 gen 4/4 turn 6/15 valid=True db -14.77->-4.98
[17:42:24]   rollout step 20 task 4/4 gen 4/4 turn 7/15 valid=True db -4.98->-4.98
[17:42:24] trajectory done: step 20 task 4/4 gen 4/4 turns=7 reason=stop reward=6.484  [320/960 trajectories overall]
[17:42:24] step_stats={"best_improve_mean": 7.975159402237851, "best_improve_p50": 7.265156614069276, "goal_met_pct": 25.0, "group_best_mean": 15.70592366187837, "max_turns_pct": 0.0, "n_resampled_starts": 1, "n_trajectories": 16, "n_turns": 112, "patience_pct": 50.0, "pos_delta_rate": 0.5178571428571429, "reward_mean": 6.222994716410742, "reward_p25": -0.22852934869030045, "reward_p50": 4.054617511824147, "reward_p75": 11.80070832063976, "stop_pct": 25.0, "valid_turn_rate": 1.0, "wg_range_mean": 16.60775211362983, "wg_std_mean": 6.369883336499644, "zero_adv_frac": 0.0}
[17:42:35]   gradient pass 20/112 turns backpropagated
[17:42:46]   gradient pass 40/112 turns backpropagated
[17:42:57]   gradient pass 60/112 turns backpropagated
[17:43:08]   gradient pass 80/112 turns backpropagated
[17:43:19]   gradient pass 100/112 turns backpropagated
[17:43:25]   gradient pass 112/112 turns backpropagated
[17:43:25] step 20/60 loss=0.29296 reward_mean=6.223 reward_std=6.878 turns_mean=7.0 goal_met=4/16 stop=4 patience=8 kl_mean=-0.19041
[17:43:26] saved checkpoint to outputs/2026-09-10-from-ckpt60-4x4x60/checkpoint-20
[17:43:37]   rollout step 21 task 1/4 gen 1/4 turn 1/15 valid=True db -6.37->-10.35
[17:43:44]   rollout step 21 task 1/4 gen 1/4 turn 2/15 valid=True db -10.35->-7.36
[17:43:50]   rollout step 21 task 1/4 gen 1/4 turn 3/15 valid=True db -7.36->-9.31
[17:43:58]   rollout step 21 task 1/4 gen 1/4 turn 4/15 valid=True db -9.31->-14.72
[17:44:04]   rollout step 21 task 1/4 gen 1/4 turn 5/15 valid=True db -14.72->-13.31
[17:44:12]   rollout step 21 task 1/4 gen 1/4 turn 6/15 valid=True db -13.31->-15.52
[17:44:22]   rollout step 21 task 1/4 gen 1/4 turn 7/15 valid=True db -15.52->-10.17
[17:44:27]   rollout step 21 task 1/4 gen 1/4 turn 8/15 valid=True db -10.17->-14.92
[17:44:33]   rollout step 21 task 1/4 gen 1/4 turn 9/15 valid=True db -14.92->-10.36
[17:44:41]   rollout step 21 task 1/4 gen 1/4 turn 10/15 valid=True db -10.36->-14.38
[17:44:51]   rollout step 21 task 1/4 gen 1/4 turn 11/15 valid=True db -14.38->-10.53
[17:44:51] trajectory done: step 21 task 1/4 gen 1/4 turns=11 reason=patience reward=7.652  [321/960 trajectories overall]
[17:45:04]   rollout step 21 task 1/4 gen 2/4 turn 1/15 valid=True db -6.37->-6.14
[17:45:13]   rollout step 21 task 1/4 gen 2/4 turn 2/15 valid=True db -6.14->-5.89
[17:45:19]   rollout step 21 task 1/4 gen 2/4 turn 3/15 valid=True db -5.89->-6.12
[17:45:26]   rollout step 21 task 1/4 gen 2/4 turn 4/15 valid=True db -6.12->-9.82
[17:45:34]   rollout step 21 task 1/4 gen 2/4 turn 5/15 valid=True db -9.82->-7.47
[17:45:40]   rollout step 21 task 1/4 gen 2/4 turn 6/15 valid=True db -7.47->-5.29
[17:45:46]   rollout step 21 task 1/4 gen 2/4 turn 7/15 valid=True db -5.29->-3.95
[17:45:52]   rollout step 21 task 1/4 gen 2/4 turn 8/15 valid=True db -3.95->-5.18
[17:45:58]   rollout step 21 task 1/4 gen 2/4 turn 9/15 valid=True db -5.18->-4.22
[17:45:58] trajectory done: step 21 task 1/4 gen 2/4 turns=9 reason=patience reward=1.768  [322/960 trajectories overall]
[17:46:05]   rollout step 21 task 1/4 gen 3/4 turn 1/15 valid=True db -6.37->-9.61
[17:46:10]   rollout step 21 task 1/4 gen 3/4 turn 2/15 valid=True db -9.61->-9.83
[17:46:15]   rollout step 21 task 1/4 gen 3/4 turn 3/15 valid=True db -9.83->-13.79
[17:46:25]   rollout step 21 task 1/4 gen 3/4 turn 4/15 valid=True db -13.79->-8.70
[17:46:35]   rollout step 21 task 1/4 gen 3/4 turn 5/15 valid=True db -8.70->-8.92
[17:46:42]   rollout step 21 task 1/4 gen 3/4 turn 6/15 valid=True db -8.92->-9.11
[17:46:52]   rollout step 21 task 1/4 gen 3/4 turn 7/15 valid=True db -9.11->-13.32
[17:47:01]   rollout step 21 task 1/4 gen 3/4 turn 8/15 valid=True db -13.32->-12.76
[17:47:01] trajectory done: step 21 task 1/4 gen 3/4 turns=8 reason=patience reward=7.110  [323/960 trajectories overall]
[17:47:06]   rollout step 21 task 1/4 gen 4/4 turn 1/15 valid=True db -6.37->-5.34
[17:47:16]   rollout step 21 task 1/4 gen 4/4 turn 2/15 valid=True db -5.34->-6.62
