Unsloth 2026.5.2 patched 28 layers with 28 QKV layers, 28 O layers and 28 MLP layers.
preflight: {"cuda": "12.8", "gpu": "NVIDIA RTX 2000 Ada Generation Laptop GPU", "qucs_s": "/mnt/c/Program Files/Qucs-S/bin/qucs-s.exe", "qucsator_rf": "/mnt/c/Program Files/Qucs-S/bin/qucsator_rf.exe"}
🦥 Unsloth: Will patch your computer to enable 2x faster free finetuning.
🦥 Unsloth Zoo will now patch everything to make training faster!
==((====))==  Unsloth 2026.5.2: Fast Qwen3 patching. Transformers: 4.56.2.
   \\   /|    NVIDIA RTX 2000 Ada Generation Laptop GPU. Num GPUs = 1. Max memory: 7.996 GB. Platform: Linux.
O^O/ \_/ \    Torch: 2.10.0+cu128. CUDA: 8.9. CUDA Toolkit: 12.8. Triton: 3.6.0
\        /    Bfloat16 = TRUE. FA [Xformers = 0.0.35. FA2 = False]
 "-____-"     Free license: http://github.com/unslothai/unsloth
Unsloth: Fast downloading is enabled - ignore downloading bars which are red colored!
unsloth/Qwen3-1.7B-bnb-4bit does not have a padding token! Will use pad_token = <|PAD_TOKEN|>.
[18:11:11]   rollout step 1 task 1/4 gen 1/4 turn 1/8 valid=True db -35.44->-29.17
[18:11:16]   rollout step 1 task 1/4 gen 1/4 turn 2/8 valid=True db -29.17->-37.76
[18:11:16] trajectory done: step 1 task 1/4 gen 1/4 turns=2 reason=goal_met reward=2.317  [1/960 trajectories overall]
[18:11:24]   rollout step 1 task 1/4 gen 2/4 turn 1/8 valid=True db -35.44->-5.62
[18:11:29]   rollout step 1 task 1/4 gen 2/4 turn 2/8 valid=True db -5.62->-28.50
[18:11:34]   rollout step 1 task 1/4 gen 2/4 turn 3/8 valid=True db -28.50->-6.48
[18:11:34] trajectory done: step 1 task 1/4 gen 2/4 turns=3 reason=patience reward=-8.688  [2/960 trajectories overall]
[18:11:44]   rollout step 1 task 1/4 gen 3/4 turn 1/8 valid=True db -35.44->-33.77
[18:11:44] trajectory done: step 1 task 1/4 gen 3/4 turns=1 reason=goal_met reward=-0.503  [3/960 trajectories overall]
[18:11:51]   rollout step 1 task 1/4 gen 4/4 turn 1/8 valid=True db -35.44->-35.01
[18:11:51] trajectory done: step 1 task 1/4 gen 4/4 turns=1 reason=goal_met reward=-0.131  [4/960 trajectories overall]
[18:11:56]   rollout step 1 task 2/4 gen 1/4 turn 1/8 valid=True db -17.94->-11.82
[18:12:01]   rollout step 1 task 2/4 gen 1/4 turn 2/8 valid=True db -11.82->-17.55
[18:12:08]   rollout step 1 task 2/4 gen 1/4 turn 3/8 valid=True db -17.55->-22.71
[18:12:15]   rollout step 1 task 2/4 gen 1/4 turn 4/8 valid=True db -22.71->-22.88
[18:12:23]   rollout step 1 task 2/4 gen 1/4 turn 5/8 valid=True db -22.88->-18.25
[18:12:29]   rollout step 1 task 2/4 gen 1/4 turn 6/8 valid=True db -18.25->-22.52
[18:12:29] trajectory done: step 1 task 2/4 gen 1/4 turns=6 reason=patience reward=4.829  [5/960 trajectories overall]
[18:12:37]   rollout step 1 task 2/4 gen 2/4 turn 1/8 valid=True db -17.94->-44.89
[18:12:37] trajectory done: step 1 task 2/4 gen 2/4 turns=1 reason=goal_met reward=26.948  [6/960 trajectories overall]
[18:12:47]   rollout step 1 task 2/4 gen 3/4 turn 1/8 valid=True db -17.94->-44.89
[18:12:47] trajectory done: step 1 task 2/4 gen 3/4 turns=1 reason=goal_met reward=26.948  [7/960 trajectories overall]
[18:12:54]   rollout step 1 task 2/4 gen 4/4 turn 1/8 valid=True db -17.94->-18.44
[18:12:59]   rollout step 1 task 2/4 gen 4/4 turn 2/8 valid=True db -18.44->-12.84
[18:13:03]   rollout step 1 task 2/4 gen 4/4 turn 3/8 valid=True db -12.84->-18.08
[18:13:14]   rollout step 1 task 2/4 gen 4/4 turn 4/8 valid=True db -18.08->-19.01
[18:13:24]   rollout step 1 task 2/4 gen 4/4 turn 5/8 valid=True db -19.01->-18.58
[18:13:30]   rollout step 1 task 2/4 gen 4/4 turn 6/8 valid=True db -18.58->-20.32
[18:13:36]   rollout step 1 task 2/4 gen 4/4 turn 7/8 valid=True db -20.32->-18.05
[18:13:41]   rollout step 1 task 2/4 gen 4/4 turn 8/8 valid=True db -18.05->-22.17
[18:13:41] trajectory done: step 1 task 2/4 gen 4/4 turns=8 reason=max_turns reward=4.225  [8/960 trajectories overall]
[18:13:48]   rollout step 1 task 3/4 gen 1/4 turn 1/8 valid=True db -13.02->-13.13
[18:13:53]   rollout step 1 task 3/4 gen 1/4 turn 2/8 valid=True db -13.13->-26.59
[18:14:00]   rollout step 1 task 3/4 gen 1/4 turn 3/8 valid=True db -26.59->-26.49
[18:14:07]   rollout step 1 task 3/4 gen 1/4 turn 4/8 valid=True db -26.49->-26.10
[18:14:13]   rollout step 1 task 3/4 gen 1/4 turn 5/8 valid=True db -26.10->-26.23
[18:14:13] trajectory done: step 1 task 3/4 gen 1/4 turns=5 reason=patience reward=13.459  [9/960 trajectories overall]
[18:14:21]   rollout step 1 task 3/4 gen 2/4 turn 1/8 valid=True db -13.02->-19.86
[18:14:29]   rollout step 1 task 3/4 gen 2/4 turn 2/8 valid=True db -19.86->-20.64
[18:14:33]   rollout step 1 task 3/4 gen 2/4 turn 3/8 valid=False db -20.64->-20.64
[18:14:40]   rollout step 1 task 3/4 gen 2/4 turn 4/8 valid=True db -20.64->-14.92
[18:14:48]   rollout step 1 task 3/4 gen 2/4 turn 5/8 valid=True db -14.92->-20.17
[18:14:48] trajectory done: step 1 task 3/4 gen 2/4 turns=5 reason=patience reward=7.481  [10/960 trajectories overall]
[18:14:54]   rollout step 1 task 3/4 gen 3/4 turn 1/8 valid=False db -13.02->-13.02
[18:15:01]   rollout step 1 task 3/4 gen 3/4 turn 2/8 valid=True db -13.02->-12.54
[18:15:07]   rollout step 1 task 3/4 gen 3/4 turn 3/8 valid=True db -12.54->-12.98
[18:15:07] trajectory done: step 1 task 3/4 gen 3/4 turns=3 reason=patience reward=-0.010  [11/960 trajectories overall]
[18:15:14]   rollout step 1 task 3/4 gen 4/4 turn 1/8 valid=True db -13.02->-13.65
[18:15:20]   rollout step 1 task 3/4 gen 4/4 turn 2/8 valid=True db -13.65->-14.22
[18:15:28]   rollout step 1 task 3/4 gen 4/4 turn 3/8 valid=True db -14.22->-13.69
[18:15:38]   rollout step 1 task 3/4 gen 4/4 turn 4/8 valid=True db -13.69->-13.60
[18:15:44]   rollout step 1 task 3/4 gen 4/4 turn 5/8 valid=True db -13.60->-13.68
[18:15:44] trajectory done: step 1 task 3/4 gen 4/4 turns=5 reason=patience reward=1.040  [12/960 trajectories overall]
[18:15:50]   rollout step 1 task 4/4 gen 1/4 turn 1/8 valid=True db -7.93->-7.46
[18:15:54]   rollout step 1 task 4/4 gen 1/4 turn 2/8 valid=True db -7.46->-7.36
[18:15:59]   rollout step 1 task 4/4 gen 1/4 turn 3/8 valid=True db -7.36->-7.42
[18:15:59] trajectory done: step 1 task 4/4 gen 1/4 turns=3 reason=patience reward=-0.151  [13/960 trajectories overall]
[18:16:06]   rollout step 1 task 4/4 gen 2/4 turn 1/8 valid=False db -7.93->-7.93
[18:16:12]   rollout step 1 task 4/4 gen 2/4 turn 2/8 valid=True db -7.93->-7.83
[18:16:17]   rollout step 1 task 4/4 gen 2/4 turn 3/8 valid=True db -7.83->-7.92
[18:16:17] trajectory done: step 1 task 4/4 gen 2/4 turns=3 reason=patience reward=-0.002  [14/960 trajectories overall]
[18:16:25]   rollout step 1 task 4/4 gen 3/4 turn 1/8 valid=False db -7.93->-7.93
[18:16:32]   rollout step 1 task 4/4 gen 3/4 turn 2/8 valid=True db -7.93->-8.34
[18:16:39]   rollout step 1 task 4/4 gen 3/4 turn 3/8 valid=True db -8.34->-6.02
[18:16:45]   rollout step 1 task 4/4 gen 3/4 turn 4/8 valid=True db -6.02->-10.37
[18:16:52]   rollout step 1 task 4/4 gen 3/4 turn 5/8 valid=True db -10.37->-18.50
[18:16:57]   rollout step 1 task 4/4 gen 3/4 turn 6/8 valid=True db -18.50->-13.26
[18:17:02]   rollout step 1 task 4/4 gen 3/4 turn 7/8 valid=True db -13.26->-19.83
[18:17:08]   rollout step 1 task 4/4 gen 3/4 turn 8/8 valid=True db -19.83->-14.51
[18:17:08] trajectory done: step 1 task 4/4 gen 3/4 turns=8 reason=max_turns reward=10.303  [15/960 trajectories overall]
[18:17:13]   rollout step 1 task 4/4 gen 4/4 turn 1/8 valid=False db -7.93->-7.93
[18:17:19]   rollout step 1 task 4/4 gen 4/4 turn 2/8 valid=True db -7.93->-9.87
[18:17:30]   rollout step 1 task 4/4 gen 4/4 turn 3/8 valid=True db -9.87->-10.58
[18:17:41]   rollout step 1 task 4/4 gen 4/4 turn 4/8 valid=True db -10.58->-13.85
[18:17:51]   rollout step 1 task 4/4 gen 4/4 turn 5/8 valid=True db -13.85->-11.29
[18:17:56]   rollout step 1 task 4/4 gen 4/4 turn 6/8 valid=True db -11.29->-13.59
[18:18:02]   rollout step 1 task 4/4 gen 4/4 turn 7/8 valid=False db -13.59->-13.59
[18:18:03] trajectory done: step 1 task 4/4 gen 4/4 turns=7 reason=patience reward=5.839  [16/960 trajectories overall]
[18:18:09]   gradient pass 20/62 turns backpropagated
[18:18:16]   gradient pass 40/62 turns backpropagated
[18:18:23]   gradient pass 60/62 turns backpropagated
[18:18:23]   gradient pass 62/62 turns backpropagated
[18:18:24] step 1/60 loss=-1.46904 reward_mean=5.869 reward_std=9.361 turns_mean=3.9 goal_met=5/16 stop=0 patience=9
[18:18:31]   rollout step 2 task 1/4 gen 1/4 turn 1/8 valid=True db -7.83->-11.68
[18:18:38]   rollout step 2 task 1/4 gen 1/4 turn 2/8 valid=True db -11.68->-22.98
[18:18:46]   rollout step 2 task 1/4 gen 1/4 turn 3/8 valid=True db -22.98->-2.13
[18:18:52]   rollout step 2 task 1/4 gen 1/4 turn 4/8 valid=True db -2.13->-19.48
[18:18:58]   rollout step 2 task 1/4 gen 1/4 turn 5/8 valid=True db -19.48->-2.66
[18:18:58] trajectory done: step 2 task 1/4 gen 1/4 turns=5 reason=patience reward=9.051  [17/960 trajectories overall]
[18:19:06]   rollout step 2 task 1/4 gen 2/4 turn 1/8 valid=True db -7.83->-11.68
[18:19:12]   rollout step 2 task 1/4 gen 2/4 turn 2/8 valid=True db -11.68->-10.08
[18:19:17]   rollout step 2 task 1/4 gen 2/4 turn 3/8 valid=True db -10.08->-12.24
[18:19:24]   rollout step 2 task 1/4 gen 2/4 turn 4/8 valid=True db -12.24->-13.25
[18:19:29]   rollout step 2 task 1/4 gen 2/4 turn 5/8 valid=True db -13.25->-17.32
[18:19:39]   rollout step 2 task 1/4 gen 2/4 turn 6/8 valid=True db -17.32->-21.73
[18:19:47]   rollout step 2 task 1/4 gen 2/4 turn 7/8 valid=True db -21.73->-27.55
[18:19:52]   rollout step 2 task 1/4 gen 2/4 turn 8/8 valid=True db -27.55->-22.06
[18:19:52] trajectory done: step 2 task 1/4 gen 2/4 turns=8 reason=max_turns reward=18.074  [18/960 trajectories overall]
[18:19:59]   rollout step 2 task 1/4 gen 3/4 turn 1/8 valid=True db -7.83->-16.26
[18:20:06]   rollout step 2 task 1/4 gen 3/4 turn 2/8 valid=True db -16.26->-16.89
[18:20:12]   rollout step 2 task 1/4 gen 3/4 turn 3/8 valid=True db -16.89->-17.44
[18:20:19]   rollout step 2 task 1/4 gen 3/4 turn 4/8 valid=True db -17.44->-16.93
[18:20:25]   rollout step 2 task 1/4 gen 3/4 turn 5/8 valid=True db -16.93->-16.43
[18:20:31]   rollout step 2 task 1/4 gen 3/4 turn 6/8 valid=True db -16.43->-16.90
[18:20:31] trajectory done: step 2 task 1/4 gen 3/4 turns=6 reason=patience reward=9.446  [19/960 trajectories overall]
[18:20:43]   rollout step 2 task 1/4 gen 4/4 turn 1/8 valid=True db -7.83->-7.99
[18:20:48]   rollout step 2 task 1/4 gen 4/4 turn 2/8 valid=True db -7.99->-6.76
[18:20:56]   rollout step 2 task 1/4 gen 4/4 turn 3/8 valid=True db -6.76->-6.89
[18:20:56] trajectory done: step 2 task 1/4 gen 4/4 turns=3 reason=patience reward=-0.167  [20/960 trajectories overall]
[18:21:02]   rollout step 2 task 2/4 gen 1/4 turn 1/8 valid=True db -9.41->-15.78
[18:21:10]   rollout step 2 task 2/4 gen 1/4 turn 2/8 valid=True db -15.78->-15.97
[18:21:17]   rollout step 2 task 2/4 gen 1/4 turn 3/8 valid=True db -15.97->-1.94
[18:21:24]   rollout step 2 task 2/4 gen 1/4 turn 4/8 valid=True db -1.94->-1.88
[18:21:24] trajectory done: step 2 task 2/4 gen 1/4 turns=4 reason=patience reward=2.336  [21/960 trajectories overall]
[18:21:30]   rollout step 2 task 2/4 gen 2/4 turn 1/8 valid=True db -9.41->-14.85
[18:21:36]   rollout step 2 task 2/4 gen 2/4 turn 2/8 valid=True db -14.85->-9.61
[18:21:43]   rollout step 2 task 2/4 gen 2/4 turn 3/8 valid=True db -9.61->-14.17
[18:21:54]   rollout step 2 task 2/4 gen 2/4 turn 4/8 valid=True db -14.17->-16.04
[18:22:08]   rollout step 2 task 2/4 gen 2/4 turn 5/8 valid=True db -16.04->-10.56
[18:22:14]   rollout step 2 task 2/4 gen 2/4 turn 6/8 valid=True db -10.56->-15.35
[18:22:20]   rollout step 2 task 2/4 gen 2/4 turn 7/8 valid=True db -15.35->-26.16
[18:22:26]   rollout step 2 task 2/4 gen 2/4 turn 8/8 valid=True db -26.16->-27.82
[18:22:26] trajectory done: step 2 task 2/4 gen 2/4 turns=8 reason=max_turns reward=18.411  [22/960 trajectories overall]
[18:22:40]   rollout step 2 task 2/4 gen 3/4 turn 1/8 valid=True db -9.41->-9.03
[18:22:47]   rollout step 2 task 2/4 gen 3/4 turn 2/8 valid=True db -9.03->-10.57
[18:22:54]   rollout step 2 task 2/4 gen 3/4 turn 3/8 valid=True db -10.57->-9.03
[18:23:02]   rollout step 2 task 2/4 gen 3/4 turn 4/8 valid=True db -9.03->-11.50
[18:23:09]   rollout step 2 task 2/4 gen 3/4 turn 5/8 valid=True db -11.50->-11.29
[18:23:15]   rollout step 2 task 2/4 gen 3/4 turn 6/8 valid=True db -11.29->-9.55
[18:23:22]   rollout step 2 task 2/4 gen 3/4 turn 7/8 valid=True db -9.55->-9.55
[18:23:22] trajectory done: step 2 task 2/4 gen 3/4 turns=7 reason=stop reward=1.514  [23/960 trajectories overall]
[18:23:32]   rollout step 2 task 2/4 gen 4/4 turn 1/8 valid=True db -9.41->-9.96
[18:23:38]   rollout step 2 task 2/4 gen 4/4 turn 2/8 valid=True db -9.96->-8.43
[18:23:46]   rollout step 2 task 2/4 gen 4/4 turn 3/8 valid=True db -8.43->-13.33
[18:23:54]   rollout step 2 task 2/4 gen 4/4 turn 4/8 valid=True db -13.33->-8.85
[18:23:58]   rollout step 2 task 2/4 gen 4/4 turn 5/8 valid=True db -8.85->-13.05
[18:24:06]   rollout step 2 task 2/4 gen 4/4 turn 6/8 valid=True db -13.05->-9.20
[18:24:06] trajectory done: step 2 task 2/4 gen 4/4 turns=6 reason=patience reward=2.687  [24/960 trajectories overall]
[18:24:12]   rollout step 2 task 3/4 gen 1/4 turn 1/8 valid=True db -25.73->-26.52
[18:24:17]   rollout step 2 task 3/4 gen 1/4 turn 2/8 valid=True db -26.52->-26.80
[18:24:25]   rollout step 2 task 3/4 gen 1/4 turn 3/8 valid=True db -26.80->-27.53
[18:24:33]   rollout step 2 task 3/4 gen 1/4 turn 4/8 valid=True db -27.53->-27.29
[18:24:39]   rollout step 2 task 3/4 gen 1/4 turn 5/8 valid=True db -27.29->-26.56
[18:24:43]   rollout step 2 task 3/4 gen 1/4 turn 6/8 valid=True db -26.56->-27.24
[18:24:43] trajectory done: step 2 task 3/4 gen 1/4 turns=6 reason=patience reward=1.715  [25/960 trajectories overall]
[18:24:52]   rollout step 2 task 3/4 gen 2/4 turn 1/8 valid=True db -25.73->-27.14
[18:24:57]   rollout step 2 task 3/4 gen 2/4 turn 2/8 valid=True db -27.14->-8.13
[18:25:02]   rollout step 2 task 3/4 gen 2/4 turn 3/8 valid=True db -8.13->-31.96
[18:25:02] trajectory done: step 2 task 3/4 gen 2/4 turns=3 reason=goal_met reward=6.239  [26/960 trajectories overall]
[18:25:08]   rollout step 2 task 3/4 gen 3/4 turn 1/8 valid=True db -25.73->-26.04
[18:25:14]   rollout step 2 task 3/4 gen 3/4 turn 2/8 valid=True db -26.04->-24.71
[18:25:19]   rollout step 2 task 3/4 gen 3/4 turn 3/8 valid=True db -24.71->-24.92
[18:25:29]   rollout step 2 task 3/4 gen 3/4 turn 4/8 valid=True db -24.92->-25.13
[18:25:29] trajectory done: step 2 task 3/4 gen 3/4 turns=4 reason=patience reward=0.046  [27/960 trajectories overall]
[18:25:37]   rollout step 2 task 3/4 gen 4/4 turn 1/8 valid=True db -25.73->-27.14
[18:25:44]   rollout step 2 task 3/4 gen 4/4 turn 2/8 valid=True db -27.14->-8.13
[18:25:52]   rollout step 2 task 3/4 gen 4/4 turn 3/8 valid=True db -8.13->-31.96
[18:25:52] trajectory done: step 2 task 3/4 gen 4/4 turns=3 reason=goal_met reward=6.239  [28/960 trajectories overall]
[18:25:57]   rollout step 2 task 4/4 gen 1/4 turn 1/8 valid=True db -8.65->-8.71
[18:26:03]   rollout step 2 task 4/4 gen 1/4 turn 2/8 valid=True db -8.71->-5.01
[18:26:09]   rollout step 2 task 4/4 gen 1/4 turn 3/8 valid=True db -5.01->-4.75
[18:26:09] trajectory done: step 2 task 4/4 gen 1/4 turns=3 reason=patience reward=-1.125  [29/960 trajectories overall]
[18:26:17]   rollout step 2 task 4/4 gen 2/4 turn 1/8 valid=False db -8.65->-8.65
[18:26:26]   rollout step 2 task 4/4 gen 2/4 turn 2/8 valid=True db -8.65->-6.47
[18:26:33]   rollout step 2 task 4/4 gen 2/4 turn 3/8 valid=True db -6.47->-8.91
[18:26:39]   rollout step 2 task 4/4 gen 2/4 turn 4/8 valid=True db -8.91->-6.70
[18:26:46]   rollout step 2 task 4/4 gen 2/4 turn 5/8 valid=True db -6.70->-8.78
[18:26:55]   rollout step 2 task 4/4 gen 2/4 turn 6/8 valid=True db -8.78->-8.83
[18:26:55] trajectory done: step 2 task 4/4 gen 2/4 turns=6 reason=patience reward=0.241  [30/960 trajectories overall]
[18:27:04]   rollout step 2 task 4/4 gen 3/4 turn 1/8 valid=True db -8.65->-8.31
[18:27:12]   rollout step 2 task 4/4 gen 3/4 turn 2/8 valid=True db -8.31->-8.63
[18:27:18]   rollout step 2 task 4/4 gen 3/4 turn 3/8 valid=True db -8.63->-8.33
[18:27:18] trajectory done: step 2 task 4/4 gen 3/4 turns=3 reason=patience reward=-0.095  [31/960 trajectories overall]
[18:27:23]   rollout step 2 task 4/4 gen 4/4 turn 1/8 valid=True db -8.65->-11.57
[18:27:29]   rollout step 2 task 4/4 gen 4/4 turn 2/8 valid=True db -11.57->-19.87
[18:27:35]   rollout step 2 task 4/4 gen 4/4 turn 3/8 valid=True db -19.87->-10.80
[18:27:39]   rollout step 2 task 4/4 gen 4/4 turn 4/8 valid=True db -10.80->-21.28
[18:27:45]   rollout step 2 task 4/4 gen 4/4 turn 5/8 valid=True db -21.28->-12.18
[18:27:50]   rollout step 2 task 4/4 gen 4/4 turn 6/8 valid=True db -12.18->-22.81
[18:27:55]   rollout step 2 task 4/4 gen 4/4 turn 7/8 valid=True db -22.81->-13.48
[18:27:59]   rollout step 2 task 4/4 gen 4/4 turn 8/8 valid=True db -13.48->-24.51
[18:27:59] trajectory done: step 2 task 4/4 gen 4/4 turns=8 reason=max_turns reward=15.860  [32/960 trajectories overall]
[18:28:06]   gradient pass 20/83 turns backpropagated
[18:28:13]   gradient pass 40/83 turns backpropagated
[18:28:19]   gradient pass 60/83 turns backpropagated
[18:28:26]   gradient pass 80/83 turns backpropagated
[18:28:27]   gradient pass 83/83 turns backpropagated
[18:28:27] step 2/60 loss=2.71672 reward_mean=5.654 reward_std=6.490 turns_mean=5.2 goal_met=2/16 stop=1 patience=10
[18:28:40]   rollout step 3 task 1/4 gen 1/4 turn 1/8 valid=True db -16.60->-17.36
[18:28:47]   rollout step 3 task 1/4 gen 1/4 turn 2/8 valid=True db -17.36->-18.03
[18:28:54]   rollout step 3 task 1/4 gen 1/4 turn 3/8 valid=True db -18.03->-17.41
[18:28:58]   rollout step 3 task 1/4 gen 1/4 turn 4/8 valid=True db -17.41->-17.99
[18:29:04]   rollout step 3 task 1/4 gen 1/4 turn 5/8 valid=True db -17.99->-15.13
[18:29:04] trajectory done: step 3 task 1/4 gen 1/4 turns=5 reason=patience reward=0.560  [33/960 trajectories overall]
[18:29:15]   rollout step 3 task 1/4 gen 2/4 turn 1/8 valid=True db -16.60->-12.66
[18:29:22]   rollout step 3 task 1/4 gen 2/4 turn 2/8 valid=True db -12.66->-16.19
[18:29:32]   rollout step 3 task 1/4 gen 2/4 turn 3/8 valid=True db -16.19->-16.68
[18:29:32] trajectory done: step 3 task 1/4 gen 2/4 turns=3 reason=patience reward=0.079  [34/960 trajectories overall]
[18:29:41]   rollout step 3 task 1/4 gen 3/4 turn 1/8 valid=True db -16.60->-14.96
[18:29:52]   rollout step 3 task 1/4 gen 3/4 turn 2/8 valid=True db -14.96->-15.65
[18:30:01]   rollout step 3 task 1/4 gen 3/4 turn 3/8 valid=True db -15.65->-16.27
[18:30:01] trajectory done: step 3 task 1/4 gen 3/4 turns=3 reason=patience reward=-0.099  [35/960 trajectories overall]
[18:30:10]   rollout step 3 task 1/4 gen 4/4 turn 1/8 valid=True db -16.60->-12.36
[18:30:20]   rollout step 3 task 1/4 gen 4/4 turn 2/8 valid=True db -12.36->-14.43
[18:30:29]   rollout step 3 task 1/4 gen 4/4 turn 3/8 valid=True db -14.43->-21.96
[18:30:36]   rollout step 3 task 1/4 gen 4/4 turn 4/8 valid=True db -21.96->-18.27
[18:30:43]   rollout step 3 task 1/4 gen 4/4 turn 5/8 valid=True db -18.27->-23.64
[18:30:56]   rollout step 3 task 1/4 gen 4/4 turn 6/8 valid=True db -23.64->-22.34
[18:31:01]   rollout step 3 task 1/4 gen 4/4 turn 7/8 valid=True db -22.34->-29.43
[18:31:06]   rollout step 3 task 1/4 gen 4/4 turn 8/8 valid=True db -29.43->-22.75
[18:31:06] trajectory done: step 3 task 1/4 gen 4/4 turns=8 reason=max_turns reward=10.825  [36/960 trajectories overall]
[18:31:13]   rollout step 3 task 2/4 gen 1/4 turn 1/8 valid=True db -21.85->-4.64
[18:31:18]   rollout step 3 task 2/4 gen 1/4 turn 2/8 valid=True db -4.64->-7.19
[18:31:25]   rollout step 3 task 2/4 gen 1/4 turn 3/8 valid=True db -7.19->-1.25
[18:31:25] trajectory done: step 3 task 2/4 gen 1/4 turns=3 reason=patience reward=-6.178  [37/960 trajectories overall]
[18:31:33]   rollout step 3 task 2/4 gen 2/4 turn 1/8 valid=True db -21.85->-4.64
[18:31:38]   rollout step 3 task 2/4 gen 2/4 turn 2/8 valid=True db -4.64->-19.67
[18:31:43]   rollout step 3 task 2/4 gen 2/4 turn 3/8 valid=True db -19.67->-26.09
[18:31:49]   rollout step 3 task 2/4 gen 2/4 turn 4/8 valid=True db -26.09->-8.09
[18:31:53]   rollout step 3 task 2/4 gen 2/4 turn 5/8 valid=True db -8.09->-1.29
[18:31:58]   rollout step 3 task 2/4 gen 2/4 turn 6/8 valid=True db -1.29->-7.42
[18:31:58] trajectory done: step 3 task 2/4 gen 2/4 turns=6 reason=patience reward=-1.362  [38/960 trajectories overall]
[18:32:05]   rollout step 3 task 2/4 gen 3/4 turn 1/8 valid=True db -21.85->-33.03
[18:32:05] trajectory done: step 3 task 2/4 gen 3/4 turns=1 reason=goal_met reward=11.178  [39/960 trajectories overall]
[18:32:12]   rollout step 3 task 2/4 gen 4/4 turn 1/8 valid=True db -21.85->-19.75
[18:32:20]   rollout step 3 task 2/4 gen 4/4 turn 2/8 valid=True db -19.75->-19.59
[18:32:27]   rollout step 3 task 2/4 gen 4/4 turn 3/8 valid=True db -19.59->-19.74
[18:32:27] trajectory done: step 3 task 2/4 gen 4/4 turns=3 reason=patience reward=-0.633  [40/960 trajectories overall]
[18:32:35]   rollout step 3 task 3/4 gen 1/4 turn 1/8 valid=True db -14.62->-7.67
[18:32:43]   rollout step 3 task 3/4 gen 1/4 turn 2/8 valid=True db -7.67->-5.56
[18:32:49]   rollout step 3 task 3/4 gen 1/4 turn 3/8 valid=True db -5.56->-8.41
[18:32:49] trajectory done: step 3 task 3/4 gen 1/4 turns=3 reason=patience reward=-1.864  [41/960 trajectories overall]
[18:32:57]   rollout step 3 task 3/4 gen 2/4 turn 1/8 valid=True db -14.62->-15.17
[18:33:06]   rollout step 3 task 3/4 gen 2/4 turn 2/8 valid=True db -15.17->-14.66
[18:33:17]   rollout step 3 task 3/4 gen 2/4 turn 3/8 valid=True db -14.66->-14.18
[18:33:28]   rollout step 3 task 3/4 gen 2/4 turn 4/8 valid=True db -14.18->-14.18
[18:33:28] trajectory done: step 3 task 3/4 gen 2/4 turns=4 reason=stop reward=0.246  [42/960 trajectories overall]
[18:33:35]   rollout step 3 task 3/4 gen 3/4 turn 1/8 valid=True db -14.62->-14.70
[18:33:44]   rollout step 3 task 3/4 gen 3/4 turn 2/8 valid=True db -14.70->-14.78
[18:33:50]   rollout step 3 task 3/4 gen 3/4 turn 3/8 valid=True db -14.78->-11.87
[18:33:50] trajectory done: step 3 task 3/4 gen 3/4 turns=3 reason=patience reward=-0.719  [43/960 trajectories overall]
[18:33:57]   rollout step 3 task 3/4 gen 4/4 turn 1/8 valid=True db -14.62->-15.17
[18:34:05]   rollout step 3 task 3/4 gen 4/4 turn 2/8 valid=True db -15.17->-15.24
[18:34:09]   rollout step 3 task 3/4 gen 4/4 turn 3/8 valid=True db -15.24->-15.31
[18:34:17]   rollout step 3 task 3/4 gen 4/4 turn 4/8 valid=True db -15.31->-14.99
[18:34:17] trajectory done: step 3 task 3/4 gen 4/4 turns=4 reason=patience reward=0.589  [44/960 trajectories overall]
[18:34:27]   rollout step 3 task 4/4 gen 1/4 turn 1/8 valid=True db -26.57->-27.18
[18:34:33]   rollout step 3 task 4/4 gen 1/4 turn 2/8 valid=True db -27.18->-7.31
[18:34:38]   rollout step 3 task 4/4 gen 1/4 turn 3/8 valid=True db -7.31->-24.76
[18:34:45]   rollout step 3 task 4/4 gen 1/4 turn 4/8 valid=True db -24.76->-8.25
[18:34:45] trajectory done: step 3 task 4/4 gen 1/4 turns=4 reason=patience reward=-5.070  [45/960 trajectories overall]
[18:34:55]   rollout step 3 task 4/4 gen 2/4 turn 1/8 valid=True db -26.57->-25.94
[18:35:00]   rollout step 3 task 4/4 gen 2/4 turn 2/8 valid=True db -25.94->-26.53
[18:35:12]   rollout step 3 task 4/4 gen 2/4 turn 3/8 valid=True db -26.53->-26.00
[18:35:12] trajectory done: step 3 task 4/4 gen 2/4 turns=3 reason=patience reward=-0.170  [46/960 trajectories overall]
[18:35:18]   rollout step 3 task 4/4 gen 3/4 turn 1/8 valid=True db -26.57->-27.18
[18:35:23]   rollout step 3 task 4/4 gen 3/4 turn 2/8 valid=True db -27.18->-7.87
[18:35:27]   rollout step 3 task 4/4 gen 3/4 turn 3/8 valid=True db -7.87->-7.35
[18:35:34]   rollout step 3 task 4/4 gen 3/4 turn 4/8 valid=True db -7.35->-6.88
[18:35:34] trajectory done: step 3 task 4/4 gen 3/4 turns=4 reason=patience reward=-5.482  [47/960 trajectories overall]
[18:35:42]   rollout step 3 task 4/4 gen 4/4 turn 1/8 valid=True db -26.57->-5.69
[18:35:47]   rollout step 3 task 4/4 gen 4/4 turn 2/8 valid=True db -5.69->-8.65
[18:35:52]   rollout step 3 task 4/4 gen 4/4 turn 3/8 valid=True db -8.65->-8.65
[18:35:52] trajectory done: step 3 task 4/4 gen 4/4 turns=3 reason=patience reward=-5.375  [48/960 trajectories overall]
[18:35:59]   gradient pass 20/60 turns backpropagated
[18:36:06]   gradient pass 40/60 turns backpropagated
[18:36:12]   gradient pass 60/60 turns backpropagated
[18:36:12] step 3/60 loss=3.60336 reward_mean=-0.217 reward_std=4.817 turns_mean=3.8 goal_met=1/16 stop=1 patience=13
[18:36:17]   rollout step 4 task 1/4 gen 1/4 turn 1/8 valid=False db -9.92->-9.92
[18:36:23]   rollout step 4 task 1/4 gen 1/4 turn 2/8 valid=True db -9.92->-10.07
[18:36:28]   rollout step 4 task 1/4 gen 1/4 turn 3/8 valid=True db -10.07->-8.44
[18:36:28] trajectory done: step 4 task 1/4 gen 1/4 turns=3 reason=patience reward=-0.333  [49/960 trajectories overall]
[18:36:35]   rollout step 4 task 1/4 gen 2/4 turn 1/8 valid=True db -9.92->-10.08
[18:36:42]   rollout step 4 task 1/4 gen 2/4 turn 2/8 valid=True db -10.08->-10.75
[18:36:53]   rollout step 4 task 1/4 gen 2/4 turn 3/8 valid=True db -10.75->-9.45
[18:36:57]   rollout step 4 task 1/4 gen 2/4 turn 4/8 valid=True db -9.45->-9.70
[18:37:03]   rollout step 4 task 1/4 gen 2/4 turn 5/8 valid=True db -9.70->-12.90
[18:37:08]   rollout step 4 task 1/4 gen 2/4 turn 6/8 valid=True db -12.90->-13.13
[18:37:14]   rollout step 4 task 1/4 gen 2/4 turn 7/8 valid=True db -13.13->-11.20
[18:37:18]   rollout step 4 task 1/4 gen 2/4 turn 8/8 valid=True db -11.20->-11.29
[18:37:18] trajectory done: step 4 task 1/4 gen 2/4 turns=8 reason=max_turns reward=2.659  [50/960 trajectories overall]
[18:37:25]   rollout step 4 task 1/4 gen 3/4 turn 1/8 valid=True db -9.92->-10.08
[18:37:33]   rollout step 4 task 1/4 gen 3/4 turn 2/8 valid=True db -10.08->-10.21
[18:37:38]   rollout step 4 task 1/4 gen 3/4 turn 3/8 valid=True db -10.21->-8.87
[18:37:43]   rollout step 4 task 1/4 gen 3/4 turn 4/8 valid=True db -8.87->-10.12
[18:37:49]   rollout step 4 task 1/4 gen 3/4 turn 5/8 valid=True db -10.12->-13.34
[18:37:58]   rollout step 4 task 1/4 gen 3/4 turn 6/8 valid=True db -13.34->-14.38
[18:38:05]   rollout step 4 task 1/4 gen 3/4 turn 7/8 valid=True db -14.38->-25.98
[18:38:13]   rollout step 4 task 1/4 gen 3/4 turn 8/8 valid=True db -25.98->-13.02
[18:38:13] trajectory done: step 4 task 1/4 gen 3/4 turns=8 reason=max_turns reward=12.175  [51/960 trajectories overall]
[18:38:18]   rollout step 4 task 1/4 gen 4/4 turn 1/8 valid=False db -9.92->-9.92
[18:38:25]   rollout step 4 task 1/4 gen 4/4 turn 2/8 valid=True db -9.92->-8.32
[18:38:31]   rollout step 4 task 1/4 gen 4/4 turn 3/8 valid=True db -8.32->-12.56
[18:38:39]   rollout step 4 task 1/4 gen 4/4 turn 4/8 valid=True db -12.56->-18.92
[18:38:45]   rollout step 4 task 1/4 gen 4/4 turn 5/8 valid=True db -18.92->-18.46
[18:38:51]   rollout step 4 task 1/4 gen 4/4 turn 6/8 valid=True db -18.46->-19.82
[18:39:04]   rollout step 4 task 1/4 gen 4/4 turn 7/8 valid=True db -19.82->-17.12
[18:39:11]   rollout step 4 task 1/4 gen 4/4 turn 8/8 valid=True db -17.12->-19.41
[18:39:11] trajectory done: step 4 task 1/4 gen 4/4 turns=8 reason=max_turns reward=9.780  [52/960 trajectories overall]
[18:39:16]   rollout step 4 task 2/4 gen 1/4 turn 1/8 valid=True db -9.05->-6.98
[18:39:21]   rollout step 4 task 2/4 gen 1/4 turn 2/8 valid=True db -6.98->-10.12
[18:39:31]   rollout step 4 task 2/4 gen 1/4 turn 3/8 valid=True db -10.12->-9.62
[18:39:37]   rollout step 4 task 2/4 gen 1/4 turn 4/8 valid=True db -9.62->-9.90
[18:39:43]   rollout step 4 task 2/4 gen 1/4 turn 5/8 valid=True db -9.90->-10.24
[18:39:43] trajectory done: step 4 task 2/4 gen 1/4 turns=5 reason=patience reward=1.186  [53/960 trajectories overall]
[18:39:59]   rollout step 4 task 2/4 gen 2/4 turn 1/8 valid=True db -9.05->-9.33
[18:40:07]   rollout step 4 task 2/4 gen 2/4 turn 2/8 valid=True db -9.33->-9.60
[18:40:15]   rollout step 4 task 2/4 gen 2/4 turn 3/8 valid=True db -9.60->-11.89
[18:40:24]   rollout step 4 task 2/4 gen 2/4 turn 4/8 valid=True db -11.89->-9.49
[18:40:31]   rollout step 4 task 2/4 gen 2/4 turn 5/8 valid=True db -9.49->-11.69
[18:40:38]   rollout step 4 task 2/4 gen 2/4 turn 6/8 valid=True db -11.69->-9.61
[18:40:38] trajectory done: step 4 task 2/4 gen 2/4 turns=6 reason=patience reward=2.148  [54/960 trajectories overall]
[18:40:48]   rollout step 4 task 2/4 gen 3/4 turn 1/8 valid=True db -9.05->-8.50
[18:40:56]   rollout step 4 task 2/4 gen 3/4 turn 2/8 valid=True db -8.50->-9.00
[18:41:03]   rollout step 4 task 2/4 gen 3/4 turn 3/8 valid=True db -9.00->-8.07
[18:41:03] trajectory done: step 4 task 2/4 gen 3/4 turns=3 reason=patience reward=-0.295  [55/960 trajectories overall]
[18:41:12]   rollout step 4 task 2/4 gen 4/4 turn 1/8 valid=True db -9.05->-13.58
[18:41:19]   rollout step 4 task 2/4 gen 4/4 turn 2/8 valid=True db -13.58->-13.82
[18:41:26]   rollout step 4 task 2/4 gen 4/4 turn 3/8 valid=True db -13.82->-12.54
[18:41:33]   rollout step 4 task 2/4 gen 4/4 turn 4/8 valid=True db -12.54->-31.73
[18:41:33] trajectory done: step 4 task 2/4 gen 4/4 turns=4 reason=goal_met reward=22.675  [56/960 trajectories overall]
[18:41:40]   rollout step 4 task 3/4 gen 1/4 turn 1/8 valid=True db -12.15->-12.27
[18:41:45]   rollout step 4 task 3/4 gen 1/4 turn 2/8 valid=True db -12.27->-26.63
[18:41:51]   rollout step 4 task 3/4 gen 1/4 turn 3/8 valid=False db -26.63->-26.63
[18:41:58]   rollout step 4 task 3/4 gen 1/4 turn 4/8 valid=True db -26.63->-26.53
[18:42:05]   rollout step 4 task 3/4 gen 1/4 turn 5/8 valid=True db -26.53->-5.55
[18:42:05] trajectory done: step 4 task 3/4 gen 1/4 turns=5 reason=patience reward=8.150  [57/960 trajectories overall]
[18:42:16]   rollout step 4 task 3/4 gen 2/4 turn 1/8 valid=True db -12.15->-12.27
[18:42:21]   rollout step 4 task 3/4 gen 2/4 turn 2/8 valid=True db -12.27->-11.72
[18:42:27]   rollout step 4 task 3/4 gen 2/4 turn 3/8 valid=True db -11.72->-11.82
[18:42:27] trajectory done: step 4 task 3/4 gen 2/4 turns=3 reason=patience reward=-0.019  [58/960 trajectories overall]
[18:42:36]   rollout step 4 task 3/4 gen 3/4 turn 1/8 valid=True db -12.15->-12.04
[18:42:42]   rollout step 4 task 3/4 gen 3/4 turn 2/8 valid=True db -12.04->-11.93
[18:42:52]   rollout step 4 task 3/4 gen 3/4 turn 3/8 valid=True db -11.93->-12.03
[18:42:52] trajectory done: step 4 task 3/4 gen 3/4 turns=3 reason=patience reward=-0.038  [59/960 trajectories overall]
[18:42:59]   rollout step 4 task 3/4 gen 4/4 turn 1/8 valid=True db -12.15->-12.27
[18:43:05]   rollout step 4 task 3/4 gen 4/4 turn 2/8 valid=True db -12.27->-26.08
[18:43:10]   rollout step 4 task 3/4 gen 4/4 turn 3/8 valid=True db -26.08->-26.17
[18:43:20]   rollout step 4 task 3/4 gen 4/4 turn 4/8 valid=True db -26.17->-12.37
[18:43:26]   rollout step 4 task 3/4 gen 4/4 turn 5/8 valid=True db -12.37->-12.30
[18:43:26] trajectory done: step 4 task 3/4 gen 4/4 turns=5 reason=patience reward=9.855  [60/960 trajectories overall]
[18:43:32]   rollout step 4 task 4/4 gen 1/4 turn 1/8 valid=True db -5.05->-4.24
[18:43:36]   rollout step 4 task 4/4 gen 1/4 turn 2/8 valid=True db -4.24->-4.18
[18:43:42]   rollout step 4 task 4/4 gen 1/4 turn 3/8 valid=True db -4.18->-4.27
[18:43:42] trajectory done: step 4 task 4/4 gen 1/4 turns=3 reason=patience reward=-0.235  [61/960 trajectories overall]
[18:43:48]   rollout step 4 task 4/4 gen 2/4 turn 1/8 valid=True db -5.05->-4.87
[18:43:55]   rollout step 4 task 4/4 gen 2/4 turn 2/8 valid=True db -4.87->-8.80
[18:44:00]   rollout step 4 task 4/4 gen 2/4 turn 3/8 valid=True db -8.80->-9.59
[18:44:11]   rollout step 4 task 4/4 gen 2/4 turn 4/8 valid=True db -9.59->-1.60
[18:44:21]   rollout step 4 task 4/4 gen 2/4 turn 5/8 valid=True db -1.60->-1.93
[18:44:29]   rollout step 4 task 4/4 gen 2/4 turn 6/8 valid=True db -1.93->-2.27
[18:44:29] trajectory done: step 4 task 4/4 gen 2/4 turns=6 reason=patience reward=2.344  [62/960 trajectories overall]
[18:44:39]   rollout step 4 task 4/4 gen 3/4 turn 1/8 valid=True db -5.05->-5.23
[18:44:45]   rollout step 4 task 4/4 gen 3/4 turn 2/8 valid=True db -5.23->-5.40
[18:44:53]   rollout step 4 task 4/4 gen 3/4 turn 3/8 valid=True db -5.40->-5.55
[18:45:00]   rollout step 4 task 4/4 gen 3/4 turn 4/8 valid=True db -5.55->-7.91
[18:45:05]   rollout step 4 task 4/4 gen 3/4 turn 5/8 valid=True db -7.91->-8.24
[18:45:14]   rollout step 4 task 4/4 gen 3/4 turn 6/8 valid=True db -8.24->-8.53
[18:45:20]   rollout step 4 task 4/4 gen 3/4 turn 7/8 valid=True db -8.53->-8.79
[18:45:28]   rollout step 4 task 4/4 gen 3/4 turn 8/8 valid=True db -8.79->-9.22
[18:45:28] trajectory done: step 4 task 4/4 gen 3/4 turns=8 reason=max_turns reward=4.175  [63/960 trajectories overall]
[18:45:35]   rollout step 4 task 4/4 gen 4/4 turn 1/8 valid=True db -5.05->-7.79
[18:45:40]   rollout step 4 task 4/4 gen 4/4 turn 2/8 valid=True db -7.79->-10.95
[18:45:46]   rollout step 4 task 4/4 gen 4/4 turn 3/8 valid=True db -10.95->-7.95
[18:45:53]   rollout step 4 task 4/4 gen 4/4 turn 4/8 valid=True db -7.95->-10.64
[18:46:00]   rollout step 4 task 4/4 gen 4/4 turn 5/8 valid=True db -10.64->-10.49
[18:46:00] trajectory done: step 4 task 4/4 gen 4/4 turns=5 reason=patience reward=5.762  [64/960 trajectories overall]
[18:46:07]   gradient pass 20/83 turns backpropagated
[18:46:14]   gradient pass 40/83 turns backpropagated
[18:46:21]   gradient pass 60/83 turns backpropagated
[18:46:27]   gradient pass 80/83 turns backpropagated
[18:46:28]   gradient pass 83/83 turns backpropagated
[18:46:28] step 4/60 loss=2.61664 reward_mean=4.999 reward_std=6.078 turns_mean=5.2 goal_met=1/16 stop=0 patience=11
[18:46:36]   rollout step 5 task 1/4 gen 1/4 turn 1/8 valid=True db -26.54->-25.77
[18:46:41]   rollout step 5 task 1/4 gen 1/4 turn 2/8 valid=True db -25.77->-26.48
[18:46:47]   rollout step 5 task 1/4 gen 1/4 turn 3/8 valid=True db -26.48->-23.73
[18:46:47] trajectory done: step 5 task 1/4 gen 1/4 turns=3 reason=patience reward=-0.843  [65/960 trajectories overall]
[18:46:58]   rollout step 5 task 1/4 gen 2/4 turn 1/8 valid=True db -26.54->-28.81
[18:47:05]   rollout step 5 task 1/4 gen 2/4 turn 2/8 valid=True db -28.81->-28.84
[18:47:14]   rollout step 5 task 1/4 gen 2/4 turn 3/8 valid=True db -28.84->-29.25
[18:47:23]   rollout step 5 task 1/4 gen 2/4 turn 4/8 valid=True db -29.25->-29.69
[18:47:30]   rollout step 5 task 1/4 gen 2/4 turn 5/8 valid=True db -29.69->-30.79
[18:47:30] trajectory done: step 5 task 1/4 gen 2/4 turns=5 reason=goal_met reward=4.255  [66/960 trajectories overall]
[18:47:38]   rollout step 5 task 1/4 gen 3/4 turn 1/8 valid=True db -26.54->-26.88
[18:47:43]   rollout step 5 task 1/4 gen 3/4 turn 2/8 valid=False db -26.88->-26.88
[18:47:54]   rollout step 5 task 1/4 gen 3/4 turn 3/8 valid=True db -26.88->-20.02
[18:47:57]   rollout step 5 task 1/4 gen 3/4 turn 4/8 valid=True db -20.02->-20.02
[18:47:57] trajectory done: step 5 task 1/4 gen 3/4 turns=4 reason=stop reward=-1.712  [67/960 trajectories overall]
[18:48:03]   rollout step 5 task 1/4 gen 4/4 turn 1/8 valid=True db -26.54->-26.88
[18:48:09]   rollout step 5 task 1/4 gen 4/4 turn 2/8 valid=True db -26.88->-27.32
[18:48:14]   rollout step 5 task 1/4 gen 4/4 turn 3/8 valid=True db -27.32->-14.30
[18:48:22]   rollout step 5 task 1/4 gen 4/4 turn 4/8 valid=True db -14.30->-25.93
[18:48:35]   rollout step 5 task 1/4 gen 4/4 turn 5/8 valid=True db -25.93->-31.43
[18:48:35] trajectory done: step 5 task 1/4 gen 4/4 turns=5 reason=goal_met reward=4.897  [68/960 trajectories overall]
[18:48:45]   rollout step 5 task 2/4 gen 1/4 turn 1/8 valid=True db -18.10->-18.31
[18:48:50]   rollout step 5 task 2/4 gen 1/4 turn 2/8 valid=True db -18.31->-19.53
[18:48:58]   rollout step 5 task 2/4 gen 1/4 turn 3/8 valid=True db -19.53->-15.28
[18:49:03]   rollout step 5 task 2/4 gen 1/4 turn 4/8 valid=True db -15.28->-19.25
[18:49:09]   rollout step 5 task 2/4 gen 1/4 turn 5/8 valid=True db -19.25->-19.40
[18:49:09] trajectory done: step 5 task 2/4 gen 1/4 turns=5 reason=patience reward=1.398  [69/960 trajectories overall]
[18:49:19]   rollout step 5 task 2/4 gen 2/4 turn 1/8 valid=True db -18.10->-18.31
[18:49:24]   rollout step 5 task 2/4 gen 2/4 turn 2/8 valid=True db -18.31->-17.75
[18:49:28]   rollout step 5 task 2/4 gen 2/4 turn 3/8 valid=True db -17.75->-19.05
[18:49:34]   rollout step 5 task 2/4 gen 2/4 turn 4/8 valid=True db -19.05->-19.21
[18:49:41]   rollout step 5 task 2/4 gen 2/4 turn 5/8 valid=True db -19.21->-18.36
[18:49:50]   rollout step 5 task 2/4 gen 2/4 turn 6/8 valid=True db -18.36->-19.01
[18:49:50] trajectory done: step 5 task 2/4 gen 2/4 turns=6 reason=patience reward=1.050  [70/960 trajectories overall]
[18:49:56]   rollout step 5 task 2/4 gen 3/4 turn 1/8 valid=True db -18.10->-17.17
[18:50:01]   rollout step 5 task 2/4 gen 3/4 turn 2/8 valid=True db -17.17->-11.08
[18:50:09]   rollout step 5 task 2/4 gen 3/4 turn 3/8 valid=True db -11.08->-14.05
[18:50:09] trajectory done: step 5 task 2/4 gen 3/4 turns=3 reason=patience reward=-1.214  [71/960 trajectories overall]
[18:50:17]   rollout step 5 task 2/4 gen 4/4 turn 1/8 valid=True db -18.10->-18.31
[18:50:24]   rollout step 5 task 2/4 gen 4/4 turn 2/8 valid=True db -18.31->-17.22
[18:50:30]   rollout step 5 task 2/4 gen 4/4 turn 3/8 valid=True db -17.22->-17.43
[18:50:38]   rollout step 5 task 2/4 gen 4/4 turn 4/8 valid=True db -17.43->-17.23
[18:50:38] trajectory done: step 5 task 2/4 gen 4/4 turns=4 reason=patience reward=-0.110  [72/960 trajectories overall]
[18:50:48]   rollout step 5 task 3/4 gen 1/4 turn 1/8 valid=True db -5.88->-21.77
[18:50:55]   rollout step 5 task 3/4 gen 1/4 turn 2/8 valid=True db -21.77->-1.37
[18:51:01]   rollout step 5 task 3/4 gen 1/4 turn 3/8 valid=True db -1.37->-1.45
[18:51:06]   rollout step 5 task 3/4 gen 1/4 turn 4/8 valid=True db -1.45->-1.59
[18:51:06] trajectory done: step 5 task 3/4 gen 1/4 turns=4 reason=patience reward=9.836  [73/960 trajectories overall]
[18:51:12]   rollout step 5 task 3/4 gen 2/4 turn 1/8 valid=True db -5.88->-5.56
[18:51:22]   rollout step 5 task 3/4 gen 2/4 turn 2/8 valid=True db -5.56->-5.27
[18:51:29]   rollout step 5 task 3/4 gen 2/4 turn 3/8 valid=True db -5.27->-5.58
[18:51:29] trajectory done: step 5 task 3/4 gen 2/4 turns=3 reason=patience reward=-0.090  [74/960 trajectories overall]
[18:51:36]   rollout step 5 task 3/4 gen 3/4 turn 1/8 valid=False db -5.88->-5.88
[18:51:44]   rollout step 5 task 3/4 gen 3/4 turn 2/8 valid=True db -5.88->-5.63
[18:51:51]   rollout step 5 task 3/4 gen 3/4 turn 3/8 valid=True db -5.63->-6.66
[18:52:00]   rollout step 5 task 3/4 gen 3/4 turn 4/8 valid=True db -6.66->-6.30
[18:52:06]   rollout step 5 task 3/4 gen 3/4 turn 5/8 valid=True db -6.30->-6.63
[18:52:14]   rollout step 5 task 3/4 gen 3/4 turn 6/8 valid=True db -6.63->-6.33
[18:52:14] trajectory done: step 5 task 3/4 gen 3/4 turns=6 reason=patience reward=0.675  [75/960 trajectories overall]
[18:52:20]   rollout step 5 task 3/4 gen 4/4 turn 1/8 valid=True db -5.88->-20.97
[18:52:26]   rollout step 5 task 3/4 gen 4/4 turn 2/8 valid=True db -20.97->-1.20
[18:52:31]   rollout step 5 task 3/4 gen 4/4 turn 3/8 valid=True db -1.20->-25.57
[18:52:37]   rollout step 5 task 3/4 gen 4/4 turn 4/8 valid=True db -25.57->-1.60
[18:52:43]   rollout step 5 task 3/4 gen 4/4 turn 5/8 valid=True db -1.60->-1.20
[18:52:49]   rollout step 5 task 3/4 gen 4/4 turn 6/8 valid=True db -1.20->-18.80
[18:52:49] trajectory done: step 5 task 3/4 gen 4/4 turns=6 reason=patience reward=17.658  [76/960 trajectories overall]
[18:52:57]   rollout step 5 task 4/4 gen 1/4 turn 1/8 valid=True db -11.95->-17.10
[18:53:06]   rollout step 5 task 4/4 gen 1/4 turn 2/8 valid=False db -17.10->-17.10
[18:53:10]   rollout step 5 task 4/4 gen 1/4 turn 3/8 valid=True db -17.10->-17.09
[18:53:18]   rollout step 5 task 4/4 gen 1/4 turn 4/8 valid=True db -17.09->-32.84
[18:53:18] trajectory done: step 5 task 4/4 gen 1/4 turns=4 reason=goal_met reward=20.888  [77/960 trajectories overall]
[18:53:25]   rollout step 5 task 4/4 gen 2/4 turn 1/8 valid=True db -11.95->-17.13
[18:53:32]   rollout step 5 task 4/4 gen 2/4 turn 2/8 valid=True db -17.13->-17.10
[18:53:39]   rollout step 5 task 4/4 gen 2/4 turn 3/8 valid=True db -17.10->-15.02
[18:53:44]   rollout step 5 task 4/4 gen 2/4 turn 4/8 valid=True db -15.02->-16.93
[18:53:44] trajectory done: step 5 task 4/4 gen 2/4 turns=4 reason=patience reward=5.120  [78/960 trajectories overall]
[18:53:52]   rollout step 5 task 4/4 gen 3/4 turn 1/8 valid=True db -11.95->-16.54
[18:53:57]   rollout step 5 task 4/4 gen 3/4 turn 2/8 valid=True db -16.54->-24.93
[18:54:05]   rollout step 5 task 4/4 gen 3/4 turn 3/8 valid=True db -24.93->-5.06
[18:54:10]   rollout step 5 task 4/4 gen 3/4 turn 4/8 valid=True db -5.06->-22.14
[18:54:17]   rollout step 5 task 4/4 gen 3/4 turn 5/8 valid=True db -22.14->-22.17
[18:54:17] trajectory done: step 5 task 4/4 gen 3/4 turns=5 reason=patience reward=12.148  [79/960 trajectories overall]
[18:54:22]   rollout step 5 task 4/4 gen 4/4 turn 1/8 valid=False db -11.95->-11.95
[18:54:28]   rollout step 5 task 4/4 gen 4/4 turn 2/8 valid=True db -11.95->-11.82
[18:54:33]   rollout step 5 task 4/4 gen 4/4 turn 3/8 valid=True db -11.82->-11.44
[18:54:33] trajectory done: step 5 task 4/4 gen 4/4 turns=3 reason=patience reward=-0.152  [80/960 trajectories overall]
[18:54:39]   gradient pass 20/70 turns backpropagated
[18:54:46]   gradient pass 40/70 turns backpropagated
[18:54:53]   gradient pass 60/70 turns backpropagated
[18:54:56]   gradient pass 70/70 turns backpropagated
[18:54:56] step 5/60 loss=2.62770 reward_mean=4.613 reward_std=6.750 turns_mean=4.4 goal_met=3/16 stop=1 patience=12
[18:54:59] saved checkpoint to /home/yue1guo2/workspace/qucs-llm-optimizer/outputs/2026-09-09-1810-multiturn-nightly-4x4x60/checkpoint-5
[18:55:05]   rollout step 6 task 1/4 gen 1/4 turn 1/8 valid=True db -41.39->-41.39
[18:55:05] trajectory done: step 6 task 1/4 gen 1/4 turns=1 reason=stop reward=0.000  [81/960 trajectories overall]
[18:55:12]   rollout step 6 task 1/4 gen 2/4 turn 1/8 valid=True db -41.39->-41.39
[18:55:12] trajectory done: step 6 task 1/4 gen 2/4 turns=1 reason=stop reward=0.000  [82/960 trajectories overall]
[18:55:16]   rollout step 6 task 1/4 gen 3/4 turn 1/8 valid=True db -41.39->-41.39
[18:55:16] trajectory done: step 6 task 1/4 gen 3/4 turns=1 reason=stop reward=0.000  [83/960 trajectories overall]
[18:55:23]   rollout step 6 task 1/4 gen 4/4 turn 1/8 valid=True db -41.39->-47.86
[18:55:23] trajectory done: step 6 task 1/4 gen 4/4 turns=1 reason=goal_met reward=6.474  [84/960 trajectories overall]
[18:55:31]   rollout step 6 task 2/4 gen 1/4 turn 1/8 valid=True db -10.87->-13.90
[18:55:40]   rollout step 6 task 2/4 gen 1/4 turn 2/8 valid=True db -13.90->-13.51
[18:55:47]   rollout step 6 task 2/4 gen 1/4 turn 3/8 valid=True db -13.51->-13.87
[18:55:54]   rollout step 6 task 2/4 gen 1/4 turn 4/8 valid=True db -13.87->-14.19
[18:56:01]   rollout step 6 task 2/4 gen 1/4 turn 5/8 valid=True db -14.19->-14.47
[18:56:07]   rollout step 6 task 2/4 gen 1/4 turn 6/8 valid=True db -14.47->-17.94
[18:56:14]   rollout step 6 task 2/4 gen 1/4 turn 7/8 valid=True db -17.94->-17.68
[18:56:21]   rollout step 6 task 2/4 gen 1/4 turn 8/8 valid=True db -17.68->-20.94
[18:56:21] trajectory done: step 6 task 2/4 gen 1/4 turns=8 reason=max_turns reward=10.072  [85/960 trajectories overall]
[18:56:27]   rollout step 6 task 2/4 gen 2/4 turn 1/8 valid=True db -10.87->-13.90
[18:56:34]   rollout step 6 task 2/4 gen 2/4 turn 2/8 valid=True db -13.90->-26.73
[18:56:40]   rollout step 6 task 2/4 gen 2/4 turn 3/8 valid=False db -26.73->-26.73
[18:56:49]   rollout step 6 task 2/4 gen 2/4 turn 4/8 valid=True db -26.73->-14.99
[18:56:53]   rollout step 6 task 2/4 gen 2/4 turn 5/8 valid=True db -14.99->-14.99
[18:56:53] trajectory done: step 6 task 2/4 gen 2/4 turns=5 reason=stop reward=12.339  [86/960 trajectories overall]
[18:57:00]   rollout step 6 task 2/4 gen 3/4 turn 1/8 valid=True db -10.87->-8.81
[18:57:05]   rollout step 6 task 2/4 gen 3/4 turn 2/8 valid=True db -8.81->-10.32
[18:57:10]   rollout step 6 task 2/4 gen 3/4 turn 3/8 valid=True db -10.32->-8.90
[18:57:10] trajectory done: step 6 task 2/4 gen 3/4 turns=3 reason=patience reward=-0.591  [87/960 trajectories overall]
[18:57:17]   rollout step 6 task 2/4 gen 4/4 turn 1/8 valid=True db -10.87->-11.63
[18:57:26]   rollout step 6 task 2/4 gen 4/4 turn 2/8 valid=True db -11.63->-12.83
[18:57:36]   rollout step 6 task 2/4 gen 4/4 turn 3/8 valid=True db -12.83->-11.75
[18:57:42]   rollout step 6 task 2/4 gen 4/4 turn 4/8 valid=True db -11.75->-12.00
[18:57:52]   rollout step 6 task 2/4 gen 4/4 turn 5/8 valid=True db -12.00->-11.76
[18:57:52] trajectory done: step 6 task 2/4 gen 4/4 turns=5 reason=patience reward=1.637  [88/960 trajectories overall]
[18:58:00]   rollout step 6 task 3/4 gen 1/4 turn 1/8 valid=True db -11.27->-11.60
[18:58:07]   rollout step 6 task 3/4 gen 1/4 turn 2/8 valid=True db -11.60->-11.30
[18:58:11]   rollout step 6 task 3/4 gen 1/4 turn 3/8 valid=True db -11.30->-11.58
[18:58:17]   rollout step 6 task 3/4 gen 1/4 turn 4/8 valid=True db -11.58->-11.32
[18:58:17] trajectory done: step 6 task 3/4 gen 1/4 turns=4 reason=patience reward=0.244  [89/960 trajectories overall]
[18:58:23]   rollout step 6 task 3/4 gen 2/4 turn 1/8 valid=False db -11.27->-11.27
[18:58:28]   rollout step 6 task 3/4 gen 2/4 turn 2/8 valid=True db -11.27->-16.11
[18:58:37]   rollout step 6 task 3/4 gen 2/4 turn 3/8 valid=True db -16.11->-39.45
[18:58:37] trajectory done: step 6 task 3/4 gen 2/4 turns=3 reason=goal_met reward=28.179  [90/960 trajectories overall]
[18:58:43]   rollout step 6 task 3/4 gen 3/4 turn 1/8 valid=True db -11.27->-12.00
[18:58:48]   rollout step 6 task 3/4 gen 3/4 turn 2/8 valid=True db -12.00->-11.49
[18:58:52]   rollout step 6 task 3/4 gen 3/4 turn 3/8 valid=True db -11.49->-17.07
[18:58:57]   rollout step 6 task 3/4 gen 3/4 turn 4/8 valid=False db -17.07->-17.07
[18:59:04]   rollout step 6 task 3/4 gen 3/4 turn 5/8 valid=True db -17.07->-17.19
[18:59:13]   rollout step 6 task 3/4 gen 3/4 turn 6/8 valid=True db -17.19->-17.29
[18:59:21]   rollout step 6 task 3/4 gen 3/4 turn 7/8 valid=True db -17.29->-17.52
[18:59:31]   rollout step 6 task 3/4 gen 3/4 turn 8/8 valid=True db -17.52->-17.73
[18:59:31] trajectory done: step 6 task 3/4 gen 3/4 turns=8 reason=max_turns reward=6.456  [91/960 trajectories overall]
[18:59:37]   rollout step 6 task 3/4 gen 4/4 turn 1/8 valid=True db -11.27->-11.88
[18:59:43]   rollout step 6 task 3/4 gen 4/4 turn 2/8 valid=True db -11.88->-12.98
[18:59:50]   rollout step 6 task 3/4 gen 4/4 turn 3/8 valid=True db -12.98->-22.35
[18:59:56]   rollout step 6 task 3/4 gen 4/4 turn 4/8 valid=True db -22.35->-29.36
[19:00:02]   rollout step 6 task 3/4 gen 4/4 turn 5/8 valid=True db -29.36->-9.71
[19:00:06]   rollout step 6 task 3/4 gen 4/4 turn 6/8 valid=True db -9.71->-34.66
[19:00:06] trajectory done: step 6 task 3/4 gen 4/4 turns=6 reason=goal_met reward=23.393  [92/960 trajectories overall]
[19:00:12]   rollout step 6 task 4/4 gen 1/4 turn 1/8 valid=True db -10.50->-11.25
[19:00:18]   rollout step 6 task 4/4 gen 1/4 turn 2/8 valid=False db -11.25->-11.25
[19:00:27]   rollout step 6 task 4/4 gen 1/4 turn 3/8 valid=True db -11.25->-7.90
[19:00:32]   rollout step 6 task 4/4 gen 1/4 turn 4/8 valid=True db -7.90->-7.90
[19:00:32] trajectory done: step 6 task 4/4 gen 1/4 turns=4 reason=stop reward=-0.262  [93/960 trajectories overall]
[19:00:41]   rollout step 6 task 4/4 gen 2/4 turn 1/8 valid=True db -10.50->-13.42
[19:00:47]   rollout step 6 task 4/4 gen 2/4 turn 2/8 valid=False db -13.42->-13.42
[19:00:56]   rollout step 6 task 4/4 gen 2/4 turn 3/8 valid=True db -13.42->-26.27
[19:01:06]   rollout step 6 task 4/4 gen 2/4 turn 4/8 valid=True db -26.27->-6.18
[19:01:10]   rollout step 6 task 4/4 gen 2/4 turn 5/8 valid=True db -6.18->-30.40
[19:01:10] trajectory done: step 6 task 4/4 gen 2/4 turns=5 reason=goal_met reward=19.899  [94/960 trajectories overall]
[19:01:17]   rollout step 6 task 4/4 gen 3/4 turn 1/8 valid=True db -10.50->-10.07
[19:01:22]   rollout step 6 task 4/4 gen 3/4 turn 2/8 valid=True db -10.07->-9.32
[19:01:29]   rollout step 6 task 4/4 gen 3/4 turn 3/8 valid=True db -9.32->-10.01
[19:01:29] trajectory done: step 6 task 4/4 gen 3/4 turns=3 reason=patience reward=-0.147  [95/960 trajectories overall]
[19:01:37]   rollout step 6 task 4/4 gen 4/4 turn 1/8 valid=True db -10.50->-10.07
[19:01:45]   rollout step 6 task 4/4 gen 4/4 turn 2/8 valid=True db -10.07->-9.33
[19:01:53]   rollout step 6 task 4/4 gen 4/4 turn 3/8 valid=True db -9.33->-6.28
[19:01:53] trajectory done: step 6 task 4/4 gen 4/4 turns=3 reason=patience reward=-1.269  [96/960 trajectories overall]
[19:02:00]   gradient pass 20/61 turns backpropagated
[19:02:07]   gradient pass 40/61 turns backpropagated
[19:02:14]   gradient pass 60/61 turns backpropagated
[19:02:14]   gradient pass 61/61 turns backpropagated
[19:02:14] step 6/60 loss=1.10302 reward_mean=6.651 reward_std=9.258 turns_mean=3.8 goal_met=4/16 stop=5 patience=5
[19:02:24]   rollout step 7 task 1/4 gen 1/4 turn 1/8 valid=True db -8.49->-8.79
[19:02:30]   rollout step 7 task 1/4 gen 1/4 turn 2/8 valid=True db -8.79->-6.19
[19:02:36]   rollout step 7 task 1/4 gen 1/4 turn 3/8 valid=True db -6.19->-8.61
[19:02:42]   rollout step 7 task 1/4 gen 1/4 turn 4/8 valid=True db -8.61->-8.74
[19:02:42] trajectory done: step 7 task 1/4 gen 1/4 turns=4 reason=patience reward=0.277  [97/960 trajectories overall]
[19:02:54]   rollout step 7 task 1/4 gen 2/4 turn 1/8 valid=True db -8.49->-7.90
[19:03:00]   rollout step 7 task 1/4 gen 2/4 turn 2/8 valid=False db -7.90->-7.90
[19:03:08]   rollout step 7 task 1/4 gen 2/4 turn 3/8 valid=True db -7.90->-7.38
[19:03:08] trajectory done: step 7 task 1/4 gen 2/4 turns=3 reason=patience reward=-0.335  [98/960 trajectories overall]
[19:03:13]   rollout step 7 task 1/4 gen 3/4 turn 1/8 valid=True db -8.49->-14.47
[19:03:19]   rollout step 7 task 1/4 gen 3/4 turn 2/8 valid=True db -14.47->-14.92
[19:03:27]   rollout step 7 task 1/4 gen 3/4 turn 3/8 valid=True db -14.92->-16.67
[19:03:35]   rollout step 7 task 1/4 gen 3/4 turn 4/8 valid=True db -16.67->-12.38
[19:03:40]   rollout step 7 task 1/4 gen 3/4 turn 5/8 valid=True db -12.38->-19.95
[19:03:48]   rollout step 7 task 1/4 gen 3/4 turn 6/8 valid=True db -19.95->-20.43
[19:03:54]   rollout step 7 task 1/4 gen 3/4 turn 7/8 valid=True db -20.43->-15.00
[19:03:59]   rollout step 7 task 1/4 gen 3/4 turn 8/8 valid=True db -15.00->-21.85
[19:03:59] trajectory done: step 7 task 1/4 gen 3/4 turns=8 reason=max_turns reward=13.361  [99/960 trajectories overall]
[19:04:05]   rollout step 7 task 1/4 gen 4/4 turn 1/8 valid=True db -8.49->-14.47
[19:04:11]   rollout step 7 task 1/4 gen 4/4 turn 2/8 valid=False db -14.47->-14.47
[19:04:18]   rollout step 7 task 1/4 gen 4/4 turn 3/8 valid=True db -14.47->-21.29
[19:04:25]   rollout step 7 task 1/4 gen 4/4 turn 4/8 valid=True db -21.29->-21.92
[19:04:33]   rollout step 7 task 1/4 gen 4/4 turn 5/8 valid=True db -21.92->-37.45
[19:04:33] trajectory done: step 7 task 1/4 gen 4/4 turns=5 reason=goal_met reward=28.960  [100/960 trajectories overall]
[19:04:41]   rollout step 7 task 2/4 gen 1/4 turn 1/8 valid=True db -11.20->-25.61
[19:04:47]   rollout step 7 task 2/4 gen 1/4 turn 2/8 valid=True db -25.61->-26.18
[19:04:52]   rollout step 7 task 2/4 gen 1/4 turn 3/8 valid=True db -26.18->-6.38
[19:04:56]   rollout step 7 task 2/4 gen 1/4 turn 4/8 valid=False db -6.38->-6.38
[19:05:02]   rollout step 7 task 2/4 gen 1/4 turn 5/8 valid=True db -6.38->-1.28
[19:05:02] trajectory done: step 7 task 2/4 gen 1/4 turns=5 reason=patience reward=7.510  [101/960 trajectories overall]
[19:05:10]   rollout step 7 task 2/4 gen 2/4 turn 1/8 valid=True db -11.20->-11.23
[19:05:16]   rollout step 7 task 2/4 gen 2/4 turn 2/8 valid=True db -11.23->-22.21
[19:05:23]   rollout step 7 task 2/4 gen 2/4 turn 3/8 valid=True db -22.21->-7.79
[19:05:28]   rollout step 7 task 2/4 gen 2/4 turn 4/8 valid=True db -7.79->-1.31
[19:05:34]   rollout step 7 task 2/4 gen 2/4 turn 5/8 valid=True db -1.31->-1.31
[19:05:34] trajectory done: step 7 task 2/4 gen 2/4 turns=5 reason=patience reward=4.742  [102/960 trajectories overall]
[19:05:41]   rollout step 7 task 2/4 gen 3/4 turn 1/8 valid=True db -11.20->-25.61
[19:05:47]   rollout step 7 task 2/4 gen 3/4 turn 2/8 valid=True db -25.61->-27.08
[19:05:53]   rollout step 7 task 2/4 gen 3/4 turn 3/8 valid=True db -27.08->-27.53
[19:06:02]   rollout step 7 task 2/4 gen 3/4 turn 4/8 valid=True db -27.53->-7.39
[19:06:06]   rollout step 7 task 2/4 gen 3/4 turn 5/8 valid=True db -7.39->-7.39
[19:06:06] trajectory done: step 7 task 2/4 gen 3/4 turns=5 reason=stop reward=10.290  [103/960 trajectories overall]
[19:06:14]   rollout step 7 task 2/4 gen 4/4 turn 1/8 valid=True db -11.20->-11.19
[19:06:19]   rollout step 7 task 2/4 gen 4/4 turn 2/8 valid=True db -11.19->-10.34
[19:06:30]   rollout step 7 task 2/4 gen 4/4 turn 3/8 valid=True db -10.34->-10.58
[19:06:30] trajectory done: step 7 task 2/4 gen 4/4 turns=3 reason=patience reward=-0.184  [104/960 trajectories overall]
[19:06:38]   rollout step 7 task 3/4 gen 1/4 turn 1/8 valid=True db -10.92->-12.72
[19:06:45]   rollout step 7 task 3/4 gen 1/4 turn 2/8 valid=True db -12.72->-0.81
[19:06:51]   rollout step 7 task 3/4 gen 1/4 turn 3/8 valid=True db -0.81->-0.72
[19:06:55]   rollout step 7 task 3/4 gen 1/4 turn 4/8 valid=True db -0.72->-9.20
[19:06:55] trajectory done: step 7 task 3/4 gen 1/4 turns=4 reason=patience reward=0.740  [105/960 trajectories overall]
[19:07:02]   rollout step 7 task 3/4 gen 2/4 turn 1/8 valid=True db -10.92->-13.12
[19:07:08]   rollout step 7 task 3/4 gen 2/4 turn 2/8 valid=True db -13.12->-13.88
[19:07:13]   rollout step 7 task 3/4 gen 2/4 turn 3/8 valid=True db -13.88->-11.75
[19:07:18]   rollout step 7 task 3/4 gen 2/4 turn 4/8 valid=True db -11.75->-1.14
[19:07:23]   rollout step 7 task 3/4 gen 2/4 turn 5/8 valid=True db -1.14->-10.37
[19:07:23] trajectory done: step 7 task 3/4 gen 2/4 turns=5 reason=patience reward=1.901  [106/960 trajectories overall]
[19:07:30]   rollout step 7 task 3/4 gen 3/4 turn 1/8 valid=False db -10.92->-10.92
[19:07:39]   rollout step 7 task 3/4 gen 3/4 turn 2/8 valid=True db -10.92->-6.33
[19:07:45]   rollout step 7 task 3/4 gen 3/4 turn 3/8 valid=True db -6.33->-7.68
[19:07:45] trajectory done: step 7 task 3/4 gen 3/4 turns=3 reason=patience reward=-0.974  [107/960 trajectories overall]
[19:07:55]   rollout step 7 task 3/4 gen 4/4 turn 1/8 valid=True db -10.92->-13.12
[19:08:01]   rollout step 7 task 3/4 gen 4/4 turn 2/8 valid=True db -13.12->-16.58
[19:08:08]   rollout step 7 task 3/4 gen 4/4 turn 3/8 valid=True db -16.58->-6.89
[19:08:12]   rollout step 7 task 3/4 gen 4/4 turn 4/8 valid=True db -6.89->-18.34
[19:08:23]   rollout step 7 task 3/4 gen 4/4 turn 5/8 valid=True db -18.34->-18.09
[19:08:28]   rollout step 7 task 3/4 gen 4/4 turn 6/8 valid=True db -18.09->-18.32
[19:08:35]   rollout step 7 task 3/4 gen 4/4 turn 7/8 valid=True db -18.32->-18.56
[19:08:43]   rollout step 7 task 3/4 gen 4/4 turn 8/8 valid=True db -18.56->-18.34
[19:08:43] trajectory done: step 7 task 3/4 gen 4/4 turns=8 reason=max_turns reward=7.567  [108/960 trajectories overall]
[19:08:49]   rollout step 7 task 4/4 gen 1/4 turn 1/8 valid=True db -8.64->-14.64
[19:08:59]   rollout step 7 task 4/4 gen 1/4 turn 2/8 valid=True db -14.64->-13.36
[19:09:05]   rollout step 7 task 4/4 gen 1/4 turn 3/8 valid=True db -13.36->-1.43
[19:09:09]   rollout step 7 task 4/4 gen 1/4 turn 4/8 valid=True db -1.43->-11.84
[19:09:09] trajectory done: step 7 task 4/4 gen 1/4 turns=4 reason=patience reward=5.156  [109/960 trajectories overall]
[19:09:15]   rollout step 7 task 4/4 gen 2/4 turn 1/8 valid=False db -8.64->-8.64
[19:09:21]   rollout step 7 task 4/4 gen 2/4 turn 2/8 valid=True db -8.64->-8.52
[19:09:26]   rollout step 7 task 4/4 gen 2/4 turn 3/8 valid=True db -8.52->-8.64
[19:09:26] trajectory done: step 7 task 4/4 gen 2/4 turns=3 reason=patience reward=-0.003  [110/960 trajectories overall]
[19:09:32]   rollout step 7 task 4/4 gen 3/4 turn 1/8 valid=True db -8.64->-14.64
[19:09:37]   rollout step 7 task 4/4 gen 3/4 turn 2/8 valid=True db -14.64->-13.87
[19:09:42]   rollout step 7 task 4/4 gen 3/4 turn 3/8 valid=True db -13.87->-16.15
[19:09:48]   rollout step 7 task 4/4 gen 3/4 turn 4/8 valid=True db -16.15->-16.27
[19:09:53]   rollout step 7 task 4/4 gen 3/4 turn 5/8 valid=True db -16.27->-17.66
[19:09:58]   rollout step 7 task 4/4 gen 3/4 turn 6/8 valid=True db -17.66->-4.23
[19:10:03]   rollout step 7 task 4/4 gen 3/4 turn 7/8 valid=True db -4.23->-16.06
[19:10:09]   rollout step 7 task 4/4 gen 3/4 turn 8/8 valid=True db -16.06->-20.33
[19:10:09] trajectory done: step 7 task 4/4 gen 3/4 turns=8 reason=max_turns reward=11.685  [111/960 trajectories overall]
[19:10:17]   rollout step 7 task 4/4 gen 4/4 turn 1/8 valid=True db -8.64->-6.03
[19:10:25]   rollout step 7 task 4/4 gen 4/4 turn 2/8 valid=True db -6.03->-8.40
[19:10:32]   rollout step 7 task 4/4 gen 4/4 turn 3/8 valid=True db -8.40->-13.06
[19:10:44]   rollout step 7 task 4/4 gen 4/4 turn 4/8 valid=True db -13.06->-14.63
[19:10:50]   rollout step 7 task 4/4 gen 4/4 turn 5/8 valid=True db -14.63->-22.25
[19:10:58]   rollout step 7 task 4/4 gen 4/4 turn 6/8 valid=True db -22.25->-5.55
[19:11:04]   rollout step 7 task 4/4 gen 4/4 turn 7/8 valid=True db -5.55->-1.05
[19:11:10]   rollout step 7 task 4/4 gen 4/4 turn 8/8 valid=True db -1.05->-6.45
[19:11:10] trajectory done: step 7 task 4/4 gen 4/4 turns=8 reason=patience reward=8.866  [112/960 trajectories overall]
[19:11:17]   gradient pass 20/81 turns backpropagated
[19:11:23]   gradient pass 40/81 turns backpropagated
[19:11:30]   gradient pass 60/81 turns backpropagated
[19:11:37]   gradient pass 80/81 turns backpropagated
[19:11:37]   gradient pass 81/81 turns backpropagated
[19:11:38] step 7/60 loss=5.55890 reward_mean=6.222 reward_std=7.445 turns_mean=5.1 goal_met=1/16 stop=1 patience=11
[19:11:48]   rollout step 8 task 1/4 gen 1/4 turn 1/8 valid=True db -17.14->-17.29
[19:11:55]   rollout step 8 task 1/4 gen 1/4 turn 2/8 valid=True db -17.29->-17.41
[19:12:00]   rollout step 8 task 1/4 gen 1/4 turn 3/8 valid=True db -17.41->-12.38
[19:12:07]   rollout step 8 task 1/4 gen 1/4 turn 4/8 valid=True db -12.38->-17.06
[19:12:17]   rollout step 8 task 1/4 gen 1/4 turn 5/8 valid=True db -17.06->-21.91
[19:12:25]   rollout step 8 task 1/4 gen 1/4 turn 6/8 valid=True db -21.91->-28.51
[19:12:34]   rollout step 8 task 1/4 gen 1/4 turn 7/8 valid=True db -28.51->-46.35
[19:12:34] trajectory done: step 8 task 1/4 gen 1/4 turns=7 reason=goal_met reward=29.208  [113/960 trajectories overall]
[19:12:40]   rollout step 8 task 1/4 gen 2/4 turn 1/8 valid=True db -17.14->-19.00
[19:12:46]   rollout step 8 task 1/4 gen 2/4 turn 2/8 valid=True db -19.00->-31.38
[19:12:46] trajectory done: step 8 task 1/4 gen 2/4 turns=2 reason=goal_met reward=14.237  [114/960 trajectories overall]
[19:12:54]   rollout step 8 task 1/4 gen 3/4 turn 1/8 valid=True db -17.14->-25.47
[19:13:01]   rollout step 8 task 1/4 gen 3/4 turn 2/8 valid=True db -25.47->-25.46
[19:13:07]   rollout step 8 task 1/4 gen 3/4 turn 3/8 valid=True db -25.46->-23.47
[19:13:14]   rollout step 8 task 1/4 gen 3/4 turn 4/8 valid=True db -23.47->-21.90
[19:13:14] trajectory done: step 8 task 1/4 gen 3/4 turns=4 reason=patience reward=7.257  [115/960 trajectories overall]
[19:13:21]   rollout step 8 task 1/4 gen 4/4 turn 1/8 valid=True db -17.14->-25.02
[19:13:27]   rollout step 8 task 1/4 gen 4/4 turn 2/8 valid=False db -25.02->-25.02
[19:13:35]   rollout step 8 task 1/4 gen 4/4 turn 3/8 valid=True db -25.02->-5.74
[19:13:39]   rollout step 8 task 1/4 gen 4/4 turn 4/8 valid=True db -5.74->-5.74
[19:13:39] trajectory done: step 8 task 1/4 gen 4/4 turns=4 reason=stop reward=2.092  [116/960 trajectories overall]
[19:13:48]   rollout step 8 task 2/4 gen 1/4 turn 1/8 valid=True db -15.33->-32.74
[19:13:48] trajectory done: step 8 task 2/4 gen 1/4 turns=1 reason=goal_met reward=17.403  [117/960 trajectories overall]
[19:13:58]   rollout step 8 task 2/4 gen 2/4 turn 1/8 valid=True db -15.33->-18.20
[19:14:04]   rollout step 8 task 2/4 gen 2/4 turn 2/8 valid=True db -18.20->-17.69
[19:14:08]   rollout step 8 task 2/4 gen 2/4 turn 3/8 valid=True db -17.69->-19.88
[19:14:13]   rollout step 8 task 2/4 gen 2/4 turn 4/8 valid=True db -19.88->-28.79
[19:14:21]   rollout step 8 task 2/4 gen 2/4 turn 5/8 valid=True db -28.79->-30.37
[19:14:21] trajectory done: step 8 task 2/4 gen 2/4 turns=5 reason=goal_met reward=15.040  [118/960 trajectories overall]
[19:14:29]   rollout step 8 task 2/4 gen 3/4 turn 1/8 valid=True db -15.33->-15.42
[19:14:34]   rollout step 8 task 2/4 gen 3/4 turn 2/8 valid=True db -15.42->-19.47
[19:14:41]   rollout step 8 task 2/4 gen 3/4 turn 3/8 valid=True db -19.47->-19.96
[19:14:46]   rollout step 8 task 2/4 gen 3/4 turn 4/8 valid=True db -19.96->-21.71
[19:14:53]   rollout step 8 task 2/4 gen 3/4 turn 5/8 valid=True db -21.71->-22.15
[19:14:58]   rollout step 8 task 2/4 gen 3/4 turn 6/8 valid=True db -22.15->-33.66
[19:14:58] trajectory done: step 8 task 2/4 gen 3/4 turns=6 reason=goal_met reward=18.330  [119/960 trajectories overall]
[19:15:02]   rollout step 8 task 2/4 gen 4/4 turn 1/8 valid=False db -15.33->-15.33
[19:15:09]   rollout step 8 task 2/4 gen 4/4 turn 2/8 valid=True db -15.33->-15.88
[19:15:17]   rollout step 8 task 2/4 gen 4/4 turn 3/8 valid=True db -15.88->-15.37
[19:15:23]   rollout step 8 task 2/4 gen 4/4 turn 4/8 valid=True db -15.37->-14.90
[19:15:27]   rollout step 8 task 2/4 gen 4/4 turn 5/8 valid=True db -14.90->-14.48
[19:15:27] trajectory done: step 8 task 2/4 gen 4/4 turns=5 reason=patience reward=0.126  [120/960 trajectories overall]
[19:15:33]   rollout step 8 task 3/4 gen 1/4 turn 1/8 valid=True db -16.38->-28.16
[19:15:39]   rollout step 8 task 3/4 gen 1/4 turn 2/8 valid=True db -28.16->-10.00
[19:15:43]   rollout step 8 task 3/4 gen 1/4 turn 3/8 valid=True db -10.00->-34.83
[19:15:43] trajectory done: step 8 task 3/4 gen 1/4 turns=3 reason=goal_met reward=18.446  [121/960 trajectories overall]
[19:15:50]   rollout step 8 task 3/4 gen 2/4 turn 1/8 valid=True db -16.38->-13.37
[19:15:55]   rollout step 8 task 3/4 gen 2/4 turn 2/8 valid=True db -13.37->-9.09
[19:15:59]   rollout step 8 task 3/4 gen 2/4 turn 3/8 valid=True db -9.09->-22.26
[19:16:05]   rollout step 8 task 3/4 gen 2/4 turn 4/8 valid=True db -22.26->-10.36
[19:16:11]   rollout step 8 task 3/4 gen 2/4 turn 5/8 valid=True db -10.36->-24.27
[19:16:16]   rollout step 8 task 3/4 gen 2/4 turn 6/8 valid=True db -24.27->-11.55
[19:16:22]   rollout step 8 task 3/4 gen 2/4 turn 7/8 valid=True db -11.55->-26.64
[19:16:35]   rollout step 8 task 3/4 gen 2/4 turn 8/8 valid=True db -26.64->-12.66
[19:16:35] trajectory done: step 8 task 3/4 gen 2/4 turns=8 reason=max_turns reward=6.059  [122/960 trajectories overall]
[19:16:44]   rollout step 8 task 3/4 gen 3/4 turn 1/8 valid=True db -16.38->-16.39
[19:16:52]   rollout step 8 task 3/4 gen 3/4 turn 2/8 valid=True db -16.39->-14.43
[19:16:57]   rollout step 8 task 3/4 gen 3/4 turn 3/8 valid=True db -14.43->-14.68
[19:16:57] trajectory done: step 8 task 3/4 gen 3/4 turns=3 reason=patience reward=-0.510  [123/960 trajectories overall]
[19:17:02]   rollout step 8 task 3/4 gen 4/4 turn 1/8 valid=True db -16.38->-13.90
[19:17:08]   rollout step 8 task 3/4 gen 4/4 turn 2/8 valid=True db -13.90->-14.42
[19:17:16]   rollout step 8 task 3/4 gen 4/4 turn 3/8 valid=True db -14.42->-14.16
[19:17:16] trajectory done: step 8 task 3/4 gen 4/4 turns=3 reason=patience reward=-0.669  [124/960 trajectories overall]
[19:17:24]   rollout step 8 task 4/4 gen 1/4 turn 1/8 valid=True db -13.67->-24.31
[19:17:30]   rollout step 8 task 4/4 gen 1/4 turn 2/8 valid=True db -24.31->-12.71
[19:17:35]   rollout step 8 task 4/4 gen 1/4 turn 3/8 valid=True db -12.71->-16.09
[19:17:42]   rollout step 8 task 4/4 gen 1/4 turn 4/8 valid=True db -16.09->-3.28
[19:17:42] trajectory done: step 8 task 4/4 gen 1/4 turns=4 reason=patience reward=4.332  [125/960 trajectories overall]
[19:17:49]   rollout step 8 task 4/4 gen 2/4 turn 1/8 valid=True db -13.67->-12.71
[19:17:54]   rollout step 8 task 4/4 gen 2/4 turn 2/8 valid=True db -12.71->-13.60
[19:18:01]   rollout step 8 task 4/4 gen 2/4 turn 3/8 valid=True db -13.60->-12.77
[19:18:01] trajectory done: step 8 task 4/4 gen 2/4 turns=3 reason=patience reward=-0.270  [126/960 trajectories overall]
[19:18:08]   rollout step 8 task 4/4 gen 3/4 turn 1/8 valid=True db -13.67->-23.48
[19:18:12]   rollout step 8 task 4/4 gen 3/4 turn 2/8 valid=True db -23.48->-12.38
[19:18:17]   rollout step 8 task 4/4 gen 3/4 turn 3/8 valid=True db -12.38->-26.30
[19:18:25]   rollout step 8 task 4/4 gen 3/4 turn 4/8 valid=True db -26.30->-13.58
[19:18:30]   rollout step 8 task 4/4 gen 3/4 turn 5/8 valid=True db -13.58->-28.71
[19:18:38]   rollout step 8 task 4/4 gen 3/4 turn 6/8 valid=True db -28.71->-23.78
[19:18:44]   rollout step 8 task 4/4 gen 3/4 turn 7/8 valid=True db -23.78->-19.45
[19:18:49]   rollout step 8 task 4/4 gen 3/4 turn 8/8 valid=True db -19.45->-25.04
[19:18:49] trajectory done: step 8 task 4/4 gen 3/4 turns=8 reason=patience reward=13.944  [127/960 trajectories overall]
[19:18:59]   rollout step 8 task 4/4 gen 4/4 turn 1/8 valid=True db -13.67->-13.95
[19:19:08]   rollout step 8 task 4/4 gen 4/4 turn 2/8 valid=True db -13.95->-10.62
[19:19:17]   rollout step 8 task 4/4 gen 4/4 turn 3/8 valid=True db -10.62->-13.94
[19:19:25]   rollout step 8 task 4/4 gen 4/4 turn 4/8 valid=True db -13.94->-12.77
[19:19:25] trajectory done: step 8 task 4/4 gen 4/4 turns=4 reason=patience reward=-0.075  [128/960 trajectories overall]
[19:19:32]   gradient pass 20/70 turns backpropagated
[19:19:38]   gradient pass 40/70 turns backpropagated
[19:19:45]   gradient pass 60/70 turns backpropagated
[19:19:49]   gradient pass 70/70 turns backpropagated
[19:19:49] step 8/60 loss=1.80296 reward_mean=9.059 reward_std=8.859 turns_mean=4.4 goal_met=6/16 stop=1 patience=8
[19:19:58]   rollout step 9 task 1/4 gen 1/4 turn 1/8 valid=True db -12.38->-13.11
[19:20:03]   rollout step 9 task 1/4 gen 1/4 turn 2/8 valid=True db -13.11->-13.34
[19:20:10]   rollout step 9 task 1/4 gen 1/4 turn 3/8 valid=True db -13.34->-10.88
[19:20:16]   rollout step 9 task 1/4 gen 1/4 turn 4/8 valid=True db -10.88->-12.33
[19:20:24]   rollout step 9 task 1/4 gen 1/4 turn 5/8 valid=True db -12.33->-12.86
[19:20:24] trajectory done: step 9 task 1/4 gen 1/4 turns=5 reason=patience reward=0.819  [129/960 trajectories overall]
[19:20:30]   rollout step 9 task 1/4 gen 2/4 turn 1/8 valid=False db -12.38->-12.38
[19:20:37]   rollout step 9 task 1/4 gen 2/4 turn 2/8 valid=True db -12.38->-8.88
[19:20:44]   rollout step 9 task 1/4 gen 2/4 turn 3/8 valid=True db -8.88->-9.54
[19:20:44] trajectory done: step 9 task 1/4 gen 2/4 turns=3 reason=patience reward=-0.851  [130/960 trajectories overall]
[19:20:51]   rollout step 9 task 1/4 gen 3/4 turn 1/8 valid=True db -12.38->-9.98
[19:20:56]   rollout step 9 task 1/4 gen 3/4 turn 2/8 valid=True db -9.98->-17.76
[19:21:02]   rollout step 9 task 1/4 gen 3/4 turn 3/8 valid=True db -17.76->-26.96
[19:21:09]   rollout step 9 task 1/4 gen 3/4 turn 4/8 valid=True db -26.96->-38.05
[19:21:09] trajectory done: step 9 task 1/4 gen 3/4 turns=4 reason=goal_met reward=25.677  [131/960 trajectories overall]
[19:21:16]   rollout step 9 task 1/4 gen 4/4 turn 1/8 valid=True db -12.38->-20.67
[19:21:23]   rollout step 9 task 1/4 gen 4/4 turn 2/8 valid=True db -20.67->-16.33
[19:21:28]   rollout step 9 task 1/4 gen 4/4 turn 3/8 valid=True db -16.33->-21.85
[19:21:38]   rollout step 9 task 1/4 gen 4/4 turn 4/8 valid=True db -21.85->-26.19
[19:21:47]   rollout step 9 task 1/4 gen 4/4 turn 5/8 valid=True db -26.19->-15.40
[19:21:53]   rollout step 9 task 1/4 gen 4/4 turn 6/8 valid=True db -15.40->-28.44
[19:22:00]   rollout step 9 task 1/4 gen 4/4 turn 7/8 valid=True db -28.44->-16.44
[19:22:05]   rollout step 9 task 1/4 gen 4/4 turn 8/8 valid=True db -16.44->-13.55
[19:22:05] trajectory done: step 9 task 1/4 gen 4/4 turns=8 reason=max_turns reward=11.598  [132/960 trajectories overall]
[19:22:12]   rollout step 9 task 2/4 gen 1/4 turn 1/8 valid=True db -16.69->-17.41
[19:22:17]   rollout step 9 task 2/4 gen 1/4 turn 2/8 valid=True db -17.41->-10.63
[19:22:23]   rollout step 9 task 2/4 gen 1/4 turn 3/8 valid=True db -10.63->-16.93
[19:22:32]   rollout step 9 task 2/4 gen 1/4 turn 4/8 valid=True db -16.93->-11.12
[19:22:32] trajectory done: step 9 task 2/4 gen 1/4 turns=4 reason=patience reward=-1.164  [133/960 trajectories overall]
[19:22:40]   rollout step 9 task 2/4 gen 2/4 turn 1/8 valid=True db -16.69->-20.48
[19:22:46]   rollout step 9 task 2/4 gen 2/4 turn 2/8 valid=True db -20.48->-5.17
[19:22:50]   rollout step 9 task 2/4 gen 2/4 turn 3/8 valid=True db -5.17->-18.77
[19:22:56]   rollout step 9 task 2/4 gen 2/4 turn 4/8 valid=True db -18.77->-6.05
[19:22:56] trajectory done: step 9 task 2/4 gen 2/4 turns=4 reason=patience reward=-0.535  [134/960 trajectories overall]
[19:23:07]   rollout step 9 task 2/4 gen 3/4 turn 1/8 valid=False db -16.69->-16.69
[19:23:14]   rollout step 9 task 2/4 gen 3/4 turn 2/8 valid=True db -16.69->-10.06
[19:23:20]   rollout step 9 task 2/4 gen 3/4 turn 3/8 valid=True db -10.06->-16.22
[19:23:20] trajectory done: step 9 task 2/4 gen 3/4 turns=3 reason=patience reward=-0.140  [135/960 trajectories overall]
[19:23:27]   rollout step 9 task 2/4 gen 4/4 turn 1/8 valid=True db -16.69->-17.11
[19:23:34]   rollout step 9 task 2/4 gen 4/4 turn 2/8 valid=False db -17.11->-17.11
[19:23:40]   rollout step 9 task 2/4 gen 4/4 turn 3/8 valid=True db -17.11->-17.48
[19:23:45]   rollout step 9 task 2/4 gen 4/4 turn 4/8 valid=True db -17.48->-29.36
[19:23:53]   rollout step 9 task 2/4 gen 4/4 turn 5/8 valid=True db -29.36->-9.79
[19:23:57]   rollout step 9 task 2/4 gen 4/4 turn 6/8 valid=True db -9.79->-26.19
[19:24:03]   rollout step 9 task 2/4 gen 4/4 turn 7/8 valid=True db -26.19->-20.10
[19:24:03] trajectory done: step 9 task 2/4 gen 4/4 turns=7 reason=patience reward=9.895  [136/960 trajectories overall]
[19:24:07]   rollout step 9 task 3/4 gen 1/4 turn 1/8 valid=False db -7.63->-7.63
[19:24:14]   rollout step 9 task 3/4 gen 1/4 turn 2/8 valid=True db -7.63->-7.84
[19:24:21]   rollout step 9 task 3/4 gen 1/4 turn 3/8 valid=True db -7.84->-9.87
[19:24:29]   rollout step 9 task 3/4 gen 1/4 turn 4/8 valid=True db -9.87->-10.09
[19:24:39]   rollout step 9 task 3/4 gen 1/4 turn 5/8 valid=True db -10.09->-8.29
[19:24:46]   rollout step 9 task 3/4 gen 1/4 turn 6/8 valid=True db -8.29->-9.97
[19:24:51]   rollout step 9 task 3/4 gen 1/4 turn 7/8 valid=True db -9.97->-8.41
[19:24:51] trajectory done: step 9 task 3/4 gen 1/4 turns=7 reason=patience reward=1.953  [137/960 trajectories overall]
[19:24:57]   rollout step 9 task 3/4 gen 2/4 turn 1/8 valid=True db -7.63->-8.51
[19:25:05]   rollout step 9 task 3/4 gen 2/4 turn 2/8 valid=True db -8.51->-7.70
[19:25:08]   rollout step 9 task 3/4 gen 2/4 turn 3/8 valid=True db -7.70->-7.70
[19:25:08] trajectory done: step 9 task 3/4 gen 2/4 turns=3 reason=stop reward=0.635  [138/960 trajectories overall]
[19:25:15]   rollout step 9 task 3/4 gen 3/4 turn 1/8 valid=True db -7.63->-11.18
[19:25:23]   rollout step 9 task 3/4 gen 3/4 turn 2/8 valid=True db -11.18->-12.11
[19:25:37]   rollout step 9 task 3/4 gen 3/4 turn 3/8 valid=True db -12.11->-8.77
[19:25:45]   rollout step 9 task 3/4 gen 3/4 turn 4/8 valid=True db -8.77->-11.76
[19:25:50]   rollout step 9 task 3/4 gen 3/4 turn 5/8 valid=True db -11.76->-20.92
[19:25:55]   rollout step 9 task 3/4 gen 3/4 turn 6/8 valid=True db -20.92->-12.97
[19:25:59]   rollout step 9 task 3/4 gen 3/4 turn 7/8 valid=True db -12.97->-22.54
[19:26:05]   rollout step 9 task 3/4 gen 3/4 turn 8/8 valid=True db -22.54->-13.01
[19:26:05] trajectory done: step 9 task 3/4 gen 3/4 turns=8 reason=max_turns reward=12.050  [139/960 trajectories overall]
[19:26:12]   rollout step 9 task 3/4 gen 4/4 turn 1/8 valid=True db -7.63->-6.19
[19:26:18]   rollout step 9 task 3/4 gen 4/4 turn 2/8 valid=True db -6.19->-8.26
[19:26:24]   rollout step 9 task 3/4 gen 4/4 turn 3/8 valid=True db -8.26->-11.06
[19:26:41]   rollout step 9 task 3/4 gen 4/4 turn 4/8 valid=True db -11.06->-11.08
[19:26:48]   rollout step 9 task 3/4 gen 4/4 turn 5/8 valid=True db -11.08->-17.87
[19:26:56]   rollout step 9 task 3/4 gen 4/4 turn 6/8 valid=True db -17.87->-17.98
[19:27:08]   rollout step 9 task 3/4 gen 4/4 turn 7/8 valid=True db -17.98->-17.88
[19:27:13]   rollout step 9 task 3/4 gen 4/4 turn 8/8 valid=True db -17.88->-17.97
[19:27:13] trajectory done: step 9 task 3/4 gen 4/4 turns=8 reason=patience reward=10.341  [140/960 trajectories overall]
[19:27:21]   rollout step 9 task 4/4 gen 1/4 turn 1/8 valid=True db -15.81->-16.07
[19:27:33]   rollout step 9 task 4/4 gen 1/4 turn 2/8 valid=True db -16.07->-9.94
[19:27:42]   rollout step 9 task 4/4 gen 1/4 turn 3/8 valid=True db -9.94->-20.10
[19:27:55]   rollout step 9 task 4/4 gen 1/4 turn 4/8 valid=True db -20.10->-19.01
[19:28:00]   rollout step 9 task 4/4 gen 1/4 turn 5/8 valid=True db -19.01->-19.15
[19:28:05]   rollout step 9 task 4/4 gen 1/4 turn 6/8 valid=True db -19.15->-19.54
[19:28:05] trajectory done: step 9 task 4/4 gen 1/4 turns=6 reason=patience reward=4.117  [141/960 trajectories overall]
[19:28:10]   rollout step 9 task 4/4 gen 2/4 turn 1/8 valid=True db -15.81->-16.19
[19:28:22]   rollout step 9 task 4/4 gen 2/4 turn 2/8 valid=True db -16.19->-15.84
[19:28:29]   rollout step 9 task 4/4 gen 2/4 turn 3/8 valid=True db -15.84->-16.17
[19:28:34]   rollout step 9 task 4/4 gen 2/4 turn 4/8 valid=True db -16.17->-15.86
[19:28:34] trajectory done: step 9 task 4/4 gen 2/4 turns=4 reason=patience reward=0.279  [142/960 trajectories overall]
[19:28:43]   rollout step 9 task 4/4 gen 3/4 turn 1/8 valid=True db -15.81->-15.46
[19:28:50]   rollout step 9 task 4/4 gen 3/4 turn 2/8 valid=True db -15.46->-15.90
[19:29:02]   rollout step 9 task 4/4 gen 3/4 turn 3/8 valid=True db -15.90->-15.99
[19:29:02] trajectory done: step 9 task 4/4 gen 3/4 turns=3 reason=patience reward=0.178  [143/960 trajectories overall]
[19:29:13]   rollout step 9 task 4/4 gen 4/4 turn 1/8 valid=True db -15.81->-16.07
[19:29:20]   rollout step 9 task 4/4 gen 4/4 turn 2/8 valid=True db -16.07->-15.17
[19:29:25]   rollout step 9 task 4/4 gen 4/4 turn 3/8 valid=True db -15.17->-16.34
[19:29:32]   rollout step 9 task 4/4 gen 4/4 turn 4/8 valid=True db -16.34->-15.22
[19:29:38]   rollout step 9 task 4/4 gen 4/4 turn 5/8 valid=True db -15.22->-15.37
[19:29:45]   rollout step 9 task 4/4 gen 4/4 turn 6/8 valid=True db -15.37->-8.81
[19:29:45] trajectory done: step 9 task 4/4 gen 4/4 turns=6 reason=patience reward=-1.733  [144/960 trajectories overall]
[19:29:52]   gradient pass 20/83 turns backpropagated
[19:29:59]   gradient pass 40/83 turns backpropagated
[19:30:06]   gradient pass 60/83 turns backpropagated
[19:30:12]   gradient pass 80/83 turns backpropagated
[19:30:13]   gradient pass 83/83 turns backpropagated
[19:30:14] step 9/60 loss=3.21975 reward_mean=4.570 reward_std=7.233 turns_mean=5.2 goal_met=1/16 stop=1 patience=12
[19:30:24]   rollout step 10 task 1/4 gen 1/4 turn 1/8 valid=True db -14.78->-9.46
[19:30:31]   rollout step 10 task 1/4 gen 1/4 turn 2/8 valid=True db -9.46->-14.38
[19:30:44]   rollout step 10 task 1/4 gen 1/4 turn 3/8 valid=True db -14.38->-14.54
[19:30:44] trajectory done: step 10 task 1/4 gen 1/4 turns=3 reason=patience reward=-0.071  [145/960 trajectories overall]
[19:30:51]   rollout step 10 task 1/4 gen 2/4 turn 1/8 valid=True db -14.78->-14.58
[19:30:55]   rollout step 10 task 1/4 gen 2/4 turn 2/8 valid=True db -14.58->-14.76
[19:31:01]   rollout step 10 task 1/4 gen 2/4 turn 3/8 valid=True db -14.76->-14.93
[19:31:01] trajectory done: step 10 task 1/4 gen 2/4 turns=3 reason=patience reward=0.149  [146/960 trajectories overall]
[19:31:09]   rollout step 10 task 1/4 gen 3/4 turn 1/8 valid=True db -14.78->-15.22
[19:31:17]   rollout step 10 task 1/4 gen 3/4 turn 2/8 valid=False db -15.22->-15.22
[19:31:25]   rollout step 10 task 1/4 gen 3/4 turn 3/8 valid=True db -15.22->-10.33
[19:31:34]   rollout step 10 task 1/4 gen 3/4 turn 4/8 valid=True db -10.33->-14.85
[19:31:34] trajectory done: step 10 task 1/4 gen 3/4 turns=4 reason=patience reward=0.332  [147/960 trajectories overall]
[19:31:42]   rollout step 10 task 1/4 gen 4/4 turn 1/8 valid=True db -14.78->-15.22
[19:31:49]   rollout step 10 task 1/4 gen 4/4 turn 2/8 valid=True db -15.22->-16.35
[19:31:58]   rollout step 10 task 1/4 gen 4/4 turn 3/8 valid=True db -16.35->-2.46
[19:32:05]   rollout step 10 task 1/4 gen 4/4 turn 4/8 valid=True db -2.46->-14.81
[19:32:13]   rollout step 10 task 1/4 gen 4/4 turn 5/8 valid=True db -14.81->-2.93
[19:32:13] trajectory done: step 10 task 1/4 gen 4/4 turns=5 reason=patience reward=-2.451  [148/960 trajectories overall]
[19:32:20]   rollout step 10 task 2/4 gen 1/4 turn 1/8 valid=False db -11.33->-11.33
[19:32:26]   rollout step 10 task 2/4 gen 1/4 turn 2/8 valid=True db -11.33->-11.13
[19:32:33]   rollout step 10 task 2/4 gen 1/4 turn 3/8 valid=True db -11.13->-11.32
[19:32:33] trajectory done: step 10 task 2/4 gen 1/4 turns=3 reason=patience reward=-0.004  [149/960 trajectories overall]
[19:32:44]   rollout step 10 task 2/4 gen 2/4 turn 1/8 valid=True db -11.33->-26.56
[19:32:48]   rollout step 10 task 2/4 gen 2/4 turn 2/8 valid=True db -26.56->-8.76
[19:32:55]   rollout step 10 task 2/4 gen 2/4 turn 3/8 valid=True db -8.76->-2.17
[19:33:04]   rollout step 10 task 2/4 gen 2/4 turn 4/8 valid=True db -2.17->-2.17
[19:33:04] trajectory done: step 10 task 2/4 gen 2/4 turns=4 reason=patience reward=7.905  [150/960 trajectories overall]
[19:33:16]   rollout step 10 task 2/4 gen 3/4 turn 1/8 valid=True db -11.33->-11.58
[19:33:23]   rollout step 10 task 2/4 gen 3/4 turn 2/8 valid=True db -11.58->-23.15
[19:33:32]   rollout step 10 task 2/4 gen 3/4 turn 3/8 valid=True db -23.15->-23.79
[19:33:43]   rollout step 10 task 2/4 gen 3/4 turn 4/8 valid=True db -23.79->-11.26
[19:33:49]   rollout step 10 task 2/4 gen 3/4 turn 5/8 valid=True db -11.26->-26.34
[19:33:56]   rollout step 10 task 2/4 gen 3/4 turn 6/8 valid=True db -26.34->-12.28
[19:34:01]   rollout step 10 task 2/4 gen 3/4 turn 7/8 valid=True db -12.28->-12.28
[19:34:01] trajectory done: step 10 task 2/4 gen 3/4 turns=7 reason=stop reward=10.788  [151/960 trajectories overall]
[19:34:09]   rollout step 10 task 2/4 gen 4/4 turn 1/8 valid=True db -11.33->-11.11
[19:34:14]   rollout step 10 task 2/4 gen 4/4 turn 2/8 valid=True db -11.11->-11.32
[19:34:22]   rollout step 10 task 2/4 gen 4/4 turn 3/8 valid=True db -11.32->-10.52
[19:34:22] trajectory done: step 10 task 2/4 gen 4/4 turns=3 reason=patience reward=-0.245  [152/960 trajectories overall]
[19:34:29]   rollout step 10 task 3/4 gen 1/4 turn 1/8 valid=True db -15.53->-16.57
[19:34:34]   rollout step 10 task 3/4 gen 1/4 turn 2/8 valid=True db -16.57->-42.49
[19:34:34] trajectory done: step 10 task 3/4 gen 1/4 turns=2 reason=goal_met reward=26.959  [153/960 trajectories overall]
[19:34:42]   rollout step 10 task 3/4 gen 2/4 turn 1/8 valid=True db -15.53->-29.55
[19:34:49]   rollout step 10 task 3/4 gen 2/4 turn 2/8 valid=True db -29.55->-7.89
[19:34:55]   rollout step 10 task 3/4 gen 2/4 turn 3/8 valid=True db -7.89->-23.15
[19:35:04]   rollout step 10 task 3/4 gen 2/4 turn 4/8 valid=True db -23.15->-15.25
[19:35:04] trajectory done: step 10 task 3/4 gen 2/4 turns=4 reason=patience reward=9.733  [154/960 trajectories overall]
[19:35:15]   rollout step 10 task 3/4 gen 3/4 turn 1/8 valid=True db -15.53->-14.95
[19:35:20]   rollout step 10 task 3/4 gen 3/4 turn 2/8 valid=False db -14.95->-14.95
[19:35:26]   rollout step 10 task 3/4 gen 3/4 turn 3/8 valid=True db -14.95->-11.66
[19:35:26] trajectory done: step 10 task 3/4 gen 3/4 turns=3 reason=patience reward=-1.159  [155/960 trajectories overall]
[19:35:35]   rollout step 10 task 3/4 gen 4/4 turn 1/8 valid=True db -15.53->-13.23
[19:35:41]   rollout step 10 task 3/4 gen 4/4 turn 2/8 valid=True db -13.23->-15.62
[19:35:49]   rollout step 10 task 3/4 gen 4/4 turn 3/8 valid=True db -15.62->-12.58
[19:35:49] trajectory done: step 10 task 3/4 gen 4/4 turns=3 reason=patience reward=-0.819  [156/960 trajectories overall]
[19:35:58]   rollout step 10 task 4/4 gen 1/4 turn 1/8 valid=True db -9.40->-9.60
[19:36:03]   rollout step 10 task 4/4 gen 1/4 turn 2/8 valid=True db -9.60->-8.91
[19:36:08]   rollout step 10 task 4/4 gen 1/4 turn 3/8 valid=True db -8.91->-14.09
[19:36:17]   rollout step 10 task 4/4 gen 1/4 turn 4/8 valid=True db -14.09->-9.36
[19:36:25]   rollout step 10 task 4/4 gen 1/4 turn 5/8 valid=True db -9.36->-13.79
[19:36:34]   rollout step 10 task 4/4 gen 1/4 turn 6/8 valid=True db -13.79->-14.66
[19:36:42]   rollout step 10 task 4/4 gen 1/4 turn 7/8 valid=True db -14.66->-14.38
[19:36:47]   rollout step 10 task 4/4 gen 1/4 turn 8/8 valid=True db -14.38->-14.12
[19:36:47] trajectory done: step 10 task 4/4 gen 1/4 turns=8 reason=max_turns reward=5.102  [157/960 trajectories overall]
[19:36:56]   rollout step 10 task 4/4 gen 2/4 turn 1/8 valid=True db -9.40->-9.56
[19:37:06]   rollout step 10 task 4/4 gen 2/4 turn 2/8 valid=True db -9.56->-9.22
[19:37:17]   rollout step 10 task 4/4 gen 2/4 turn 3/8 valid=True db -9.22->-9.37
[19:37:17] trajectory done: step 10 task 4/4 gen 2/4 turns=3 reason=patience reward=0.108  [158/960 trajectories overall]
[19:37:23]   rollout step 10 task 4/4 gen 3/4 turn 1/8 valid=False db -9.40->-9.40
[19:37:29]   rollout step 10 task 4/4 gen 3/4 turn 2/8 valid=True db -9.40->-8.73
[19:37:34]   rollout step 10 task 4/4 gen 3/4 turn 3/8 valid=True db -8.73->-13.79
[19:37:41]   rollout step 10 task 4/4 gen 3/4 turn 4/8 valid=True db -13.79->-14.49
[19:37:47]   rollout step 10 task 4/4 gen 3/4 turn 5/8 valid=True db -14.49->-10.25
[19:37:53]   rollout step 10 task 4/4 gen 3/4 turn 6/8 valid=True db -10.25->-12.88
[19:38:00]   rollout step 10 task 4/4 gen 3/4 turn 7/8 valid=True db -12.88->-20.01
[19:38:08]   rollout step 10 task 4/4 gen 3/4 turn 8/8 valid=True db -20.01->-18.20
[19:38:08] trajectory done: step 10 task 4/4 gen 3/4 turns=8 reason=max_turns reward=10.068  [159/960 trajectories overall]
[19:38:14]   rollout step 10 task 4/4 gen 4/4 turn 1/8 valid=True db -9.40->-14.21
[19:38:20]   rollout step 10 task 4/4 gen 4/4 turn 2/8 valid=True db -14.21->-18.86
[19:38:29]   rollout step 10 task 4/4 gen 4/4 turn 3/8 valid=True db -18.86->-18.92
[19:38:38]   rollout step 10 task 4/4 gen 4/4 turn 4/8 valid=True db -18.92->-19.02
[19:38:45]   rollout step 10 task 4/4 gen 4/4 turn 5/8 valid=True db -19.02->-19.06
[19:38:57]   rollout step 10 task 4/4 gen 4/4 turn 6/8 valid=True db -19.06->-4.52
[19:39:03]   rollout step 10 task 4/4 gen 4/4 turn 7/8 valid=True db -4.52->-1.53
[19:39:09]   rollout step 10 task 4/4 gen 4/4 turn 8/8 valid=True db -1.53->-1.25
[19:39:09] trajectory done: step 10 task 4/4 gen 4/4 turns=8 reason=patience reward=4.320  [160/960 trajectories overall]
[19:39:16]   gradient pass 20/71 turns backpropagated
[19:39:22]   gradient pass 40/71 turns backpropagated
[19:39:29]   gradient pass 60/71 turns backpropagated
[19:39:33]   gradient pass 71/71 turns backpropagated
[19:39:33] step 10/60 loss=-0.57902 reward_mean=4.420 reward_std=7.255 turns_mean=4.4 goal_met=1/16 stop=1 patience=12
[19:39:34] saved checkpoint to /home/yue1guo2/workspace/qucs-llm-optimizer/outputs/2026-09-09-1810-multiturn-nightly-4x4x60/checkpoint-10
[19:39:44]   rollout step 11 task 1/4 gen 1/4 turn 1/8 valid=True db -17.24->-22.46
[19:39:51]   rollout step 11 task 1/4 gen 1/4 turn 2/8 valid=True db -22.46->-5.62
[19:39:55]   rollout step 11 task 1/4 gen 1/4 turn 3/8 valid=True db -5.62->-20.45
[19:40:01]   rollout step 11 task 1/4 gen 1/4 turn 4/8 valid=True db -20.45->-6.32
[19:40:01] trajectory done: step 11 task 1/4 gen 1/4 turns=4 reason=patience reward=0.380  [161/960 trajectories overall]
[19:40:10]   rollout step 11 task 1/4 gen 2/4 turn 1/8 valid=True db -17.24->-17.63
[19:40:16]   rollout step 11 task 1/4 gen 2/4 turn 2/8 valid=True db -17.63->-17.99
[19:40:28]   rollout step 11 task 1/4 gen 2/4 turn 3/8 valid=True db -17.99->-15.42
[19:40:34]   rollout step 11 task 1/4 gen 2/4 turn 4/8 valid=True db -15.42->-15.11
[19:40:41]   rollout step 11 task 1/4 gen 2/4 turn 5/8 valid=True db -15.11->-13.69
[19:40:41] trajectory done: step 11 task 1/4 gen 2/4 turns=5 reason=patience reward=-0.542  [162/960 trajectories overall]
[19:40:49]   rollout step 11 task 1/4 gen 3/4 turn 1/8 valid=True db -17.24->-17.50
[19:40:55]   rollout step 11 task 1/4 gen 3/4 turn 2/8 valid=True db -17.50->-16.06
[19:41:00]   rollout step 11 task 1/4 gen 3/4 turn 3/8 valid=True db -16.06->-16.27
[19:41:08]   rollout step 11 task 1/4 gen 3/4 turn 4/8 valid=True db -16.27->-32.26
[19:41:08] trajectory done: step 11 task 1/4 gen 3/4 turns=4 reason=goal_met reward=15.023  [163/960 trajectories overall]
[19:41:15]   rollout step 11 task 1/4 gen 4/4 turn 1/8 valid=True db -17.24->-17.50
[19:41:26]   rollout step 11 task 1/4 gen 4/4 turn 2/8 valid=True db -17.50->-17.75
[19:41:36]   rollout step 11 task 1/4 gen 4/4 turn 3/8 valid=True db -17.75->-18.00
[19:41:46]   rollout step 11 task 1/4 gen 4/4 turn 4/8 valid=False db -18.00->-18.00
[19:41:56]   rollout step 11 task 1/4 gen 4/4 turn 5/8 valid=True db -18.00->-17.03
[19:42:00]   rollout step 11 task 1/4 gen 4/4 turn 6/8 valid=True db -17.03->-17.03
[19:42:00] trajectory done: step 11 task 1/4 gen 4/4 turns=6 reason=stop reward=0.466  [164/960 trajectories overall]
[19:42:08]   rollout step 11 task 2/4 gen 1/4 turn 1/8 valid=True db -14.00->-34.58
[19:42:08] trajectory done: step 11 task 2/4 gen 1/4 turns=1 reason=goal_met reward=20.579  [165/960 trajectories overall]
[19:42:15]   rollout step 11 task 2/4 gen 2/4 turn 1/8 valid=True db -14.00->-13.92
[19:42:20]   rollout step 11 task 2/4 gen 2/4 turn 2/8 valid=True db -13.92->-14.00
[19:42:26]   rollout step 11 task 2/4 gen 2/4 turn 3/8 valid=True db -14.00->-13.92
[19:42:26] trajectory done: step 11 task 2/4 gen 2/4 turns=3 reason=patience reward=-0.024  [166/960 trajectories overall]
[19:42:32]   rollout step 11 task 2/4 gen 3/4 turn 1/8 valid=True db -14.00->-14.09
[19:42:37]   rollout step 11 task 2/4 gen 3/4 turn 2/8 valid=True db -14.09->-14.17
[19:42:41]   rollout step 11 task 2/4 gen 3/4 turn 3/8 valid=True db -14.17->-13.79
[19:42:41] trajectory done: step 11 task 2/4 gen 3/4 turns=3 reason=patience reward=0.054  [167/960 trajectories overall]
[19:42:50]   rollout step 11 task 2/4 gen 4/4 turn 1/8 valid=False db -14.00->-14.00
[19:42:56]   rollout step 11 task 2/4 gen 4/4 turn 2/8 valid=True db -14.00->-48.12
[19:42:56] trajectory done: step 11 task 2/4 gen 4/4 turns=2 reason=goal_met reward=34.114  [168/960 trajectories overall]
[19:43:06]   rollout step 11 task 3/4 gen 1/4 turn 1/8 valid=True db -11.05->-11.82
[19:43:14]   rollout step 11 task 3/4 gen 1/4 turn 2/8 valid=True db -11.82->-11.11
[19:43:19]   rollout step 11 task 3/4 gen 1/4 turn 3/8 valid=True db -11.11->-11.26
[19:43:25]   rollout step 11 task 3/4 gen 1/4 turn 4/8 valid=True db -11.26->-11.12
[19:43:25] trajectory done: step 11 task 3/4 gen 1/4 turns=4 reason=patience reward=0.565  [169/960 trajectories overall]
[19:43:33]   rollout step 11 task 3/4 gen 2/4 turn 1/8 valid=True db -11.05->-11.22
[19:43:38]   rollout step 11 task 3/4 gen 2/4 turn 2/8 valid=True db -11.22->-10.94
[19:43:45]   rollout step 11 task 3/4 gen 2/4 turn 3/8 valid=True db -10.94->-10.80
[19:43:45] trajectory done: step 11 task 3/4 gen 2/4 turns=3 reason=patience reward=0.050  [170/960 trajectories overall]
[19:43:48]   rollout step 11 task 3/4 gen 3/4 turn 1/8 valid=False db -11.05->-11.05
[19:43:56]   rollout step 11 task 3/4 gen 3/4 turn 2/8 valid=True db -11.05->-8.44
[19:44:02]   rollout step 11 task 3/4 gen 3/4 turn 3/8 valid=True db -8.44->-8.86
[19:44:02] trajectory done: step 11 task 3/4 gen 3/4 turns=3 reason=patience reward=-0.656  [171/960 trajectories overall]
[19:44:09]   rollout step 11 task 3/4 gen 4/4 turn 1/8 valid=True db -11.05->-18.07
[19:44:16]   rollout step 11 task 3/4 gen 4/4 turn 2/8 valid=True db -18.07->-13.06
[19:44:23]   rollout step 11 task 3/4 gen 4/4 turn 3/8 valid=True db -13.06->-1.50
[19:44:27]   rollout step 11 task 3/4 gen 4/4 turn 4/8 valid=True db -1.50->-1.50
[19:44:27] trajectory done: step 11 task 3/4 gen 4/4 turns=4 reason=stop reward=2.052  [172/960 trajectories overall]
[19:44:36]   rollout step 11 task 4/4 gen 1/4 turn 1/8 valid=True db -20.21->-10.42
[19:44:44]   rollout step 11 task 4/4 gen 1/4 turn 2/8 valid=True db -10.42->-21.99
[19:44:51]   rollout step 11 task 4/4 gen 1/4 turn 3/8 valid=True db -21.99->-12.69
[19:44:57]   rollout step 11 task 4/4 gen 1/4 turn 4/8 valid=True db -12.69->-8.70
[19:45:02]   rollout step 11 task 4/4 gen 1/4 turn 5/8 valid=True db -8.70->-12.23
[19:45:02] trajectory done: step 11 task 4/4 gen 1/4 turns=5 reason=patience reward=-1.146  [173/960 trajectories overall]
[19:45:11]   rollout step 11 task 4/4 gen 2/4 turn 1/8 valid=True db -20.21->-21.22
[19:45:17]   rollout step 11 task 4/4 gen 2/4 turn 2/8 valid=True db -21.22->-12.34
[19:45:21]   rollout step 11 task 4/4 gen 2/4 turn 3/8 valid=True db -12.34->-20.44
[19:45:26]   rollout step 11 task 4/4 gen 2/4 turn 4/8 valid=True db -20.44->-15.22
[19:45:26] trajectory done: step 11 task 4/4 gen 2/4 turns=4 reason=patience reward=-0.788  [174/960 trajectories overall]
[19:45:33]   rollout step 11 task 4/4 gen 3/4 turn 1/8 valid=True db -20.21->-20.82
[19:45:39]   rollout step 11 task 4/4 gen 3/4 turn 2/8 valid=True db -20.82->-11.92
[19:45:44]   rollout step 11 task 4/4 gen 3/4 turn 3/8 valid=True db -11.92->-8.68
[19:45:49]   rollout step 11 task 4/4 gen 3/4 turn 4/8 valid=True db -8.68->-15.69
[19:45:49] trajectory done: step 11 task 4/4 gen 3/4 turns=4 reason=patience reward=-0.933  [175/960 trajectories overall]
[19:45:59]   rollout step 11 task 4/4 gen 4/4 turn 1/8 valid=True db -20.21->-20.82
[19:46:04]   rollout step 11 task 4/4 gen 4/4 turn 2/8 valid=True db -20.82->-43.41
[19:46:04] trajectory done: step 11 task 4/4 gen 4/4 turns=2 reason=goal_met reward=23.204  [176/960 trajectories overall]
[19:46:11]   gradient pass 20/57 turns backpropagated
[19:46:17]   gradient pass 40/57 turns backpropagated
[19:46:23]   gradient pass 57/57 turns backpropagated
[19:46:23] step 11/60 loss=-3.60348 reward_mean=5.775 reward_std=10.684 turns_mean=3.6 goal_met=4/16 stop=2 patience=10
[19:46:32]   rollout step 12 task 1/4 gen 1/4 turn 1/8 valid=True db -13.81->-14.30
[19:46:39]   rollout step 12 task 1/4 gen 1/4 turn 2/8 valid=True db -14.30->-13.84
[19:46:45]   rollout step 12 task 1/4 gen 1/4 turn 3/8 valid=True db -13.84->-14.27
[19:46:52]   rollout step 12 task 1/4 gen 1/4 turn 4/8 valid=True db -14.27->-13.87
[19:46:52] trajectory done: step 12 task 1/4 gen 1/4 turns=4 reason=patience reward=0.362  [177/960 trajectories overall]
[19:47:02]   rollout step 12 task 1/4 gen 2/4 turn 1/8 valid=True db -13.81->-20.49
[19:47:07]   rollout step 12 task 1/4 gen 2/4 turn 2/8 valid=False db -20.49->-20.49
[19:47:12]   rollout step 12 task 1/4 gen 2/4 turn 3/8 valid=True db -20.49->-17.94
[19:47:19]   rollout step 12 task 1/4 gen 2/4 turn 4/8 valid=True db -17.94->-17.94
[19:47:19] trajectory done: step 12 task 1/4 gen 2/4 turns=4 reason=stop reward=5.917  [178/960 trajectories overall]
[19:47:31]   rollout step 12 task 1/4 gen 3/4 turn 1/8 valid=True db -13.81->-20.49
[19:47:38]   rollout step 12 task 1/4 gen 3/4 turn 2/8 valid=False db -20.49->-20.49
[19:47:47]   rollout step 12 task 1/4 gen 3/4 turn 3/8 valid=True db -20.49->-34.58
[19:47:47] trajectory done: step 12 task 1/4 gen 3/4 turns=3 reason=goal_met reward=20.772  [179/960 trajectories overall]
[19:47:56]   rollout step 12 task 1/4 gen 4/4 turn 1/8 valid=True db -13.81->-11.40
[19:48:01]   rollout step 12 task 1/4 gen 4/4 turn 2/8 valid=True db -11.40->-9.94
[19:48:08]   rollout step 12 task 1/4 gen 4/4 turn 3/8 valid=True db -9.94->-11.29
[19:48:08] trajectory done: step 12 task 1/4 gen 4/4 turns=3 reason=patience reward=-0.757  [180/960 trajectories overall]
[19:48:17]   rollout step 12 task 2/4 gen 1/4 turn 1/8 valid=True db -7.58->-8.25
[19:48:22]   rollout step 12 task 2/4 gen 1/4 turn 2/8 valid=False db -8.25->-8.25
[19:48:26]   rollout step 12 task 2/4 gen 1/4 turn 3/8 valid=True db -8.25->-8.46
[19:48:34]   rollout step 12 task 2/4 gen 1/4 turn 4/8 valid=True db -8.46->-11.92
[19:48:42]   rollout step 12 task 2/4 gen 1/4 turn 5/8 valid=True db -11.92->-30.15
[19:48:42] trajectory done: step 12 task 2/4 gen 1/4 turns=5 reason=goal_met reward=22.571  [181/960 trajectories overall]
[19:48:49]   rollout step 12 task 2/4 gen 2/4 turn 1/8 valid=True db -7.58->-8.90
[19:49:00]   rollout step 12 task 2/4 gen 2/4 turn 2/8 valid=True db -8.90->-8.73
[19:49:09]   rollout step 12 task 2/4 gen 2/4 turn 3/8 valid=True db -8.73->-7.93
[19:49:16]   rollout step 12 task 2/4 gen 2/4 turn 4/8 valid=True db -7.93->-7.44
[19:49:16] trajectory done: step 12 task 2/4 gen 2/4 turns=4 reason=patience reward=0.878  [182/960 trajectories overall]
[19:49:28]   rollout step 12 task 2/4 gen 3/4 turn 1/8 valid=True db -7.58->-12.75
[19:49:37]   rollout step 12 task 2/4 gen 3/4 turn 2/8 valid=True db -12.75->-14.81
[19:49:47]   rollout step 12 task 2/4 gen 3/4 turn 3/8 valid=True db -14.81->-1.30
[19:49:55]   rollout step 12 task 2/4 gen 3/4 turn 4/8 valid=True db -1.30->-1.03
[19:50:03]   rollout step 12 task 2/4 gen 3/4 turn 5/8 valid=True db -1.03->-10.45
[19:50:03] trajectory done: step 12 task 2/4 gen 3/4 turns=5 reason=patience reward=5.925  [183/960 trajectories overall]
[19:50:09]   rollout step 12 task 2/4 gen 4/4 turn 1/8 valid=True db -7.58->-10.49
[19:50:14]   rollout step 12 task 2/4 gen 4/4 turn 2/8 valid=True db -10.49->-7.79
[19:50:21]   rollout step 12 task 2/4 gen 4/4 turn 3/8 valid=True db -7.79->-10.30
[19:50:29]   rollout step 12 task 2/4 gen 4/4 turn 4/8 valid=True db -10.30->-7.97
[19:50:29] trajectory done: step 12 task 2/4 gen 4/4 turns=4 reason=patience reward=2.155  [184/960 trajectories overall]
[19:50:35]   rollout step 12 task 3/4 gen 1/4 turn 1/8 valid=True db -5.82->-7.42
[19:50:43]   rollout step 12 task 3/4 gen 1/4 turn 2/8 valid=True db -7.42->-11.43
[19:50:57]   rollout step 12 task 3/4 gen 1/4 turn 3/8 valid=True db -11.43->-14.65
[19:51:05]   rollout step 12 task 3/4 gen 1/4 turn 4/8 valid=True db -14.65->-3.97
[19:51:10]   rollout step 12 task 3/4 gen 1/4 turn 5/8 valid=True db -3.97->-22.50
[19:51:17]   rollout step 12 task 3/4 gen 1/4 turn 6/8 valid=True db -22.50->-4.89
[19:51:21]   rollout step 12 task 3/4 gen 1/4 turn 7/8 valid=True db -4.89->-26.45
[19:51:30]   rollout step 12 task 3/4 gen 1/4 turn 8/8 valid=True db -26.45->-5.79
[19:51:30] trajectory done: step 12 task 3/4 gen 1/4 turns=8 reason=max_turns reward=14.433  [185/960 trajectories overall]
[19:51:38]   rollout step 12 task 3/4 gen 2/4 turn 1/8 valid=True db -5.82->-6.07
[19:51:44]   rollout step 12 task 3/4 gen 2/4 turn 2/8 valid=True db -6.07->-3.65
[19:51:51]   rollout step 12 task 3/4 gen 2/4 turn 3/8 valid=True db -3.65->-3.86
[19:51:57]   rollout step 12 task 3/4 gen 2/4 turn 4/8 valid=True db -3.86->-4.06
[19:51:57] trajectory done: step 12 task 3/4 gen 2/4 turns=4 reason=patience reward=-0.353  [186/960 trajectories overall]
[19:52:03]   rollout step 12 task 3/4 gen 3/4 turn 1/8 valid=False db -5.82->-5.82
[19:52:08]   rollout step 12 task 3/4 gen 3/4 turn 2/8 valid=True db -5.82->-5.39
[19:52:14]   rollout step 12 task 3/4 gen 3/4 turn 3/8 valid=True db -5.39->-8.01
[19:52:28]   rollout step 12 task 3/4 gen 3/4 turn 4/8 valid=True db -8.01->-5.50
[19:52:33]   rollout step 12 task 3/4 gen 3/4 turn 5/8 valid=True db -5.50->-4.18
[19:52:39]   rollout step 12 task 3/4 gen 3/4 turn 6/8 valid=True db -4.18->-4.18
[19:52:39] trajectory done: step 12 task 3/4 gen 3/4 turns=6 reason=stop reward=1.046  [187/960 trajectories overall]
[19:52:47]   rollout step 12 task 3/4 gen 4/4 turn 1/8 valid=True db -5.82->-7.42
[19:52:53]   rollout step 12 task 3/4 gen 4/4 turn 2/8 valid=False db -7.42->-7.42
[19:53:01]   rollout step 12 task 3/4 gen 4/4 turn 3/8 valid=True db -7.42->-10.91
[19:53:07]   rollout step 12 task 3/4 gen 4/4 turn 4/8 valid=True db -10.91->-22.31
[19:53:17]   rollout step 12 task 3/4 gen 4/4 turn 5/8 valid=True db -22.31->-11.68
[19:53:21]   rollout step 12 task 3/4 gen 4/4 turn 6/8 valid=True db -11.68->-11.68
[19:53:21] trajectory done: step 12 task 3/4 gen 4/4 turns=6 reason=stop reward=13.307  [188/960 trajectories overall]
[19:53:31]   rollout step 12 task 4/4 gen 1/4 turn 1/8 valid=True db -10.55->-10.71
[19:53:39]   rollout step 12 task 4/4 gen 1/4 turn 2/8 valid=True db -10.71->-7.16
[19:53:53]   rollout step 12 task 4/4 gen 1/4 turn 3/8 valid=True db -7.16->-6.66
[19:53:53] trajectory done: step 12 task 4/4 gen 1/4 turns=3 reason=patience reward=-1.061  [189/960 trajectories overall]
[19:54:00]   rollout step 12 task 4/4 gen 2/4 turn 1/8 valid=True db -10.55->-10.71
[19:54:06]   rollout step 12 task 4/4 gen 2/4 turn 2/8 valid=True db -10.71->-7.16
[19:54:16]   rollout step 12 task 4/4 gen 2/4 turn 3/8 valid=True db -7.16->-7.21
[19:54:16] trajectory done: step 12 task 4/4 gen 2/4 turns=3 reason=patience reward=-0.896  [190/960 trajectories overall]
[19:54:24]   rollout step 12 task 4/4 gen 3/4 turn 1/8 valid=True db -10.55->-10.82
[19:54:29]   rollout step 12 task 4/4 gen 3/4 turn 2/8 valid=False db -10.82->-10.82
[19:54:35]   rollout step 12 task 4/4 gen 3/4 turn 3/8 valid=True db -10.82->-16.41
[19:54:41]   rollout step 12 task 4/4 gen 3/4 turn 4/8 valid=True db -16.41->-17.11
[19:54:49]   rollout step 12 task 4/4 gen 3/4 turn 5/8 valid=True db -17.11->-17.57
[19:54:55]   rollout step 12 task 4/4 gen 3/4 turn 6/8 valid=True db -17.57->-17.80
[19:55:07]   rollout step 12 task 4/4 gen 3/4 turn 7/8 valid=True db -17.80->-18.16
[19:55:16]   rollout step 12 task 4/4 gen 3/4 turn 8/8 valid=True db -18.16->-4.95
[19:55:16] trajectory done: step 12 task 4/4 gen 3/4 turns=8 reason=max_turns reward=3.645  [191/960 trajectories overall]
[19:55:24]   rollout step 12 task 4/4 gen 4/4 turn 1/8 valid=True db -10.55->-11.00
[19:55:35]   rollout step 12 task 4/4 gen 4/4 turn 2/8 valid=True db -11.00->-11.13
[19:55:47]   rollout step 12 task 4/4 gen 4/4 turn 3/8 valid=True db -11.13->-11.24
[19:55:57]   rollout step 12 task 4/4 gen 4/4 turn 4/8 valid=True db -11.24->-12.91
[19:56:07]   rollout step 12 task 4/4 gen 4/4 turn 5/8 valid=True db -12.91->-12.05
[19:56:13]   rollout step 12 task 4/4 gen 4/4 turn 6/8 valid=True db -12.05->-14.95
[19:56:23]   rollout step 12 task 4/4 gen 4/4 turn 7/8 valid=True db -14.95->-18.12
[19:56:30]   rollout step 12 task 4/4 gen 4/4 turn 8/8 valid=True db -18.12->-35.48
[19:56:30] trajectory done: step 12 task 4/4 gen 4/4 turns=8 reason=goal_met reward=24.924  [192/960 trajectories overall]
[19:56:37]   gradient pass 20/78 turns backpropagated
[19:56:44]   gradient pass 40/78 turns backpropagated
[19:56:50]   gradient pass 60/78 turns backpropagated
[19:56:57]   gradient pass 78/78 turns backpropagated
[19:56:57] step 12/60 loss=5.25365 reward_mean=7.054 reward_std=8.818 turns_mean=4.9 goal_met=3/16 stop=3 patience=8
[19:57:07]   rollout step 13 task 1/4 gen 1/4 turn 1/8 valid=True db -13.28->-9.56
[19:57:15]   rollout step 13 task 1/4 gen 1/4 turn 2/8 valid=True db -9.56->-12.38
[19:57:23]   rollout step 13 task 1/4 gen 1/4 turn 3/8 valid=True db -12.38->-26.35
[19:57:30]   rollout step 13 task 1/4 gen 1/4 turn 4/8 valid=True db -26.35->-17.87
[19:57:36]   rollout step 13 task 1/4 gen 1/4 turn 5/8 valid=True db -17.87->-18.12
[19:57:44]   rollout step 13 task 1/4 gen 1/4 turn 6/8 valid=True db -18.12->-5.25
[19:57:44] trajectory done: step 13 task 1/4 gen 1/4 turns=6 reason=patience reward=6.738  [193/960 trajectories overall]
[19:57:52]   rollout step 13 task 1/4 gen 2/4 turn 1/8 valid=True db -13.28->-12.70
[19:57:57]   rollout step 13 task 1/4 gen 2/4 turn 2/8 valid=True db -12.70->-12.18
[19:58:01]   rollout step 13 task 1/4 gen 2/4 turn 3/8 valid=True db -12.18->-12.67
[19:58:01] trajectory done: step 13 task 1/4 gen 2/4 turns=3 reason=patience reward=-0.184  [194/960 trajectories overall]
[19:58:10]   rollout step 13 task 1/4 gen 3/4 turn 1/8 valid=True db -13.28->-28.56
[19:58:14]   rollout step 13 task 1/4 gen 3/4 turn 2/8 valid=True db -28.56->-2.89
[19:58:23]   rollout step 13 task 1/4 gen 3/4 turn 3/8 valid=True db -2.89->-23.72
[19:58:35]   rollout step 13 task 1/4 gen 3/4 turn 4/8 valid=True db -23.72->-12.99
[19:58:35] trajectory done: step 13 task 1/4 gen 3/4 turns=4 reason=patience reward=10.607  [195/960 trajectories overall]
[19:58:42]   rollout step 13 task 1/4 gen 4/4 turn 1/8 valid=True db -13.28->-28.79
[19:58:49]   rollout step 13 task 1/4 gen 4/4 turn 2/8 valid=True db -28.79->-2.27
[19:58:55]   rollout step 13 task 1/4 gen 4/4 turn 3/8 valid=True db -2.27->-23.57
[19:59:03]   rollout step 13 task 1/4 gen 4/4 turn 4/8 valid=True db -23.57->-15.15
[19:59:03] trajectory done: step 13 task 1/4 gen 4/4 turns=4 reason=patience reward=11.419  [196/960 trajectories overall]
[19:59:12]   rollout step 13 task 2/4 gen 1/4 turn 1/8 valid=True db -11.93->-11.45
[19:59:19]   rollout step 13 task 2/4 gen 1/4 turn 2/8 valid=True db -11.45->-8.30
[19:59:24]   rollout step 13 task 2/4 gen 1/4 turn 3/8 valid=True db -8.30->-12.18
[19:59:32]   rollout step 13 task 2/4 gen 1/4 turn 4/8 valid=True db -12.18->-12.93
[19:59:41]   rollout step 13 task 2/4 gen 1/4 turn 5/8 valid=True db -12.93->-15.85
[19:59:48]   rollout step 13 task 2/4 gen 1/4 turn 6/8 valid=True db -15.85->-15.94
[19:59:54]   rollout step 13 task 2/4 gen 1/4 turn 7/8 valid=True db -15.94->-16.23
[20:00:02]   rollout step 13 task 2/4 gen 1/4 turn 8/8 valid=True db -16.23->-16.71
[20:00:02] trajectory done: step 13 task 2/4 gen 1/4 turns=8 reason=max_turns reward=4.787  [197/960 trajectories overall]
[20:00:08]   rollout step 13 task 2/4 gen 2/4 turn 1/8 valid=True db -11.93->-12.36
[20:00:14]   rollout step 13 task 2/4 gen 2/4 turn 2/8 valid=True db -12.36->-11.92
[20:00:19]   rollout step 13 task 2/4 gen 2/4 turn 3/8 valid=True db -11.92->-12.33
[20:00:27]   rollout step 13 task 2/4 gen 2/4 turn 4/8 valid=True db -12.33->-11.95
[20:00:27] trajectory done: step 13 task 2/4 gen 2/4 turns=4 reason=patience reward=0.310  [198/960 trajectories overall]
[20:00:42]   rollout step 13 task 2/4 gen 3/4 turn 1/8 valid=True db -11.93->-11.94
[20:00:51]   rollout step 13 task 2/4 gen 3/4 turn 2/8 valid=True db -11.94->-10.00
[20:01:03]   rollout step 13 task 2/4 gen 3/4 turn 3/8 valid=True db -10.00->-9.70
[20:01:03] trajectory done: step 13 task 2/4 gen 3/4 turns=3 reason=patience reward=-0.655  [199/960 trajectories overall]
[20:01:08]   rollout step 13 task 2/4 gen 4/4 turn 1/8 valid=False db -11.93->-11.93
[20:01:16]   rollout step 13 task 2/4 gen 4/4 turn 2/8 valid=True db -11.93->-11.52
[20:01:22]   rollout step 13 task 2/4 gen 4/4 turn 3/8 valid=True db -11.52->-11.90
[20:01:22] trajectory done: step 13 task 2/4 gen 4/4 turns=3 reason=patience reward=-0.009  [200/960 trajectories overall]
[20:01:29]   rollout step 13 task 3/4 gen 1/4 turn 1/8 valid=True db -17.08->-10.64
[20:01:33]   rollout step 13 task 3/4 gen 1/4 turn 2/8 valid=True db -10.64->-18.22
[20:01:41]   rollout step 13 task 3/4 gen 1/4 turn 3/8 valid=True db -18.22->-22.25
[20:01:47]   rollout step 13 task 3/4 gen 1/4 turn 4/8 valid=True db -22.25->-15.28
[20:01:53]   rollout step 13 task 3/4 gen 1/4 turn 5/8 valid=True db -15.28->-2.10
[20:01:58]   rollout step 13 task 3/4 gen 1/4 turn 6/8 valid=True db -2.10->-13.98
[20:01:58] trajectory done: step 13 task 3/4 gen 1/4 turns=6 reason=patience reward=2.686  [201/960 trajectories overall]
[20:02:04]   rollout step 13 task 3/4 gen 2/4 turn 1/8 valid=True db -17.08->-17.26
[20:02:10]   rollout step 13 task 3/4 gen 2/4 turn 2/8 valid=True db -17.26->-17.43
[20:02:22]   rollout step 13 task 3/4 gen 2/4 turn 3/8 valid=True db -17.43->-17.58
[20:02:30]   rollout step 13 task 3/4 gen 2/4 turn 4/8 valid=True db -17.58->-16.09
[20:02:36]   rollout step 13 task 3/4 gen 2/4 turn 5/8 valid=True db -16.09->-18.48
[20:02:43]   rollout step 13 task 3/4 gen 2/4 turn 6/8 valid=True db -18.48->-17.80
[20:02:47]   rollout step 13 task 3/4 gen 2/4 turn 7/8 valid=True db -17.80->-19.39
[20:02:53]   rollout step 13 task 3/4 gen 2/4 turn 8/8 valid=True db -19.39->-19.50
[20:02:53] trajectory done: step 13 task 3/4 gen 2/4 turns=8 reason=max_turns reward=2.417  [202/960 trajectories overall]
[20:03:03]   rollout step 13 task 3/4 gen 3/4 turn 1/8 valid=True db -17.08->-17.93
[20:03:08]   rollout step 13 task 3/4 gen 3/4 turn 2/8 valid=False db -17.93->-17.93
[20:03:19]   rollout step 13 task 3/4 gen 3/4 turn 3/8 valid=True db -17.93->-16.76
[20:03:24]   rollout step 13 task 3/4 gen 3/4 turn 4/8 valid=True db -16.76->-16.00
[20:03:24] trajectory done: step 13 task 3/4 gen 3/4 turns=4 reason=patience reward=0.275  [203/960 trajectories overall]
[20:03:31]   rollout step 13 task 3/4 gen 4/4 turn 1/8 valid=True db -17.08->-10.64
[20:03:38]   rollout step 13 task 3/4 gen 4/4 turn 2/8 valid=True db -10.64->-18.22
[20:03:46]   rollout step 13 task 3/4 gen 4/4 turn 3/8 valid=True db -18.22->-15.75
[20:03:54]   rollout step 13 task 3/4 gen 4/4 turn 4/8 valid=True db -15.75->-19.19
[20:04:03]   rollout step 13 task 3/4 gen 4/4 turn 5/8 valid=True db -19.19->-3.56
[20:04:10]   rollout step 13 task 3/4 gen 4/4 turn 6/8 valid=True db -3.56->-17.21
[20:04:17]   rollout step 13 task 3/4 gen 4/4 turn 7/8 valid=True db -17.21->-17.03
[20:04:17] trajectory done: step 13 task 3/4 gen 4/4 turns=7 reason=patience reward=1.460  [204/960 trajectories overall]
[20:04:25]   rollout step 13 task 4/4 gen 1/4 turn 1/8 valid=True db -16.79->-29.96
[20:04:30]   rollout step 13 task 4/4 gen 1/4 turn 2/8 valid=True db -29.96->-13.67
[20:04:34]   rollout step 13 task 4/4 gen 1/4 turn 3/8 valid=True db -13.67->-12.68
[20:04:38]   rollout step 13 task 4/4 gen 1/4 turn 4/8 valid=True db -12.68->-13.59
[20:04:38] trajectory done: step 13 task 4/4 gen 1/4 turns=4 reason=patience reward=8.260  [205/960 trajectories overall]
[20:04:45]   rollout step 13 task 4/4 gen 2/4 turn 1/8 valid=False db -16.79->-16.79
[20:04:54]   rollout step 13 task 4/4 gen 2/4 turn 2/8 valid=True db -16.79->-11.34
[20:05:00]   rollout step 13 task 4/4 gen 2/4 turn 3/8 valid=True db -11.34->-19.53
[20:05:07]   rollout step 13 task 4/4 gen 2/4 turn 4/8 valid=True db -19.53->-11.95
[20:05:11]   rollout step 13 task 4/4 gen 2/4 turn 5/8 valid=True db -11.95->-18.96
[20:05:17]   rollout step 13 task 4/4 gen 2/4 turn 6/8 valid=True db -18.96->-12.46
[20:05:17] trajectory done: step 13 task 4/4 gen 2/4 turns=6 reason=patience reward=0.624  [206/960 trajectories overall]
[20:05:25]   rollout step 13 task 4/4 gen 3/4 turn 1/8 valid=True db -16.79->-17.02
[20:05:33]   rollout step 13 task 4/4 gen 3/4 turn 2/8 valid=True db -17.02->-29.03
[20:05:40]   rollout step 13 task 4/4 gen 3/4 turn 3/8 valid=True db -29.03->-25.87
[20:05:45]   rollout step 13 task 4/4 gen 3/4 turn 4/8 valid=True db -25.87->-38.32
[20:05:45] trajectory done: step 13 task 4/4 gen 3/4 turns=4 reason=goal_met reward=21.534  [207/960 trajectories overall]
[20:05:53]   rollout step 13 task 4/4 gen 4/4 turn 1/8 valid=True db -16.79->-18.74
[20:06:00]   rollout step 13 task 4/4 gen 4/4 turn 2/8 valid=True db -18.74->-3.32
[20:06:06]   rollout step 13 task 4/4 gen 4/4 turn 3/8 valid=True db -3.32->-17.11
[20:06:13]   rollout step 13 task 4/4 gen 4/4 turn 4/8 valid=True db -17.11->-3.92
[20:06:13] trajectory done: step 13 task 4/4 gen 4/4 turns=4 reason=patience reward=-2.494  [208/960 trajectories overall]
[20:06:19]   gradient pass 20/78 turns backpropagated
[20:06:26]   gradient pass 40/78 turns backpropagated
[20:06:33]   gradient pass 60/78 turns backpropagated
[20:06:39]   gradient pass 78/78 turns backpropagated
[20:06:39] step 13/60 loss=1.66263 reward_mean=4.236 reward_std=6.013 turns_mean=4.9 goal_met=1/16 stop=0 patience=13
[20:06:47]   rollout step 14 task 1/4 gen 1/4 turn 1/8 valid=True db -22.20->-24.04
[20:06:53]   rollout step 14 task 1/4 gen 1/4 turn 2/8 valid=True db -24.04->-22.34
[20:06:58]   rollout step 14 task 1/4 gen 1/4 turn 3/8 valid=True db -22.34->-23.94
[20:07:03]   rollout step 14 task 1/4 gen 1/4 turn 4/8 valid=True db -23.94->-22.47
[20:07:03] trajectory done: step 14 task 1/4 gen 1/4 turns=4 reason=patience reward=1.369  [209/960 trajectories overall]
[20:07:17]   rollout step 14 task 1/4 gen 2/4 turn 1/8 valid=True db -22.20->-22.60
[20:07:23]   rollout step 14 task 1/4 gen 2/4 turn 2/8 valid=True db -22.60->-15.87
[20:07:28]   rollout step 14 task 1/4 gen 2/4 turn 3/8 valid=True db -15.87->-24.72
[20:07:35]   rollout step 14 task 1/4 gen 2/4 turn 4/8 valid=True db -24.72->-52.29
[20:07:35] trajectory done: step 14 task 1/4 gen 2/4 turns=4 reason=goal_met reward=30.086  [210/960 trajectories overall]
[20:07:45]   rollout step 14 task 1/4 gen 3/4 turn 1/8 valid=True db -22.20->-24.71
[20:07:56]   rollout step 14 task 1/4 gen 3/4 turn 2/8 valid=True db -24.71->-21.59
[20:08:04]   rollout step 14 task 1/4 gen 3/4 turn 3/8 valid=True db -21.59->-18.03
[20:08:14]   rollout step 14 task 1/4 gen 3/4 turn 4/8 valid=True db -18.03->-20.96
[20:08:14] trajectory done: step 14 task 1/4 gen 3/4 turns=4 reason=patience reward=1.389  [211/960 trajectories overall]
[20:08:20]   rollout step 14 task 1/4 gen 4/4 turn 1/8 valid=True db -22.20->-22.60
[20:08:27]   rollout step 14 task 1/4 gen 4/4 turn 2/8 valid=True db -22.60->-20.65
[20:08:34]   rollout step 14 task 1/4 gen 4/4 turn 3/8 valid=True db -20.65->-18.96
[20:08:38]   rollout step 14 task 1/4 gen 4/4 turn 4/8 valid=True db -18.96->-19.23
[20:08:38] trajectory done: step 14 task 1/4 gen 4/4 turns=4 reason=patience reward=-0.606  [212/960 trajectories overall]
[20:08:49]   rollout step 14 task 2/4 gen 1/4 turn 1/8 valid=True db -15.67->-15.38
[20:08:54]   rollout step 14 task 2/4 gen 1/4 turn 2/8 valid=True db -15.38->-15.65
[20:08:59]   rollout step 14 task 2/4 gen 1/4 turn 3/8 valid=True db -15.65->-15.90
[20:09:06]   rollout step 14 task 2/4 gen 1/4 turn 4/8 valid=True db -15.90->-14.74
[20:09:16]   rollout step 14 task 2/4 gen 1/4 turn 5/8 valid=True db -14.74->-14.54
[20:09:22]   rollout step 14 task 2/4 gen 1/4 turn 6/8 valid=True db -14.54->-14.73
[20:09:22] trajectory done: step 14 task 2/4 gen 1/4 turns=6 reason=patience reward=-0.120  [213/960 trajectories overall]
[20:09:31]   rollout step 14 task 2/4 gen 2/4 turn 1/8 valid=True db -15.67->-16.61
[20:09:37]   rollout step 14 task 2/4 gen 2/4 turn 2/8 valid=True db -16.61->-19.87
[20:09:44]   rollout step 14 task 2/4 gen 2/4 turn 3/8 valid=True db -19.87->-4.02
[20:09:49]   rollout step 14 task 2/4 gen 2/4 turn 4/8 valid=True db -4.02->-17.94
[20:09:57]   rollout step 14 task 2/4 gen 2/4 turn 5/8 valid=True db -17.94->-4.63
[20:09:57] trajectory done: step 14 task 2/4 gen 2/4 turns=5 reason=patience reward=-0.371  [214/960 trajectories overall]
[20:10:03]   rollout step 14 task 2/4 gen 3/4 turn 1/8 valid=True db -15.67->-16.02
[20:10:10]   rollout step 14 task 2/4 gen 3/4 turn 2/8 valid=True db -16.02->-17.68
[20:10:20]   rollout step 14 task 2/4 gen 3/4 turn 3/8 valid=True db -17.68->-17.17
[20:10:34]   rollout step 14 task 2/4 gen 3/4 turn 4/8 valid=True db -17.17->-17.26
[20:10:43]   rollout step 14 task 2/4 gen 3/4 turn 5/8 valid=True db -17.26->-19.45
[20:10:53]   rollout step 14 task 2/4 gen 3/4 turn 6/8 valid=True db -19.45->-21.58
[20:11:02]   rollout step 14 task 2/4 gen 3/4 turn 7/8 valid=True db -21.58->-21.58
[20:11:10]   rollout step 14 task 2/4 gen 3/4 turn 8/8 valid=True db -21.58->-16.27
[20:11:10] trajectory done: step 14 task 2/4 gen 3/4 turns=8 reason=max_turns reward=4.313  [215/960 trajectories overall]
[20:11:21]   rollout step 14 task 2/4 gen 4/4 turn 1/8 valid=False db -15.67->-15.67
[20:11:28]   rollout step 14 task 2/4 gen 4/4 turn 2/8 valid=True db -15.67->-15.09
[20:11:35]   rollout step 14 task 2/4 gen 4/4 turn 3/8 valid=True db -15.09->-18.53
[20:11:44]   rollout step 14 task 2/4 gen 4/4 turn 4/8 valid=True db -18.53->-17.70
[20:11:52]   rollout step 14 task 2/4 gen 4/4 turn 5/8 valid=True db -17.70->-21.81
[20:11:58]   rollout step 14 task 2/4 gen 4/4 turn 6/8 valid=True db -21.81->-21.81
[20:12:03]   rollout step 14 task 2/4 gen 4/4 turn 7/8 valid=True db -21.81->-32.28
[20:12:03] trajectory done: step 14 task 2/4 gen 4/4 turns=7 reason=goal_met reward=16.612  [216/960 trajectories overall]
[20:12:08]   rollout step 14 task 3/4 gen 1/4 turn 1/8 valid=True db -23.50->-16.57
[20:12:13]   rollout step 14 task 3/4 gen 1/4 turn 2/8 valid=True db -16.57->-32.82
[20:12:13] trajectory done: step 14 task 3/4 gen 1/4 turns=2 reason=goal_met reward=9.323  [217/960 trajectories overall]
[20:12:22]   rollout step 14 task 3/4 gen 2/4 turn 1/8 valid=True db -23.50->-22.62
[20:12:28]   rollout step 14 task 3/4 gen 2/4 turn 2/8 valid=True db -22.62->-31.92
[20:12:28] trajectory done: step 14 task 3/4 gen 2/4 turns=2 reason=goal_met reward=8.427  [218/960 trajectories overall]
[20:12:41]   rollout step 14 task 3/4 gen 3/4 turn 1/8 valid=True db -23.50->-23.83
[20:12:49]   rollout step 14 task 3/4 gen 3/4 turn 2/8 valid=True db -23.83->-16.88
[20:12:55]   rollout step 14 task 3/4 gen 3/4 turn 3/8 valid=True db -16.88->-16.88
[20:12:55] trajectory done: step 14 task 3/4 gen 3/4 turns=3 reason=stop reward=-1.748  [219/960 trajectories overall]
[20:13:02]   rollout step 14 task 3/4 gen 4/4 turn 1/8 valid=True db -23.50->-16.57
[20:13:08]   rollout step 14 task 3/4 gen 4/4 turn 2/8 valid=True db -16.57->-24.85
[20:13:15]   rollout step 14 task 3/4 gen 4/4 turn 3/8 valid=True db -24.85->-45.85
[20:13:15] trajectory done: step 14 task 3/4 gen 4/4 turns=3 reason=goal_met reward=22.350  [220/960 trajectories overall]
[20:13:24]   rollout step 14 task 4/4 gen 1/4 turn 1/8 valid=True db -21.25->-25.13
[20:13:29]   rollout step 14 task 4/4 gen 1/4 turn 2/8 valid=True db -25.13->-23.08
[20:13:34]   rollout step 14 task 4/4 gen 1/4 turn 3/8 valid=True db -23.08->-26.26
[20:13:45]   rollout step 14 task 4/4 gen 1/4 turn 4/8 valid=True db -26.26->-25.02
[20:13:51]   rollout step 14 task 4/4 gen 1/4 turn 5/8 valid=True db -25.02->-8.34
[20:13:56]   rollout step 14 task 4/4 gen 1/4 turn 6/8 valid=True db -8.34->-8.34
[20:13:56] trajectory done: step 14 task 4/4 gen 1/4 turns=6 reason=stop reward=-0.361  [221/960 trajectories overall]
[20:14:02]   rollout step 14 task 4/4 gen 2/4 turn 1/8 valid=True db -21.25->-8.19
[20:14:07]   rollout step 14 task 4/4 gen 2/4 turn 2/8 valid=True db -8.19->-23.43
[20:14:14]   rollout step 14 task 4/4 gen 2/4 turn 3/8 valid=True db -23.43->-23.88
[20:14:25]   rollout step 14 task 4/4 gen 2/4 turn 4/8 valid=True db -23.88->-7.19
[20:14:31]   rollout step 14 task 4/4 gen 2/4 turn 5/8 valid=True db -7.19->-21.72
[20:14:39]   rollout step 14 task 4/4 gen 2/4 turn 6/8 valid=True db -21.72->-16.45
[20:14:39] trajectory done: step 14 task 4/4 gen 2/4 turns=6 reason=patience reward=0.407  [222/960 trajectories overall]
[20:14:49]   rollout step 14 task 4/4 gen 3/4 turn 1/8 valid=True db -21.25->-21.57
[20:14:55]   rollout step 14 task 4/4 gen 3/4 turn 2/8 valid=True db -21.57->-21.88
[20:15:03]   rollout step 14 task 4/4 gen 3/4 turn 3/8 valid=True db -21.88->-20.48
[20:15:10]   rollout step 14 task 4/4 gen 3/4 turn 4/8 valid=True db -20.48->-19.96
[20:15:15]   rollout step 14 task 4/4 gen 3/4 turn 5/8 valid=False db -19.96->-19.96
[20:15:15] trajectory done: step 14 task 4/4 gen 3/4 turns=5 reason=patience reward=0.056  [223/960 trajectories overall]
[20:15:21]   rollout step 14 task 4/4 gen 4/4 turn 1/8 valid=True db -21.25->-8.67
[20:15:27]   rollout step 14 task 4/4 gen 4/4 turn 2/8 valid=True db -8.67->-23.49
[20:15:32]   rollout step 14 task 4/4 gen 4/4 turn 3/8 valid=True db -23.49->-9.37
[20:15:37]   rollout step 14 task 4/4 gen 4/4 turn 4/8 valid=True db -9.37->-26.17
[20:15:43]   rollout step 14 task 4/4 gen 4/4 turn 5/8 valid=True db -26.17->-13.56
[20:15:50]   rollout step 14 task 4/4 gen 4/4 turn 6/8 valid=True db -13.56->-23.80
[20:15:56]   rollout step 14 task 4/4 gen 4/4 turn 7/8 valid=True db -23.80->-13.79
[20:15:56] trajectory done: step 14 task 4/4 gen 4/4 turns=7 reason=patience reward=1.209  [224/960 trajectories overall]
[20:16:02]   gradient pass 20/76 turns backpropagated
[20:16:09]   gradient pass 40/76 turns backpropagated
[20:16:16]   gradient pass 60/76 turns backpropagated
[20:16:22]   gradient pass 76/76 turns backpropagated
[20:16:22] step 14/60 loss=1.59608 reward_mean=5.771 reward_std=9.129 turns_mean=4.8 goal_met=5/16 stop=2 patience=8
[20:16:32]   rollout step 15 task 1/4 gen 1/4 turn 1/8 valid=True db -14.10->-15.03
[20:16:39]   rollout step 15 task 1/4 gen 1/4 turn 2/8 valid=True db -15.03->-15.89
[20:16:45]   rollout step 15 task 1/4 gen 1/4 turn 3/8 valid=False db -15.89->-15.89
[20:16:54]   rollout step 15 task 1/4 gen 1/4 turn 4/8 valid=True db -15.89->-16.12
[20:17:00]   rollout step 15 task 1/4 gen 1/4 turn 5/8 valid=True db -16.12->-10.13
[20:17:04]   rollout step 15 task 1/4 gen 1/4 turn 6/8 valid=True db -10.13->-10.13
[20:17:04] trajectory done: step 15 task 1/4 gen 1/4 turns=6 reason=stop reward=0.228  [225/960 trajectories overall]
[20:17:14]   rollout step 15 task 1/4 gen 2/4 turn 1/8 valid=True db -14.10->-26.48
[20:17:21]   rollout step 15 task 1/4 gen 2/4 turn 2/8 valid=True db -26.48->-26.75
[20:17:28]   rollout step 15 task 1/4 gen 2/4 turn 3/8 valid=True db -26.75->-28.46
[20:17:36]   rollout step 15 task 1/4 gen 2/4 turn 4/8 valid=True db -28.46->-27.40
[20:17:40]   rollout step 15 task 1/4 gen 2/4 turn 5/8 valid=True db -27.40->-28.37
[20:17:50]   rollout step 15 task 1/4 gen 2/4 turn 6/8 valid=True db -28.37->-28.18
[20:17:50] trajectory done: step 15 task 1/4 gen 2/4 turns=6 reason=patience reward=14.275  [226/960 trajectories overall]
[20:18:01]   rollout step 15 task 1/4 gen 3/4 turn 1/8 valid=True db -14.10->-13.83
[20:18:08]   rollout step 15 task 1/4 gen 3/4 turn 2/8 valid=True db -13.83->-14.20
[20:18:13]   rollout step 15 task 1/4 gen 3/4 turn 3/8 valid=True db -14.20->-14.42
[20:18:21]   rollout step 15 task 1/4 gen 3/4 turn 4/8 valid=True db -14.42->-13.60
[20:18:26]   rollout step 15 task 1/4 gen 3/4 turn 5/8 valid=True db -13.60->-13.71
[20:18:35]   rollout step 15 task 1/4 gen 3/4 turn 6/8 valid=True db -13.71->-14.00
[20:18:35] trajectory done: step 15 task 1/4 gen 3/4 turns=6 reason=patience reward=0.196  [227/960 trajectories overall]
[20:18:43]   rollout step 15 task 1/4 gen 4/4 turn 1/8 valid=True db -14.10->-9.90
[20:18:49]   rollout step 15 task 1/4 gen 4/4 turn 2/8 valid=True db -9.90->-15.07
[20:18:57]   rollout step 15 task 1/4 gen 4/4 turn 3/8 valid=True db -15.07->-11.44
[20:19:02]   rollout step 15 task 1/4 gen 4/4 turn 4/8 valid=True db -11.44->-16.40
[20:19:08]   rollout step 15 task 1/4 gen 4/4 turn 5/8 valid=True db -16.40->-2.32
[20:19:13]   rollout step 15 task 1/4 gen 4/4 turn 6/8 valid=True db -2.32->-14.55
[20:19:24]   rollout step 15 task 1/4 gen 4/4 turn 7/8 valid=True db -14.55->-14.70
[20:19:24] trajectory done: step 15 task 1/4 gen 4/4 turns=7 reason=patience reward=1.795  [228/960 trajectories overall]
[20:19:28]   rollout step 15 task 2/4 gen 1/4 turn 1/8 valid=True db -15.43->-12.81
[20:19:35]   rollout step 15 task 2/4 gen 1/4 turn 2/8 valid=True db -12.81->-15.16
[20:19:41]   rollout step 15 task 2/4 gen 1/4 turn 3/8 valid=True db -15.16->-16.96
[20:19:48]   rollout step 15 task 2/4 gen 1/4 turn 4/8 valid=True db -16.96->-21.15
[20:19:53]   rollout step 15 task 2/4 gen 1/4 turn 5/8 valid=True db -21.15->-17.65
[20:20:01]   rollout step 15 task 2/4 gen 1/4 turn 6/8 valid=True db -17.65->-17.65
[20:20:01] trajectory done: step 15 task 2/4 gen 1/4 turns=6 reason=stop reward=4.671  [229/960 trajectories overall]
[20:20:07]   rollout step 15 task 2/4 gen 2/4 turn 1/8 valid=False db -15.43->-15.43
[20:20:17]   rollout step 15 task 2/4 gen 2/4 turn 2/8 valid=True db -15.43->-16.93
[20:20:30]   rollout step 15 task 2/4 gen 2/4 turn 3/8 valid=True db -16.93->-15.07
[20:20:35]   rollout step 15 task 2/4 gen 2/4 turn 4/8 valid=True db -15.07->-16.88
[20:20:43]   rollout step 15 task 2/4 gen 2/4 turn 5/8 valid=True db -16.88->-15.74
[20:20:43] trajectory done: step 15 task 2/4 gen 2/4 turns=5 reason=patience reward=1.143  [230/960 trajectories overall]
[20:20:52]   rollout step 15 task 2/4 gen 3/4 turn 1/8 valid=True db -15.43->-24.84
[20:20:57]   rollout step 15 task 2/4 gen 3/4 turn 2/8 valid=True db -24.84->-28.09
[20:21:03]   rollout step 15 task 2/4 gen 3/4 turn 3/8 valid=True db -28.09->-14.94
[20:21:09]   rollout step 15 task 2/4 gen 3/4 turn 4/8 valid=True db -14.94->-1.97
[20:21:13]   rollout step 15 task 2/4 gen 3/4 turn 5/8 valid=True db -1.97->-13.80
[20:21:13] trajectory done: step 15 task 2/4 gen 3/4 turns=5 reason=patience reward=8.376  [231/960 trajectories overall]
[20:21:21]   rollout step 15 task 2/4 gen 4/4 turn 1/8 valid=True db -15.43->-27.79
[20:21:29]   rollout step 15 task 2/4 gen 4/4 turn 2/8 valid=True db -27.79->-25.06
[20:21:35]   rollout step 15 task 2/4 gen 4/4 turn 3/8 valid=True db -25.06->-25.06
[20:21:35] trajectory done: step 15 task 2/4 gen 4/4 turns=3 reason=stop reward=11.547  [232/960 trajectories overall]
[20:21:42]   rollout step 15 task 3/4 gen 1/4 turn 1/8 valid=True db -12.91->-15.71
[20:21:47]   rollout step 15 task 3/4 gen 1/4 turn 2/8 valid=True db -15.71->-19.91
[20:21:51]   rollout step 15 task 3/4 gen 1/4 turn 3/8 valid=False db -19.91->-19.91
[20:21:58]   rollout step 15 task 3/4 gen 1/4 turn 4/8 valid=True db -19.91->-26.77
[20:22:02]   rollout step 15 task 3/4 gen 1/4 turn 5/8 valid=True db -26.77->-8.48
[20:22:07]   rollout step 15 task 3/4 gen 1/4 turn 6/8 valid=True db -8.48->-8.48
[20:22:07] trajectory done: step 15 task 3/4 gen 1/4 turns=6 reason=stop reward=8.373  [233/960 trajectories overall]
[20:22:12]   rollout step 15 task 3/4 gen 2/4 turn 1/8 valid=True db -12.91->-21.63
[20:22:19]   rollout step 15 task 3/4 gen 2/4 turn 2/8 valid=True db -21.63->-44.75
[20:22:19] trajectory done: step 15 task 3/4 gen 2/4 turns=2 reason=goal_met reward=31.837  [234/960 trajectories overall]
[20:22:28]   rollout step 15 task 3/4 gen 3/4 turn 1/8 valid=True db -12.91->-14.64
[20:22:34]   rollout step 15 task 3/4 gen 3/4 turn 2/8 valid=True db -14.64->-2.45
[20:22:42]   rollout step 15 task 3/4 gen 3/4 turn 3/8 valid=True db -2.45->-2.63
[20:22:53]   rollout step 15 task 3/4 gen 3/4 turn 4/8 valid=True db -2.63->-2.87
[20:22:53] trajectory done: step 15 task 3/4 gen 3/4 turns=4 reason=patience reward=-1.805  [235/960 trajectories overall]
[20:23:02]   rollout step 15 task 3/4 gen 4/4 turn 1/8 valid=True db -12.91->-21.04
[20:23:09]   rollout step 15 task 3/4 gen 4/4 turn 2/8 valid=True db -21.04->-9.97
[20:23:17]   rollout step 15 task 3/4 gen 4/4 turn 3/8 valid=True db -9.97->-23.12
[20:23:27]   rollout step 15 task 3/4 gen 4/4 turn 4/8 valid=True db -23.12->-11.07
[20:23:31]   rollout step 15 task 3/4 gen 4/4 turn 5/8 valid=True db -11.07->-25.57
[20:23:39]   rollout step 15 task 3/4 gen 4/4 turn 6/8 valid=True db -25.57->-12.09
[20:23:45]   rollout step 15 task 3/4 gen 4/4 turn 7/8 valid=True db -12.09->-28.60
[20:23:55]   rollout step 15 task 3/4 gen 4/4 turn 8/8 valid=True db -28.60->-13.04
[20:23:55] trajectory done: step 15 task 3/4 gen 4/4 turns=8 reason=max_turns reward=11.019  [236/960 trajectories overall]
[20:24:03]   rollout step 15 task 4/4 gen 1/4 turn 1/8 valid=True db -31.22->-30.14
[20:24:03] trajectory done: step 15 task 4/4 gen 1/4 turns=1 reason=goal_met reward=-0.325  [237/960 trajectories overall]
[20:24:12]   rollout step 15 task 4/4 gen 2/4 turn 1/8 valid=True db -31.22->-30.67
[20:24:12] trajectory done: step 15 task 4/4 gen 2/4 turns=1 reason=goal_met reward=-0.165  [238/960 trajectories overall]
[20:24:21]   rollout step 15 task 4/4 gen 3/4 turn 1/8 valid=True db -31.22->-7.44
[20:24:29]   rollout step 15 task 4/4 gen 3/4 turn 2/8 valid=True db -7.44->-10.14
[20:24:38]   rollout step 15 task 4/4 gen 3/4 turn 3/8 valid=True db -10.14->-10.01
[20:24:38] trajectory done: step 15 task 4/4 gen 3/4 turns=3 reason=patience reward=-6.364  [239/960 trajectories overall]
[20:24:44]   rollout step 15 task 4/4 gen 4/4 turn 1/8 valid=True db -31.22->-20.55
[20:24:51]   rollout step 15 task 4/4 gen 4/4 turn 2/8 valid=True db -20.55->-19.89
[20:24:57]   rollout step 15 task 4/4 gen 4/4 turn 3/8 valid=True db -19.89->-20.30
[20:24:57] trajectory done: step 15 task 4/4 gen 4/4 turns=3 reason=patience reward=-3.275  [240/960 trajectories overall]
[20:25:04]   gradient pass 20/72 turns backpropagated
[20:25:11]   gradient pass 40/72 turns backpropagated
[20:25:17]   gradient pass 60/72 turns backpropagated
[20:25:21]   gradient pass 72/72 turns backpropagated
[20:25:21] step 15/60 loss=-2.13605 reward_mean=5.095 reward_std=8.937 turns_mean=4.5 goal_met=3/16 stop=4 patience=8
[20:25:23] saved checkpoint to /home/yue1guo2/workspace/qucs-llm-optimizer/outputs/2026-09-09-1810-multiturn-nightly-4x4x60/checkpoint-15
[20:25:37]   rollout step 16 task 1/4 gen 1/4 turn 1/8 valid=True db -16.74->-17.18
[20:25:46]   rollout step 16 task 1/4 gen 1/4 turn 2/8 valid=True db -17.18->-17.59
[20:25:52]   rollout step 16 task 1/4 gen 1/4 turn 3/8 valid=True db -17.59->-20.60
[20:26:00]   rollout step 16 task 1/4 gen 1/4 turn 4/8 valid=True db -20.60->-17.75
[20:26:05]   rollout step 16 task 1/4 gen 1/4 turn 5/8 valid=True db -17.75->-17.75
[20:26:05] trajectory done: step 16 task 1/4 gen 1/4 turns=5 reason=stop reward=3.012  [241/960 trajectories overall]
[20:26:10]   rollout step 16 task 1/4 gen 2/4 turn 1/8 valid=True db -16.74->-17.18
[20:26:16]   rollout step 16 task 1/4 gen 2/4 turn 2/8 valid=True db -17.18->-17.59
[20:26:26]   rollout step 16 task 1/4 gen 2/4 turn 3/8 valid=True db -17.59->-17.98
[20:26:36]   rollout step 16 task 1/4 gen 2/4 turn 4/8 valid=True db -17.98->-17.50
[20:26:41]   rollout step 16 task 1/4 gen 2/4 turn 5/8 valid=True db -17.50->-17.14
[20:26:45]   rollout step 16 task 1/4 gen 2/4 turn 6/8 valid=True db -17.14->-17.21
[20:26:45] trajectory done: step 16 task 1/4 gen 2/4 turns=6 reason=patience reward=1.011  [242/960 trajectories overall]
[20:26:54]   rollout step 16 task 1/4 gen 3/4 turn 1/8 valid=True db -16.74->-15.46
[20:26:59]   rollout step 16 task 1/4 gen 3/4 turn 2/8 valid=True db -15.46->-14.52
[20:27:06]   rollout step 16 task 1/4 gen 3/4 turn 3/8 valid=True db -14.52->-15.05
[20:27:06] trajectory done: step 16 task 1/4 gen 3/4 turns=3 reason=patience reward=-0.507  [243/960 trajectories overall]
[20:27:17]   rollout step 16 task 1/4 gen 4/4 turn 1/8 valid=True db -16.74->-16.88
[20:27:27]   rollout step 16 task 1/4 gen 4/4 turn 2/8 valid=True db -16.88->-11.48
[20:27:34]   rollout step 16 task 1/4 gen 4/4 turn 3/8 valid=True db -11.48->-10.95
[20:27:34] trajectory done: step 16 task 1/4 gen 4/4 turns=3 reason=patience reward=-1.636  [244/960 trajectories overall]
[20:27:40]   rollout step 16 task 2/4 gen 1/4 turn 1/8 valid=True db -7.64->-6.16
[20:27:49]   rollout step 16 task 2/4 gen 1/4 turn 2/8 valid=True db -6.16->-8.32
[20:27:56]   rollout step 16 task 2/4 gen 1/4 turn 3/8 valid=True db -8.32->-13.39
[20:28:01]   rollout step 16 task 2/4 gen 1/4 turn 4/8 valid=True db -13.39->-15.88
[20:28:06]   rollout step 16 task 2/4 gen 1/4 turn 5/8 valid=False db -15.88->-15.88
[20:28:13]   rollout step 16 task 2/4 gen 1/4 turn 6/8 valid=True db -15.88->-1.57
[20:28:18]   rollout step 16 task 2/4 gen 1/4 turn 7/8 valid=True db -1.57->-0.31
[20:28:18] trajectory done: step 16 task 2/4 gen 1/4 turns=7 reason=patience reward=3.571  [245/960 trajectories overall]
[20:28:22]   rollout step 16 task 2/4 gen 2/4 turn 1/8 valid=True db -7.64->-5.73
[20:28:26]   rollout step 16 task 2/4 gen 2/4 turn 2/8 valid=True db -5.73->-5.98
[20:28:32]   rollout step 16 task 2/4 gen 2/4 turn 3/8 valid=True db -5.98->-7.79
[20:28:32] trajectory done: step 16 task 2/4 gen 2/4 turns=3 reason=patience reward=0.155  [246/960 trajectories overall]
[20:28:39]   rollout step 16 task 2/4 gen 3/4 turn 1/8 valid=True db -7.64->-8.08
[20:28:45]   rollout step 16 task 2/4 gen 3/4 turn 2/8 valid=True db -8.08->-9.75
[20:28:55]   rollout step 16 task 2/4 gen 3/4 turn 3/8 valid=True db -9.75->-10.44
[20:29:05]   rollout step 16 task 2/4 gen 3/4 turn 4/8 valid=True db -10.44->-10.44
[20:29:14]   rollout step 16 task 2/4 gen 3/4 turn 5/8 valid=True db -10.44->-11.04
[20:29:17]   rollout step 16 task 2/4 gen 3/4 turn 6/8 valid=True db -11.04->-10.48
[20:29:22]   rollout step 16 task 2/4 gen 3/4 turn 7/8 valid=True db -10.48->-11.00
[20:29:29]   rollout step 16 task 2/4 gen 3/4 turn 8/8 valid=True db -11.00->-11.48
[20:29:29] trajectory done: step 16 task 2/4 gen 3/4 turns=8 reason=max_turns reward=3.845  [247/960 trajectories overall]
[20:29:35]   rollout step 16 task 2/4 gen 4/4 turn 1/8 valid=True db -7.64->-8.08
[20:29:41]   rollout step 16 task 2/4 gen 4/4 turn 2/8 valid=True db -8.08->-8.52
[20:29:50]   rollout step 16 task 2/4 gen 4/4 turn 3/8 valid=True db -8.52->-8.93
[20:29:55]   rollout step 16 task 2/4 gen 4/4 turn 4/8 valid=True db -8.93->-7.13
[20:30:02]   rollout step 16 task 2/4 gen 4/4 turn 5/8 valid=True db -7.13->-6.44
[20:30:07]   rollout step 16 task 2/4 gen 4/4 turn 6/8 valid=True db -6.44->-6.66
[20:30:07] trajectory done: step 16 task 2/4 gen 4/4 turns=6 reason=patience reward=0.609  [248/960 trajectories overall]
[20:30:15]   rollout step 16 task 3/4 gen 1/4 turn 1/8 valid=True db -30.40->-9.01
[20:30:21]   rollout step 16 task 3/4 gen 1/4 turn 2/8 valid=True db -9.01->-38.04
[20:30:21] trajectory done: step 16 task 3/4 gen 1/4 turns=2 reason=goal_met reward=7.641  [249/960 trajectories overall]
[20:30:28]   rollout step 16 task 3/4 gen 2/4 turn 1/8 valid=True db -30.40->-15.49
[20:30:32]   rollout step 16 task 3/4 gen 2/4 turn 2/8 valid=True db -15.49->-15.02
[20:30:38]   rollout step 16 task 3/4 gen 2/4 turn 3/8 valid=True db -15.02->-17.71
[20:30:38] trajectory done: step 16 task 3/4 gen 2/4 turns=3 reason=patience reward=-3.807  [250/960 trajectories overall]
[20:30:45]   rollout step 16 task 3/4 gen 3/4 turn 1/8 valid=True db -30.40->-25.50
[20:30:53]   rollout step 16 task 3/4 gen 3/4 turn 2/8 valid=True db -25.50->-21.65
[20:31:00]   rollout step 16 task 3/4 gen 3/4 turn 3/8 valid=True db -21.65->-32.52
[20:31:00] trajectory done: step 16 task 3/4 gen 3/4 turns=3 reason=goal_met reward=2.125  [251/960 trajectories overall]
[20:31:06]   rollout step 16 task 3/4 gen 4/4 turn 1/8 valid=True db -30.40->-9.01
[20:31:10]   rollout step 16 task 3/4 gen 4/4 turn 2/8 valid=True db -9.01->-38.04
[20:31:10] trajectory done: step 16 task 3/4 gen 4/4 turns=2 reason=goal_met reward=7.641  [252/960 trajectories overall]
[20:31:19]   rollout step 16 task 4/4 gen 1/4 turn 1/8 valid=True db -9.61->-13.19
[20:31:28]   rollout step 16 task 4/4 gen 1/4 turn 2/8 valid=True db -13.19->-13.42
[20:31:34]   rollout step 16 task 4/4 gen 1/4 turn 3/8 valid=True db -13.42->-13.62
[20:31:42]   rollout step 16 task 4/4 gen 1/4 turn 4/8 valid=True db -13.62->-14.19
[20:31:49]   rollout step 16 task 4/4 gen 1/4 turn 5/8 valid=True db -14.19->-14.40
[20:31:53]   rollout step 16 task 4/4 gen 1/4 turn 6/8 valid=False db -14.40->-14.40
[20:31:59]   rollout step 16 task 4/4 gen 1/4 turn 7/8 valid=True db -14.40->-14.54
[20:32:07]   rollout step 16 task 4/4 gen 1/4 turn 8/8 valid=True db -14.54->-21.27
[20:32:07] trajectory done: step 16 task 4/4 gen 1/4 turns=8 reason=max_turns reward=11.654  [253/960 trajectories overall]
[20:32:13]   rollout step 16 task 4/4 gen 2/4 turn 1/8 valid=True db -9.61->-9.83
[20:32:19]   rollout step 16 task 4/4 gen 2/4 turn 2/8 valid=True db -9.83->-10.01
[20:32:30]   rollout step 16 task 4/4 gen 2/4 turn 3/8 valid=True db -10.01->-10.52
[20:32:40]   rollout step 16 task 4/4 gen 2/4 turn 4/8 valid=True db -10.52->-10.55
[20:32:51]   rollout step 16 task 4/4 gen 2/4 turn 5/8 valid=True db -10.55->-13.06
[20:32:59]   rollout step 16 task 4/4 gen 2/4 turn 6/8 valid=True db -13.06->-12.32
[20:33:04]   rollout step 16 task 4/4 gen 2/4 turn 7/8 valid=True db -12.32->-13.02
[20:33:11]   rollout step 16 task 4/4 gen 2/4 turn 8/8 valid=True db -13.02->-16.94
[20:33:11] trajectory done: step 16 task 4/4 gen 2/4 turns=8 reason=max_turns reward=7.326  [254/960 trajectories overall]
[20:33:19]   rollout step 16 task 4/4 gen 3/4 turn 1/8 valid=True db -9.61->-9.83
[20:33:27]   rollout step 16 task 4/4 gen 3/4 turn 2/8 valid=True db -9.83->-8.68
[20:33:36]   rollout step 16 task 4/4 gen 3/4 turn 3/8 valid=True db -8.68->-8.85
[20:33:47]   rollout step 16 task 4/4 gen 3/4 turn 4/8 valid=True db -8.85->-10.70
[20:33:52]   rollout step 16 task 4/4 gen 3/4 turn 5/8 valid=True db -10.70->-13.97
[20:33:57]   rollout step 16 task 4/4 gen 3/4 turn 6/8 valid=True db -13.97->-25.29
[20:34:03]   rollout step 16 task 4/4 gen 3/4 turn 7/8 valid=True db -25.29->-14.89
[20:34:08]   rollout step 16 task 4/4 gen 3/4 turn 8/8 valid=True db -14.89->-18.97
[20:34:08] trajectory done: step 16 task 4/4 gen 3/4 turns=8 reason=max_turns reward=13.784  [255/960 trajectories overall]
[20:34:18]   rollout step 16 task 4/4 gen 4/4 turn 1/8 valid=True db -9.61->-9.83
[20:34:25]   rollout step 16 task 4/4 gen 4/4 turn 2/8 valid=True db -9.83->-8.67
[20:34:30]   rollout step 16 task 4/4 gen 4/4 turn 3/8 valid=True db -8.67->-8.91
[20:34:36]   rollout step 16 task 4/4 gen 4/4 turn 4/8 valid=True db -8.91->-11.66
[20:34:48]   rollout step 16 task 4/4 gen 4/4 turn 5/8 valid=True db -11.66->-11.44
[20:34:54]   rollout step 16 task 4/4 gen 4/4 turn 6/8 valid=True db -11.44->-10.99
[20:34:58]   rollout step 16 task 4/4 gen 4/4 turn 7/8 valid=True db -10.99->-13.37
[20:35:04]   rollout step 16 task 4/4 gen 4/4 turn 8/8 valid=True db -13.37->-13.66
[20:35:04] trajectory done: step 16 task 4/4 gen 4/4 turns=8 reason=max_turns reward=4.047  [256/960 trajectories overall]
[20:35:11]   gradient pass 20/83 turns backpropagated
[20:35:18]   gradient pass 40/83 turns backpropagated
[20:35:25]   gradient pass 60/83 turns backpropagated
[20:35:32]   gradient pass 80/83 turns backpropagated
[20:35:33]   gradient pass 83/83 turns backpropagated
[20:35:33] step 16/60 loss=1.81187 reward_mean=3.779 reward_std=4.637 turns_mean=5.2 goal_met=3/16 stop=1 patience=7
[20:35:44]   rollout step 17 task 1/4 gen 1/4 turn 1/8 valid=True db -12.24->-26.08
[20:35:49]   rollout step 17 task 1/4 gen 1/4 turn 2/8 valid=True db -26.08->-17.25
[20:35:55]   rollout step 17 task 1/4 gen 1/4 turn 3/8 valid=True db -17.25->-15.60
[20:35:59]   rollout step 17 task 1/4 gen 1/4 turn 4/8 valid=True db -15.60->-19.41
[20:35:59] trajectory done: step 17 task 1/4 gen 1/4 turns=4 reason=patience reward=11.831  [257/960 trajectories overall]
[20:36:06]   rollout step 17 task 1/4 gen 2/4 turn 1/8 valid=True db -12.24->-12.85
[20:36:12]   rollout step 17 task 1/4 gen 2/4 turn 2/8 valid=False db -12.85->-12.85
[20:36:18]   rollout step 17 task 1/4 gen 2/4 turn 3/8 valid=True db -12.85->-12.77
[20:36:25]   rollout step 17 task 1/4 gen 2/4 turn 4/8 valid=True db -12.77->-12.84
[20:36:25] trajectory done: step 17 task 1/4 gen 2/4 turns=4 reason=patience reward=0.599  [258/960 trajectories overall]
[20:36:36]   rollout step 17 task 1/4 gen 3/4 turn 1/8 valid=True db -12.24->-8.50
[20:36:46]   rollout step 17 task 1/4 gen 3/4 turn 2/8 valid=True db -8.50->-11.47
[20:36:52]   rollout step 17 task 1/4 gen 3/4 turn 3/8 valid=True db -11.47->-28.94
[20:36:59]   rollout step 17 task 1/4 gen 3/4 turn 4/8 valid=True db -28.94->-7.63
[20:37:04]   rollout step 17 task 1/4 gen 3/4 turn 5/8 valid=True db -7.63->-1.00
[20:37:08]   rollout step 17 task 1/4 gen 3/4 turn 6/8 valid=True db -1.00->-6.86
[20:37:08] trajectory done: step 17 task 1/4 gen 3/4 turns=6 reason=patience reward=10.070  [259/960 trajectories overall]
[20:37:17]   rollout step 17 task 1/4 gen 4/4 turn 1/8 valid=True db -12.24->-26.06
[20:37:22]   rollout step 17 task 1/4 gen 4/4 turn 2/8 valid=True db -26.06->-4.29
[20:37:29]   rollout step 17 task 1/4 gen 4/4 turn 3/8 valid=True db -4.29->-4.29
[20:37:29] trajectory done: step 17 task 1/4 gen 4/4 turns=3 reason=stop reward=7.285  [260/960 trajectories overall]
[20:37:38]   rollout step 17 task 2/4 gen 1/4 turn 1/8 valid=True db -16.53->-16.79
[20:37:46]   rollout step 17 task 2/4 gen 1/4 turn 2/8 valid=True db -16.79->-18.95
[20:37:57]   rollout step 17 task 2/4 gen 1/4 turn 3/8 valid=True db -18.95->-18.64
[20:38:02]   rollout step 17 task 2/4 gen 1/4 turn 4/8 valid=True db -18.64->-18.93
[20:38:10]   rollout step 17 task 2/4 gen 1/4 turn 5/8 valid=True db -18.93->-18.66
[20:38:10] trajectory done: step 17 task 2/4 gen 1/4 turns=5 reason=patience reward=2.328  [261/960 trajectories overall]
[20:38:18]   rollout step 17 task 2/4 gen 2/4 turn 1/8 valid=True db -16.53->-18.61
[20:38:24]   rollout step 17 task 2/4 gen 2/4 turn 2/8 valid=True db -18.61->-20.30
[20:38:33]   rollout step 17 task 2/4 gen 2/4 turn 3/8 valid=True db -20.30->-5.60
[20:38:38]   rollout step 17 task 2/4 gen 2/4 turn 4/8 valid=True db -5.60->-18.61
[20:38:46]   rollout step 17 task 2/4 gen 2/4 turn 5/8 valid=True db -18.61->-6.22
[20:38:46] trajectory done: step 17 task 2/4 gen 2/4 turns=5 reason=patience reward=-0.460  [262/960 trajectories overall]
[20:39:00]   rollout step 17 task 2/4 gen 3/4 turn 1/8 valid=True db -16.53->-16.79
[20:39:09]   rollout step 17 task 2/4 gen 3/4 turn 2/8 valid=True db -16.79->-15.73
[20:39:15]   rollout step 17 task 2/4 gen 3/4 turn 3/8 valid=True db -15.73->-15.90
[20:39:23]   rollout step 17 task 2/4 gen 3/4 turn 4/8 valid=True db -15.90->-16.07
[20:39:23] trajectory done: step 17 task 2/4 gen 3/4 turns=4 reason=patience reward=0.040  [263/960 trajectories overall]
[20:39:34]   rollout step 17 task 2/4 gen 4/4 turn 1/8 valid=True db -16.53->-15.91
[20:39:41]   rollout step 17 task 2/4 gen 4/4 turn 2/8 valid=True db -15.91->-18.88
[20:39:52]   rollout step 17 task 2/4 gen 4/4 turn 3/8 valid=True db -18.88->-18.44
[20:39:56]   rollout step 17 task 2/4 gen 4/4 turn 4/8 valid=True db -18.44->-17.81
[20:40:02]   rollout step 17 task 2/4 gen 4/4 turn 5/8 valid=True db -17.81->-20.38
[20:40:07]   rollout step 17 task 2/4 gen 4/4 turn 6/8 valid=True db -20.38->-15.19
[20:40:13]   rollout step 17 task 2/4 gen 4/4 turn 7/8 valid=True db -15.19->-10.85
[20:40:20]   rollout step 17 task 2/4 gen 4/4 turn 8/8 valid=True db -10.85->-9.70
[20:40:20] trajectory done: step 17 task 2/4 gen 4/4 turns=8 reason=patience reward=0.637  [264/960 trajectories overall]
[20:40:35]   rollout step 17 task 3/4 gen 1/4 turn 1/8 valid=True db -4.66->-4.80
[20:40:43]   rollout step 17 task 3/4 gen 1/4 turn 2/8 valid=True db -4.80->-4.92
[20:40:56]   rollout step 17 task 3/4 gen 1/4 turn 3/8 valid=True db -4.92->-4.80
[20:41:02]   rollout step 17 task 3/4 gen 1/4 turn 4/8 valid=True db -4.80->-4.91
[20:41:08]   rollout step 17 task 3/4 gen 1/4 turn 5/8 valid=True db -4.91->-5.01
[20:41:08] trajectory done: step 17 task 3/4 gen 1/4 turns=5 reason=patience reward=0.358  [265/960 trajectories overall]
[20:41:16]   rollout step 17 task 3/4 gen 2/4 turn 1/8 valid=True db -4.66->-4.80
[20:41:23]   rollout step 17 task 3/4 gen 2/4 turn 2/8 valid=True db -4.80->-4.44
[20:41:31]   rollout step 17 task 3/4 gen 2/4 turn 3/8 valid=True db -4.44->-4.32
[20:41:31] trajectory done: step 17 task 3/4 gen 2/4 turns=3 reason=patience reward=-0.003  [266/960 trajectories overall]
[20:41:37]   rollout step 17 task 3/4 gen 3/4 turn 1/8 valid=True db -4.66->-3.92
[20:41:44]   rollout step 17 task 3/4 gen 3/4 turn 2/8 valid=True db -3.92->-4.28
[20:41:51]   rollout step 17 task 3/4 gen 3/4 turn 3/8 valid=True db -4.28->-7.42
[20:42:00]   rollout step 17 task 3/4 gen 3/4 turn 4/8 valid=True db -7.42->-9.00
[20:42:07]   rollout step 17 task 3/4 gen 3/4 turn 5/8 valid=True db -9.00->-9.15
[20:42:17]   rollout step 17 task 3/4 gen 3/4 turn 6/8 valid=True db -9.15->-13.25
[20:42:24]   rollout step 17 task 3/4 gen 3/4 turn 7/8 valid=True db -13.25->-10.79
[20:42:29]   rollout step 17 task 3/4 gen 3/4 turn 8/8 valid=True db -10.79->-13.08
[20:42:29] trajectory done: step 17 task 3/4 gen 3/4 turns=8 reason=max_turns reward=8.541  [267/960 trajectories overall]
[20:42:36]   rollout step 17 task 3/4 gen 4/4 turn 1/8 valid=True db -4.66->-4.22
[20:42:43]   rollout step 17 task 3/4 gen 4/4 turn 2/8 valid=True db -4.22->-4.35
[20:42:54]   rollout step 17 task 3/4 gen 4/4 turn 3/8 valid=True db -4.35->-4.46
[20:42:54] trajectory done: step 17 task 3/4 gen 4/4 turns=3 reason=patience reward=-0.057  [268/960 trajectories overall]
[20:43:02]   rollout step 17 task 4/4 gen 1/4 turn 1/8 valid=False db -9.45->-9.45
[20:43:15]   rollout step 17 task 4/4 gen 1/4 turn 2/8 valid=True db -9.45->-9.21
[20:43:23]   rollout step 17 task 4/4 gen 1/4 turn 3/8 valid=True db -9.21->-9.25
[20:43:23] trajectory done: step 17 task 4/4 gen 1/4 turns=3 reason=patience reward=-0.059  [269/960 trajectories overall]
[20:43:30]   rollout step 17 task 4/4 gen 2/4 turn 1/8 valid=True db -9.45->-10.06
[20:43:38]   rollout step 17 task 4/4 gen 2/4 turn 2/8 valid=True db -10.06->-10.61
[20:43:47]   rollout step 17 task 4/4 gen 2/4 turn 3/8 valid=True db -10.61->-10.68
[20:43:53]   rollout step 17 task 4/4 gen 2/4 turn 4/8 valid=True db -10.68->-10.75
[20:43:59]   rollout step 17 task 4/4 gen 2/4 turn 5/8 valid=True db -10.75->-53.95
[20:43:59] trajectory done: step 17 task 4/4 gen 2/4 turns=5 reason=goal_met reward=40.000  [270/960 trajectories overall]
[20:44:05]   rollout step 17 task 4/4 gen 3/4 turn 1/8 valid=True db -9.45->-9.53
[20:44:11]   rollout step 17 task 4/4 gen 3/4 turn 2/8 valid=True db -9.53->-17.78
[20:44:19]   rollout step 17 task 4/4 gen 3/4 turn 3/8 valid=True db -17.78->-17.58
[20:44:24]   rollout step 17 task 4/4 gen 3/4 turn 4/8 valid=True db -17.58->-17.60
[20:44:34]   rollout step 17 task 4/4 gen 3/4 turn 5/8 valid=True db -17.60->-2.17
[20:44:34] trajectory done: step 17 task 4/4 gen 3/4 turns=5 reason=patience reward=3.642  [271/960 trajectories overall]
[20:44:41]   rollout step 17 task 4/4 gen 4/4 turn 1/8 valid=True db -9.45->-5.74
[20:44:47]   rollout step 17 task 4/4 gen 4/4 turn 2/8 valid=True db -5.74->-4.40
[20:44:57]   rollout step 17 task 4/4 gen 4/4 turn 3/8 valid=True db -4.40->-4.40
[20:44:57] trajectory done: step 17 task 4/4 gen 4/4 turns=3 reason=patience reward=-1.514  [272/960 trajectories overall]
[20:45:03]   gradient pass 20/74 turns backpropagated
[20:45:10]   gradient pass 40/74 turns backpropagated
[20:45:17]   gradient pass 60/74 turns backpropagated
[20:45:22]   gradient pass 74/74 turns backpropagated
[20:45:22] step 17/60 loss=3.23156 reward_mean=5.202 reward_std=9.863 turns_mean=4.6 goal_met=1/16 stop=1 patience=13
[20:45:28]   rollout step 18 task 1/4 gen 1/4 turn 1/8 valid=True db -8.42->-12.54
[20:45:33]   rollout step 18 task 1/4 gen 1/4 turn 2/8 valid=True db -12.54->-23.36
[20:45:37]   rollout step 18 task 1/4 gen 1/4 turn 3/8 valid=False db -23.36->-23.36
[20:45:44]   rollout step 18 task 1/4 gen 1/4 turn 4/8 valid=True db -23.36->-4.01
[20:45:51]   rollout step 18 task 1/4 gen 1/4 turn 5/8 valid=True db -4.01->-4.01
[20:45:51] trajectory done: step 18 task 1/4 gen 1/4 turns=5 reason=stop reward=9.133  [273/960 trajectories overall]
[20:45:56]   rollout step 18 task 1/4 gen 2/4 turn 1/8 valid=False db -8.42->-8.42
[20:46:01]   rollout step 18 task 1/4 gen 2/4 turn 2/8 valid=True db -8.42->-8.23
[20:46:06]   rollout step 18 task 1/4 gen 2/4 turn 3/8 valid=True db -8.23->-8.41
[20:46:06] trajectory done: step 18 task 1/4 gen 2/4 turns=3 reason=patience reward=-0.004  [274/960 trajectories overall]
[20:46:15]   rollout step 18 task 1/4 gen 3/4 turn 1/8 valid=True db -8.42->-9.04
[20:46:23]   rollout step 18 task 1/4 gen 3/4 turn 2/8 valid=True db -9.04->-9.62
[20:46:31]   rollout step 18 task 1/4 gen 3/4 turn 3/8 valid=True db -9.62->-13.00
[20:46:40]   rollout step 18 task 1/4 gen 3/4 turn 4/8 valid=True db -13.00->-28.87
[20:46:50]   rollout step 18 task 1/4 gen 3/4 turn 5/8 valid=True db -28.87->-28.71
[20:46:57]   rollout step 18 task 1/4 gen 3/4 turn 6/8 valid=True db -28.71->-28.86
[20:47:04]   rollout step 18 task 1/4 gen 3/4 turn 7/8 valid=True db -28.86->-11.16
[20:47:04] trajectory done: step 18 task 1/4 gen 3/4 turns=7 reason=patience reward=15.139  [275/960 trajectories overall]
[20:47:08]   rollout step 18 task 1/4 gen 4/4 turn 1/8 valid=False db -8.42->-8.42
[20:47:14]   rollout step 18 task 1/4 gen 4/4 turn 2/8 valid=True db -8.42->-8.62
[20:47:19]   rollout step 18 task 1/4 gen 4/4 turn 3/8 valid=True db -8.62->-5.95
[20:47:19] trajectory done: step 18 task 1/4 gen 4/4 turns=3 reason=patience reward=-0.601  [276/960 trajectories overall]
[20:47:26]   rollout step 18 task 2/4 gen 1/4 turn 1/8 valid=True db -7.79->-7.61
[20:47:31]   rollout step 18 task 2/4 gen 1/4 turn 2/8 valid=True db -7.61->-8.00
[20:47:40]   rollout step 18 task 2/4 gen 1/4 turn 3/8 valid=True db -8.00->-7.36
[20:47:46]   rollout step 18 task 2/4 gen 1/4 turn 4/8 valid=True db -7.36->-7.95
[20:47:54]   rollout step 18 task 2/4 gen 1/4 turn 5/8 valid=True db -7.95->-5.21
[20:47:54] trajectory done: step 18 task 2/4 gen 1/4 turns=5 reason=patience reward=-0.625  [277/960 trajectories overall]
[20:48:00]   rollout step 18 task 2/4 gen 2/4 turn 1/8 valid=True db -7.79->-8.03
[20:48:05]   rollout step 18 task 2/4 gen 2/4 turn 2/8 valid=False db -8.03->-8.03
[20:48:12]   rollout step 18 task 2/4 gen 2/4 turn 3/8 valid=True db -8.03->-11.24
[20:48:22]   rollout step 18 task 2/4 gen 2/4 turn 4/8 valid=True db -11.24->-25.18
[20:48:29]   rollout step 18 task 2/4 gen 2/4 turn 5/8 valid=True db -25.18->-8.48
[20:48:35]   rollout step 18 task 2/4 gen 2/4 turn 6/8 valid=True db -8.48->-8.48
[20:48:35] trajectory done: step 18 task 2/4 gen 2/4 turns=6 reason=stop reward=12.378  [278/960 trajectories overall]
[20:48:44]   rollout step 18 task 2/4 gen 3/4 turn 1/8 valid=True db -7.79->-6.91
[20:48:50]   rollout step 18 task 2/4 gen 3/4 turn 2/8 valid=True db -6.91->-7.39
[20:48:58]   rollout step 18 task 2/4 gen 3/4 turn 3/8 valid=True db -7.39->-7.19
[20:48:58] trajectory done: step 18 task 2/4 gen 3/4 turns=3 reason=patience reward=-0.180  [279/960 trajectories overall]
[20:49:04]   rollout step 18 task 2/4 gen 4/4 turn 1/8 valid=True db -7.79->-7.61
[20:49:09]   rollout step 18 task 2/4 gen 4/4 turn 2/8 valid=True db -7.61->-7.45
[20:49:15]   rollout step 18 task 2/4 gen 4/4 turn 3/8 valid=True db -7.45->-7.60
[20:49:15] trajectory done: step 18 task 2/4 gen 4/4 turns=3 reason=patience reward=-0.057  [280/960 trajectories overall]
[20:49:23]   rollout step 18 task 3/4 gen 1/4 turn 1/8 valid=True db -16.82->-17.71
[20:49:33]   rollout step 18 task 3/4 gen 1/4 turn 2/8 valid=True db -17.71->-31.25
[20:49:33] trajectory done: step 18 task 3/4 gen 1/4 turns=2 reason=goal_met reward=14.430  [281/960 trajectories overall]
[20:49:39]   rollout step 18 task 3/4 gen 2/4 turn 1/8 valid=True db -16.82->-17.71
[20:49:45]   rollout step 18 task 3/4 gen 2/4 turn 2/8 valid=True db -17.71->-31.62
[20:49:45] trajectory done: step 18 task 3/4 gen 2/4 turns=2 reason=goal_met reward=14.798  [282/960 trajectories overall]
[20:49:54]   rollout step 18 task 3/4 gen 3/4 turn 1/8 valid=False db -16.82->-16.82
[20:50:00]   rollout step 18 task 3/4 gen 3/4 turn 2/8 valid=True db -16.82->-16.45
[20:50:07]   rollout step 18 task 3/4 gen 3/4 turn 3/8 valid=True db -16.45->-16.79
[20:50:07] trajectory done: step 18 task 3/4 gen 3/4 turns=3 reason=patience reward=-0.008  [283/960 trajectories overall]
[20:50:16]   rollout step 18 task 3/4 gen 4/4 turn 1/8 valid=True db -16.82->-26.68
[20:50:20]   rollout step 18 task 3/4 gen 4/4 turn 2/8 valid=True db -26.68->-19.53
[20:50:27]   rollout step 18 task 3/4 gen 4/4 turn 3/8 valid=True db -19.53->-15.30
[20:50:32]   rollout step 18 task 3/4 gen 4/4 turn 4/8 valid=True db -15.30->-3.06
[20:50:32] trajectory done: step 18 task 3/4 gen 4/4 turns=4 reason=patience reward=2.772  [284/960 trajectories overall]
[20:50:40]   rollout step 18 task 4/4 gen 1/4 turn 1/8 valid=True db -14.17->-14.41
[20:50:48]   rollout step 18 task 4/4 gen 1/4 turn 2/8 valid=True db -14.41->-14.19
[20:50:52]   rollout step 18 task 4/4 gen 1/4 turn 3/8 valid=True db -14.19->-14.40
[20:50:58]   rollout step 18 task 4/4 gen 1/4 turn 4/8 valid=True db -14.40->-14.21
[20:50:58] trajectory done: step 18 task 4/4 gen 1/4 turns=4 reason=patience reward=0.175  [285/960 trajectories overall]
[20:51:03]   rollout step 18 task 4/4 gen 2/4 turn 1/8 valid=True db -14.17->-14.95
[20:51:10]   rollout step 18 task 4/4 gen 2/4 turn 2/8 valid=True db -14.95->-10.23
[20:51:15]   rollout step 18 task 4/4 gen 2/4 turn 3/8 valid=True db -10.23->-14.62
[20:51:23]   rollout step 18 task 4/4 gen 2/4 turn 4/8 valid=True db -14.62->-14.43
[20:51:23] trajectory done: step 18 task 4/4 gen 2/4 turns=4 reason=patience reward=0.616  [286/960 trajectories overall]
[20:51:29]   rollout step 18 task 4/4 gen 3/4 turn 1/8 valid=True db -14.17->-15.27
[20:51:36]   rollout step 18 task 4/4 gen 3/4 turn 2/8 valid=True db -15.27->-14.26
[20:51:38]   rollout step 18 task 4/4 gen 3/4 turn 3/8 valid=True db -14.26->-14.26
[20:51:38] trajectory done: step 18 task 4/4 gen 3/4 turns=3 reason=stop reward=0.793  [287/960 trajectories overall]
[20:51:46]   rollout step 18 task 4/4 gen 4/4 turn 1/8 valid=True db -14.17->-13.93
[20:51:53]   rollout step 18 task 4/4 gen 4/4 turn 2/8 valid=True db -13.93->-13.71
[20:51:59]   rollout step 18 task 4/4 gen 4/4 turn 3/8 valid=True db -13.71->-13.92
[20:51:59] trajectory done: step 18 task 4/4 gen 4/4 turns=3 reason=patience reward=-0.077  [288/960 trajectories overall]
[20:52:06]   gradient pass 20/60 turns backpropagated
[20:52:13]   gradient pass 40/60 turns backpropagated
[20:52:19]   gradient pass 60/60 turns backpropagated
[20:52:19] step 18/60 loss=1.59562 reward_mean=4.293 reward_std=6.163 turns_mean=3.8 goal_met=2/16 stop=3 patience=11
[20:52:26]   rollout step 19 task 1/4 gen 1/4 turn 1/8 valid=True db -9.63->-14.38
[20:52:34]   rollout step 19 task 1/4 gen 1/4 turn 2/8 valid=True db -14.38->-15.10
[20:52:41]   rollout step 19 task 1/4 gen 1/4 turn 3/8 valid=False db -15.10->-15.10
[20:52:48]   rollout step 19 task 1/4 gen 1/4 turn 4/8 valid=True db -15.10->-11.11
[20:52:53]   rollout step 19 task 1/4 gen 1/4 turn 5/8 valid=True db -11.11->-14.80
[20:52:53] trajectory done: step 19 task 1/4 gen 1/4 turns=5 reason=patience reward=5.381  [289/960 trajectories overall]
[20:53:00]   rollout step 19 task 1/4 gen 2/4 turn 1/8 valid=True db -9.63->-9.98
[20:53:05]   rollout step 19 task 1/4 gen 2/4 turn 2/8 valid=False db -9.98->-9.98
[20:53:12]   rollout step 19 task 1/4 gen 2/4 turn 3/8 valid=True db -9.98->-9.68
[20:53:18]   rollout step 19 task 1/4 gen 2/4 turn 4/8 valid=True db -9.68->-9.96
[20:53:18] trajectory done: step 19 task 1/4 gen 2/4 turns=4 reason=patience reward=0.345  [290/960 trajectories overall]
[20:53:27]   rollout step 19 task 1/4 gen 3/4 turn 1/8 valid=True db -9.63->-9.72
[20:53:35]   rollout step 19 task 1/4 gen 3/4 turn 2/8 valid=True db -9.72->-7.30
[20:53:42]   rollout step 19 task 1/4 gen 3/4 turn 3/8 valid=True db -7.30->-9.56
[20:53:42] trajectory done: step 19 task 1/4 gen 3/4 turns=3 reason=patience reward=0.046  [291/960 trajectories overall]
[20:53:47]   rollout step 19 task 1/4 gen 4/4 turn 1/8 valid=False db -9.63->-9.63
[20:53:52]   rollout step 19 task 1/4 gen 4/4 turn 2/8 valid=True db -9.63->-7.27
[20:53:58]   rollout step 19 task 1/4 gen 4/4 turn 3/8 valid=True db -7.27->-9.47
[20:53:58] trajectory done: step 19 task 1/4 gen 4/4 turns=3 reason=patience reward=-0.047  [292/960 trajectories overall]
[20:54:05]   rollout step 19 task 2/4 gen 1/4 turn 1/8 valid=False db -10.36->-10.36
[20:54:12]   rollout step 19 task 2/4 gen 1/4 turn 2/8 valid=True db -10.36->-14.51
[20:54:22]   rollout step 19 task 2/4 gen 1/4 turn 3/8 valid=True db -14.51->-10.58
[20:54:30]   rollout step 19 task 2/4 gen 1/4 turn 4/8 valid=True db -10.58->-14.14
[20:54:41]   rollout step 19 task 2/4 gen 1/4 turn 5/8 valid=True db -14.14->-16.60
[20:54:51]   rollout step 19 task 2/4 gen 1/4 turn 6/8 valid=True db -16.60->-16.60
[20:54:57]   rollout step 19 task 2/4 gen 1/4 turn 7/8 valid=True db -16.60->-14.46
[20:55:03]   rollout step 19 task 2/4 gen 1/4 turn 8/8 valid=True db -14.46->-10.79
[20:55:03] trajectory done: step 19 task 2/4 gen 1/4 turns=8 reason=patience reward=4.498  [293/960 trajectories overall]
[20:55:11]   rollout step 19 task 2/4 gen 2/4 turn 1/8 valid=True db -10.36->-10.59
[20:55:18]   rollout step 19 task 2/4 gen 2/4 turn 2/8 valid=True db -10.59->-15.32
[20:55:29]   rollout step 19 task 2/4 gen 2/4 turn 3/8 valid=True db -15.32->-15.52
[20:55:39]   rollout step 19 task 2/4 gen 2/4 turn 4/8 valid=True db -15.52->-15.70
[20:55:51]   rollout step 19 task 2/4 gen 2/4 turn 5/8 valid=True db -15.70->-17.15
[20:55:58]   rollout step 19 task 2/4 gen 2/4 turn 6/8 valid=True db -17.15->-16.30
[20:56:03]   rollout step 19 task 2/4 gen 2/4 turn 7/8 valid=True db -16.30->-16.47
[20:56:10]   rollout step 19 task 2/4 gen 2/4 turn 8/8 valid=True db -16.47->-16.31
[20:56:10] trajectory done: step 19 task 2/4 gen 2/4 turns=8 reason=patience reward=6.539  [294/960 trajectories overall]
[20:56:19]   rollout step 19 task 2/4 gen 3/4 turn 1/8 valid=True db -10.36->-11.10
[20:56:25]   rollout step 19 task 2/4 gen 3/4 turn 2/8 valid=True db -11.10->-15.71
[20:56:31]   rollout step 19 task 2/4 gen 3/4 turn 3/8 valid=True db -15.71->-28.07
[20:56:38]   rollout step 19 task 2/4 gen 3/4 turn 4/8 valid=True db -28.07->-6.84
[20:56:44]   rollout step 19 task 2/4 gen 3/4 turn 5/8 valid=True db -6.84->-24.56
[20:56:54]   rollout step 19 task 2/4 gen 3/4 turn 6/8 valid=True db -24.56->-18.95
[20:56:54] trajectory done: step 19 task 2/4 gen 3/4 turns=6 reason=patience reward=14.975  [295/960 trajectories overall]
[20:57:04]   rollout step 19 task 2/4 gen 4/4 turn 1/8 valid=True db -10.36->-7.60
[20:57:12]   rollout step 19 task 2/4 gen 4/4 turn 2/8 valid=True db -7.60->-10.40
[20:57:21]   rollout step 19 task 2/4 gen 4/4 turn 3/8 valid=True db -10.40->-7.83
[20:57:21] trajectory done: step 19 task 2/4 gen 4/4 turns=3 reason=patience reward=-0.728  [296/960 trajectories overall]
[20:57:28]   rollout step 19 task 3/4 gen 1/4 turn 1/8 valid=True db -10.32->-8.05
[20:57:34]   rollout step 19 task 3/4 gen 1/4 turn 2/8 valid=True db -8.05->-8.08
[20:57:41]   rollout step 19 task 3/4 gen 1/4 turn 3/8 valid=True db -8.08->-8.08
[20:57:41] trajectory done: step 19 task 3/4 gen 1/4 turns=3 reason=patience reward=-0.671  [297/960 trajectories overall]
[20:57:47]   rollout step 19 task 3/4 gen 2/4 turn 1/8 valid=True db -10.32->-16.09
[20:57:55]   rollout step 19 task 3/4 gen 2/4 turn 2/8 valid=True db -16.09->-13.78
[20:58:03]   rollout step 19 task 3/4 gen 2/4 turn 3/8 valid=True db -13.78->-17.00
[20:58:09]   rollout step 19 task 3/4 gen 2/4 turn 4/8 valid=False db -17.00->-17.00
[20:58:14]   rollout step 19 task 3/4 gen 2/4 turn 5/8 valid=True db -17.00->-17.11
[20:58:21]   rollout step 19 task 3/4 gen 2/4 turn 6/8 valid=True db -17.11->-2.96
[20:58:21] trajectory done: step 19 task 3/4 gen 2/4 turns=6 reason=patience reward=2.542  [298/960 trajectories overall]
[20:58:27]   rollout step 19 task 3/4 gen 3/4 turn 1/8 valid=True db -10.32->-10.83
[20:58:34]   rollout step 19 task 3/4 gen 3/4 turn 2/8 valid=True db -10.83->-16.30
[20:58:41]   rollout step 19 task 3/4 gen 3/4 turn 3/8 valid=True db -16.30->-18.73
[20:58:50]   rollout step 19 task 3/4 gen 3/4 turn 4/8 valid=True db -18.73->-18.31
[20:59:00]   rollout step 19 task 3/4 gen 3/4 turn 5/8 valid=True db -18.31->-18.10
[20:59:09]   rollout step 19 task 3/4 gen 3/4 turn 6/8 valid=True db -18.10->-18.29
[20:59:09] trajectory done: step 19 task 3/4 gen 3/4 turns=6 reason=patience reward=8.273  [299/960 trajectories overall]
[20:59:18]   rollout step 19 task 3/4 gen 4/4 turn 1/8 valid=True db -10.32->-16.81
[20:59:24]   rollout step 19 task 3/4 gen 4/4 turn 2/8 valid=False db -16.81->-16.81
[20:59:34]   rollout step 19 task 3/4 gen 4/4 turn 3/8 valid=True db -16.81->-20.49
[20:59:41]   rollout step 19 task 3/4 gen 4/4 turn 4/8 valid=True db -20.49->-18.43
[20:59:48]   rollout step 19 task 3/4 gen 4/4 turn 5/8 valid=True db -18.43->-20.35
[20:59:54]   rollout step 19 task 3/4 gen 4/4 turn 6/8 valid=True db -20.35->-17.36
[20:59:54] trajectory done: step 19 task 3/4 gen 4/4 turns=6 reason=patience reward=9.228  [300/960 trajectories overall]
[21:00:03]   rollout step 19 task 4/4 gen 1/4 turn 1/8 valid=True db -12.36->-12.75
[21:00:09]   rollout step 19 task 4/4 gen 1/4 turn 2/8 valid=True db -12.75->-10.84
[21:00:14]   rollout step 19 task 4/4 gen 1/4 turn 3/8 valid=True db -10.84->-11.20
[21:00:23]   rollout step 19 task 4/4 gen 1/4 turn 4/8 valid=True db -11.20->-9.59
[21:00:23] trajectory done: step 19 task 4/4 gen 1/4 turns=4 reason=patience reward=-0.560  [301/960 trajectories overall]
[21:00:26]   rollout step 19 task 4/4 gen 2/4 turn 1/8 valid=False db -12.36->-12.36
[21:00:31]   rollout step 19 task 4/4 gen 2/4 turn 2/8 valid=True db -12.36->-12.49
[21:00:38]   rollout step 19 task 4/4 gen 2/4 turn 3/8 valid=True db -12.49->-12.58
[21:00:48]   rollout step 19 task 4/4 gen 2/4 turn 4/8 valid=True db -12.58->-16.87
[21:00:55]   rollout step 19 task 4/4 gen 2/4 turn 5/8 valid=True db -16.87->-12.86
[21:01:01]   rollout step 19 task 4/4 gen 2/4 turn 6/8 valid=True db -12.86->-18.87
[21:01:08]   rollout step 19 task 4/4 gen 2/4 turn 7/8 valid=True db -18.87->-19.42
[21:01:14]   rollout step 19 task 4/4 gen 2/4 turn 8/8 valid=True db -19.42->-14.24
[21:01:14] trajectory done: step 19 task 4/4 gen 2/4 turns=8 reason=max_turns reward=5.503  [302/960 trajectories overall]
[21:01:20]   rollout step 19 task 4/4 gen 3/4 turn 1/8 valid=True db -12.36->-13.30
[21:01:30]   rollout step 19 task 4/4 gen 3/4 turn 2/8 valid=True db -13.30->-25.14
[21:01:40]   rollout step 19 task 4/4 gen 3/4 turn 3/8 valid=True db -25.14->-24.81
[21:01:48]   rollout step 19 task 4/4 gen 3/4 turn 4/8 valid=True db -24.81->-24.81
[21:01:58]   rollout step 19 task 4/4 gen 3/4 turn 5/8 valid=True db -24.81->-25.09
[21:01:58] trajectory done: step 19 task 4/4 gen 3/4 turns=5 reason=patience reward=12.764  [303/960 trajectories overall]
[21:02:05]   rollout step 19 task 4/4 gen 4/4 turn 1/8 valid=True db -12.36->-21.92
[21:02:11]   rollout step 19 task 4/4 gen 4/4 turn 2/8 valid=True db -21.92->-14.80
[21:02:20]   rollout step 19 task 4/4 gen 4/4 turn 3/8 valid=True db -14.80->-14.58
[21:02:26]   rollout step 19 task 4/4 gen 4/4 turn 4/8 valid=True db -14.58->-14.58
[21:02:26] trajectory done: step 19 task 4/4 gen 4/4 turns=4 reason=stop reward=7.353  [304/960 trajectories overall]
[21:02:33]   gradient pass 20/82 turns backpropagated
[21:02:40]   gradient pass 40/82 turns backpropagated
[21:02:47]   gradient pass 60/82 turns backpropagated
[21:02:54]   gradient pass 80/82 turns backpropagated
[21:02:55]   gradient pass 82/82 turns backpropagated
[21:02:55] step 19/60 loss=2.34051 reward_mean=4.715 reward_std=4.804 turns_mean=5.1 goal_met=0/16 stop=1 patience=14
[21:03:06]   rollout step 20 task 1/4 gen 1/4 turn 1/8 valid=True db -29.61->-28.92
[21:03:13]   rollout step 20 task 1/4 gen 1/4 turn 2/8 valid=True db -28.92->-29.01
[21:03:22]   rollout step 20 task 1/4 gen 1/4 turn 3/8 valid=True db -29.01->-12.42
[21:03:22] trajectory done: step 20 task 1/4 gen 1/4 turns=3 reason=patience reward=-5.155  [305/960 trajectories overall]
[21:03:31]   rollout step 20 task 1/4 gen 2/4 turn 1/8 valid=False db -29.61->-29.61
[21:03:41]   rollout step 20 task 1/4 gen 2/4 turn 2/8 valid=True db -29.61->-29.02
[21:03:50]   rollout step 20 task 1/4 gen 2/4 turn 3/8 valid=True db -29.02->-29.23
[21:03:50] trajectory done: step 20 task 1/4 gen 2/4 turns=3 reason=patience reward=-0.112  [306/960 trajectories overall]
[21:03:57]   rollout step 20 task 1/4 gen 3/4 turn 1/8 valid=True db -29.61->-28.98
[21:04:01]   rollout step 20 task 1/4 gen 3/4 turn 2/8 valid=True db -28.98->-29.56
[21:04:07]   rollout step 20 task 1/4 gen 3/4 turn 3/8 valid=True db -29.56->-29.02
[21:04:07] trajectory done: step 20 task 1/4 gen 3/4 turns=3 reason=patience reward=-0.176  [307/960 trajectories overall]
[21:04:14]   rollout step 20 task 1/4 gen 4/4 turn 1/8 valid=True db -29.61->-29.99
[21:04:19]   rollout step 20 task 1/4 gen 4/4 turn 2/8 valid=True db -29.99->-24.07
[21:04:24]   rollout step 20 task 1/4 gen 4/4 turn 3/8 valid=True db -24.07->-23.09
[21:04:30]   rollout step 20 task 1/4 gen 4/4 turn 4/8 valid=True db -23.09->-23.99
[21:04:30] trajectory done: step 20 task 1/4 gen 4/4 turns=4 reason=patience reward=-1.418  [308/960 trajectories overall]
[21:04:37]   rollout step 20 task 2/4 gen 1/4 turn 1/8 valid=True db -16.50->-15.99
[21:04:41]   rollout step 20 task 2/4 gen 1/4 turn 2/8 valid=True db -15.99->-16.51
[21:04:52]   rollout step 20 task 2/4 gen 1/4 turn 3/8 valid=True db -16.51->-16.12
[21:04:52] trajectory done: step 20 task 2/4 gen 1/4 turns=3 reason=patience reward=-0.104  [309/960 trajectories overall]
[21:04:58]   rollout step 20 task 2/4 gen 2/4 turn 1/8 valid=True db -16.50->-14.03
[21:05:05]   rollout step 20 task 2/4 gen 2/4 turn 2/8 valid=True db -14.03->-10.53
[21:05:13]   rollout step 20 task 2/4 gen 2/4 turn 3/8 valid=True db -10.53->-2.93
[21:05:13] trajectory done: step 20 task 2/4 gen 2/4 turns=3 reason=patience reward=-4.070  [310/960 trajectories overall]
[21:05:20]   rollout step 20 task 2/4 gen 3/4 turn 1/8 valid=True db -16.50->-13.81
[21:05:28]   rollout step 20 task 2/4 gen 3/4 turn 2/8 valid=True db -13.81->-2.58
[21:05:34]   rollout step 20 task 2/4 gen 3/4 turn 3/8 valid=True db -2.58->-16.09
[21:05:34] trajectory done: step 20 task 2/4 gen 3/4 turns=3 reason=patience reward=-0.120  [311/960 trajectories overall]
[21:05:43]   rollout step 20 task 2/4 gen 4/4 turn 1/8 valid=True db -16.50->-16.58
[21:05:49]   rollout step 20 task 2/4 gen 4/4 turn 2/8 valid=True db -16.58->-16.50
[21:05:54]   rollout step 20 task 2/4 gen 4/4 turn 3/8 valid=True db -16.50->-16.58
[21:05:54] trajectory done: step 20 task 2/4 gen 4/4 turns=3 reason=patience reward=0.087  [312/960 trajectories overall]
[21:06:00]   rollout step 20 task 3/4 gen 1/4 turn 1/8 valid=True db -17.38->-18.56
[21:06:05]   rollout step 20 task 3/4 gen 1/4 turn 2/8 valid=True db -18.56->-2.61
[21:06:11]   rollout step 20 task 3/4 gen 1/4 turn 3/8 valid=True db -2.61->-23.90
[21:06:16]   rollout step 20 task 3/4 gen 1/4 turn 4/8 valid=True db -23.90->-3.73
[21:06:21]   rollout step 20 task 3/4 gen 1/4 turn 5/8 valid=True db -3.73->-21.43
[21:06:26]   rollout step 20 task 3/4 gen 1/4 turn 6/8 valid=True db -21.43->-20.83
[21:06:26] trajectory done: step 20 task 3/4 gen 1/4 turns=6 reason=patience reward=5.594  [313/960 trajectories overall]
[21:06:33]   rollout step 20 task 3/4 gen 2/4 turn 1/8 valid=True db -17.38->-18.34
[21:06:38]   rollout step 20 task 3/4 gen 2/4 turn 2/8 valid=False db -18.34->-18.34
[21:06:47]   rollout step 20 task 3/4 gen 2/4 turn 3/8 valid=True db -18.34->-17.98
[21:06:52]   rollout step 20 task 3/4 gen 2/4 turn 4/8 valid=True db -17.98->-17.98
[21:06:52] trajectory done: step 20 task 3/4 gen 2/4 turns=4 reason=stop reward=0.849  [314/960 trajectories overall]
[21:07:00]   rollout step 20 task 3/4 gen 3/4 turn 1/8 valid=True db -17.38->-18.34
[21:07:07]   rollout step 20 task 3/4 gen 3/4 turn 2/8 valid=True db -18.34->-2.33
[21:07:15]   rollout step 20 task 3/4 gen 3/4 turn 3/8 valid=True db -2.33->-2.57
[21:07:26]   rollout step 20 task 3/4 gen 3/4 turn 4/8 valid=True db -2.57->-2.50
[21:07:26] trajectory done: step 20 task 3/4 gen 3/4 turns=4 reason=patience reward=-3.795  [315/960 trajectories overall]
[21:07:34]   rollout step 20 task 3/4 gen 4/4 turn 1/8 valid=True db -17.38->-17.26
[21:07:40]   rollout step 20 task 3/4 gen 4/4 turn 2/8 valid=True db -17.26->-15.20
[21:07:45]   rollout step 20 task 3/4 gen 4/4 turn 3/8 valid=True db -15.20->-25.90
[21:07:54]   rollout step 20 task 3/4 gen 4/4 turn 4/8 valid=True db -25.90->-38.34
[21:07:54] trajectory done: step 20 task 3/4 gen 4/4 turns=4 reason=goal_met reward=20.952  [316/960 trajectories overall]
[21:08:04]   rollout step 20 task 4/4 gen 1/4 turn 1/8 valid=True db -16.25->-21.18
[21:08:12]   rollout step 20 task 4/4 gen 1/4 turn 2/8 valid=True db -21.18->-16.56
[21:08:16]   rollout step 20 task 4/4 gen 1/4 turn 3/8 valid=True db -16.56->-20.81
[21:08:25]   rollout step 20 task 4/4 gen 1/4 turn 4/8 valid=True db -20.81->-19.59
[21:08:25] trajectory done: step 20 task 4/4 gen 1/4 turns=4 reason=patience reward=4.452  [317/960 trajectories overall]
[21:08:30]   rollout step 20 task 4/4 gen 2/4 turn 1/8 valid=True db -16.25->-16.84
[21:08:37]   rollout step 20 task 4/4 gen 2/4 turn 2/8 valid=True db -16.84->-17.33
[21:08:44]   rollout step 20 task 4/4 gen 2/4 turn 3/8 valid=True db -17.33->-20.47
[21:08:51]   rollout step 20 task 4/4 gen 2/4 turn 4/8 valid=True db -20.47->-19.13
[21:08:55]   rollout step 20 task 4/4 gen 2/4 turn 5/8 valid=True db -19.13->-20.95
[21:09:02]   rollout step 20 task 4/4 gen 2/4 turn 6/8 valid=True db -20.95->-21.33
[21:09:10]   rollout step 20 task 4/4 gen 2/4 turn 7/8 valid=True db -21.33->-21.33
[21:09:15]   rollout step 20 task 4/4 gen 2/4 turn 8/8 valid=True db -21.33->-21.63
[21:09:15] trajectory done: step 20 task 4/4 gen 2/4 turns=8 reason=max_turns reward=5.380  [318/960 trajectories overall]
[21:09:23]   rollout step 20 task 4/4 gen 3/4 turn 1/8 valid=True db -16.25->-16.84
[21:09:29]   rollout step 20 task 4/4 gen 3/4 turn 2/8 valid=True db -16.84->-12.72
[21:09:33]   rollout step 20 task 4/4 gen 3/4 turn 3/8 valid=True db -12.72->-16.54
[21:09:40]   rollout step 20 task 4/4 gen 3/4 turn 4/8 valid=True db -16.54->-13.00
[21:09:40] trajectory done: step 20 task 4/4 gen 3/4 turns=4 reason=patience reward=-0.567  [319/960 trajectories overall]
[21:09:45]   rollout step 20 task 4/4 gen 4/4 turn 1/8 valid=True db -16.25->-27.04
[21:09:53]   rollout step 20 task 4/4 gen 4/4 turn 2/8 valid=True db -27.04->-4.16
[21:09:57]   rollout step 20 task 4/4 gen 4/4 turn 3/8 valid=True db -4.16->-4.16
[21:09:57] trajectory done: step 20 task 4/4 gen 4/4 turns=3 reason=stop reward=3.926  [320/960 trajectories overall]
[21:10:04]   gradient pass 20/62 turns backpropagated
[21:10:10]   gradient pass 40/62 turns backpropagated
[21:10:17]   gradient pass 60/62 turns backpropagated
[21:10:17]   gradient pass 62/62 turns backpropagated
[21:10:17] step 20/60 loss=0.09968 reward_mean=1.608 reward_std=5.883 turns_mean=3.9 goal_met=1/16 stop=2 patience=12
[21:10:20] saved checkpoint to /home/yue1guo2/workspace/qucs-llm-optimizer/outputs/2026-09-09-1810-multiturn-nightly-4x4x60/checkpoint-20
[21:10:29]   rollout step 21 task 1/4 gen 1/4 turn 1/8 valid=True db -7.08->-7.62
[21:10:35]   rollout step 21 task 1/4 gen 1/4 turn 2/8 valid=True db -7.62->-8.51
[21:10:41]   rollout step 21 task 1/4 gen 1/4 turn 3/8 valid=True db -8.51->-9.44
[21:10:48]   rollout step 21 task 1/4 gen 1/4 turn 4/8 valid=True db -9.44->-9.32
[21:10:56]   rollout step 21 task 1/4 gen 1/4 turn 5/8 valid=True db -9.32->-12.00
[21:11:10]   rollout step 21 task 1/4 gen 1/4 turn 6/8 valid=True db -12.00->-14.82
[21:11:21]   rollout step 21 task 1/4 gen 1/4 turn 7/8 valid=True db -14.82->-12.22
[21:11:28]   rollout step 21 task 1/4 gen 1/4 turn 8/8 valid=True db -12.22->-11.68
[21:11:28] trajectory done: step 21 task 1/4 gen 1/4 turns=8 reason=max_turns reward=6.795  [321/960 trajectories overall]
[21:11:35]   rollout step 21 task 1/4 gen 2/4 turn 1/8 valid=False db -7.08->-7.08
[21:11:41]   rollout step 21 task 1/4 gen 2/4 turn 2/8 valid=True db -7.08->-9.82
[21:11:47]   rollout step 21 task 1/4 gen 2/4 turn 3/8 valid=False db -9.82->-9.82
[21:11:54]   rollout step 21 task 1/4 gen 2/4 turn 4/8 valid=True db -9.82->-8.32
[21:12:00]   rollout step 21 task 1/4 gen 2/4 turn 5/8 valid=True db -8.32->-7.82
[21:12:00] trajectory done: step 21 task 1/4 gen 2/4 turns=5 reason=patience reward=2.144  [322/960 trajectories overall]
[21:12:06]   rollout step 21 task 1/4 gen 3/4 turn 1/8 valid=True db -7.08->-7.01
[21:12:13]   rollout step 21 task 1/4 gen 3/4 turn 2/8 valid=True db -7.01->-5.80
[21:12:19]   rollout step 21 task 1/4 gen 3/4 turn 3/8 valid=True db -5.80->-5.77
[21:12:19] trajectory done: step 21 task 1/4 gen 3/4 turns=3 reason=patience reward=-0.393  [323/960 trajectories overall]
[21:12:30]   rollout step 21 task 1/4 gen 4/4 turn 1/8 valid=True db -7.08->-10.20
[21:12:35]   rollout step 21 task 1/4 gen 4/4 turn 2/8 valid=False db -10.20->-10.20
[21:12:46]   rollout step 21 task 1/4 gen 4/4 turn 3/8 valid=True db -10.20->-35.40
[21:12:46] trajectory done: step 21 task 1/4 gen 4/4 turns=3 reason=goal_met reward=28.324  [324/960 trajectories overall]
[21:12:54]   rollout step 21 task 2/4 gen 1/4 turn 1/8 valid=True db -15.85->-8.73
[21:12:59]   rollout step 21 task 2/4 gen 1/4 turn 2/8 valid=True db -8.73->-15.01
[21:13:05]   rollout step 21 task 2/4 gen 1/4 turn 3/8 valid=True db -15.01->-9.28
[21:13:05] trajectory done: step 21 task 2/4 gen 1/4 turns=3 reason=patience reward=-1.971  [325/960 trajectories overall]
[21:13:20]   rollout step 21 task 2/4 gen 2/4 turn 1/8 valid=True db -15.85->-24.17
[21:13:33]   rollout step 21 task 2/4 gen 2/4 turn 2/8 valid=True db -24.17->-23.39
[21:13:39]   rollout step 21 task 2/4 gen 2/4 turn 3/8 valid=True db -23.39->-25.24
[21:13:46]   rollout step 21 task 2/4 gen 2/4 turn 4/8 valid=True db -25.24->-28.88
[21:13:57]   rollout step 21 task 2/4 gen 2/4 turn 5/8 valid=True db -28.88->-29.15
[21:14:04]   rollout step 21 task 2/4 gen 2/4 turn 6/8 valid=True db -29.15->-28.90
[21:14:10]   rollout step 21 task 2/4 gen 2/4 turn 7/8 valid=True db -28.90->-28.68
[21:14:17]   rollout step 21 task 2/4 gen 2/4 turn 8/8 valid=True db -28.68->-28.89
[21:14:17] trajectory done: step 21 task 2/4 gen 2/4 turns=8 reason=patience reward=13.218  [326/960 trajectories overall]
[21:14:24]   rollout step 21 task 2/4 gen 3/4 turn 1/8 valid=True db -15.85->-15.96
[21:14:31]   rollout step 21 task 2/4 gen 3/4 turn 2/8 valid=True db -15.96->-16.06
[21:14:35]   rollout step 21 task 2/4 gen 3/4 turn 3/8 valid=False db -16.06->-16.06
[21:14:41]   rollout step 21 task 2/4 gen 3/4 turn 4/8 valid=True db -16.06->-22.35
[21:14:47]   rollout step 21 task 2/4 gen 3/4 turn 5/8 valid=True db -22.35->-16.44
[21:14:53]   rollout step 21 task 2/4 gen 3/4 turn 6/8 valid=True db -16.44->-15.50
[21:15:00]   rollout step 21 task 2/4 gen 3/4 turn 7/8 valid=False db -15.50->-15.50
[21:15:00] trajectory done: step 21 task 2/4 gen 3/4 turns=7 reason=patience reward=4.449  [327/960 trajectories overall]
[21:15:10]   rollout step 21 task 2/4 gen 4/4 turn 1/8 valid=True db -15.85->-15.75
[21:15:16]   rollout step 21 task 2/4 gen 4/4 turn 2/8 valid=True db -15.75->-15.84
[21:15:24]   rollout step 21 task 2/4 gen 4/4 turn 3/8 valid=True db -15.84->-15.75
[21:15:24] trajectory done: step 21 task 2/4 gen 4/4 turns=3 reason=patience reward=-0.029  [328/960 trajectories overall]
[21:15:37]   rollout step 21 task 3/4 gen 1/4 turn 1/8 valid=True db -16.76->-16.93
[21:15:44]   rollout step 21 task 3/4 gen 1/4 turn 2/8 valid=True db -16.93->-16.25
[21:15:49]   rollout step 21 task 3/4 gen 1/4 turn 3/8 valid=True db -16.25->-16.35
[21:15:49] trajectory done: step 21 task 3/4 gen 1/4 turns=3 reason=patience reward=-0.004  [329/960 trajectories overall]
[21:15:56]   rollout step 21 task 3/4 gen 2/4 turn 1/8 valid=True db -16.76->-13.39
[21:16:01]   rollout step 21 task 3/4 gen 2/4 turn 2/8 valid=True db -13.39->-1.40
[21:16:07]   rollout step 21 task 3/4 gen 2/4 turn 3/8 valid=True db -1.40->-1.44
[21:16:07] trajectory done: step 21 task 3/4 gen 2/4 turns=3 reason=patience reward=-4.597  [330/960 trajectories overall]
[21:16:12]   rollout step 21 task 3/4 gen 3/4 turn 1/8 valid=False db -16.76->-16.76
[21:16:21]   rollout step 21 task 3/4 gen 3/4 turn 2/8 valid=True db -16.76->-16.61
[21:16:26]   rollout step 21 task 3/4 gen 3/4 turn 3/8 valid=True db -16.61->-16.75
[21:16:26] trajectory done: step 21 task 3/4 gen 3/4 turns=3 reason=patience reward=-0.003  [331/960 trajectories overall]
[21:16:36]   rollout step 21 task 3/4 gen 4/4 turn 1/8 valid=True db -16.76->-16.29
[21:16:45]   rollout step 21 task 3/4 gen 4/4 turn 2/8 valid=True db -16.29->-9.83
[21:16:50]   rollout step 21 task 3/4 gen 4/4 turn 3/8 valid=True db -9.83->-18.95
[21:16:56]   rollout step 21 task 3/4 gen 4/4 turn 4/8 valid=True db -18.95->-10.49
[21:17:04]   rollout step 21 task 3/4 gen 4/4 turn 5/8 valid=True db -10.49->-10.71
[21:17:15]   rollout step 21 task 3/4 gen 4/4 turn 6/8 valid=True db -10.71->-8.92
[21:17:15] trajectory done: step 21 task 3/4 gen 4/4 turns=6 reason=patience reward=-0.819  [332/960 trajectories overall]
[21:17:23]   rollout step 21 task 4/4 gen 1/4 turn 1/8 valid=True db -12.08->-16.30
[21:17:28]   rollout step 21 task 4/4 gen 1/4 turn 2/8 valid=False db -16.30->-16.30
[21:17:34]   rollout step 21 task 4/4 gen 1/4 turn 3/8 valid=True db -16.30->-21.75
[21:17:42]   rollout step 21 task 4/4 gen 1/4 turn 4/8 valid=True db -21.75->-29.86
[21:17:49]   rollout step 21 task 4/4 gen 1/4 turn 5/8 valid=True db -29.86->-18.77
[21:17:53]   rollout step 21 task 4/4 gen 1/4 turn 6/8 valid=True db -18.77->-18.77
[21:17:53] trajectory done: step 21 task 4/4 gen 1/4 turns=6 reason=stop reward=14.455  [333/960 trajectories overall]
[21:18:00]   rollout step 21 task 4/4 gen 2/4 turn 1/8 valid=False db -12.08->-12.08
[21:18:06]   rollout step 21 task 4/4 gen 2/4 turn 2/8 valid=True db -12.08->-8.94
[21:18:11]   rollout step 21 task 4/4 gen 2/4 turn 3/8 valid=True db -8.94->-11.89
[21:18:11] trajectory done: step 21 task 4/4 gen 2/4 turns=3 reason=patience reward=-0.058  [334/960 trajectories overall]
[21:18:22]   rollout step 21 task 4/4 gen 3/4 turn 1/8 valid=True db -12.08->-13.34
[21:18:33]   rollout step 21 task 4/4 gen 3/4 turn 2/8 valid=True db -13.34->-12.79
[21:18:39]   rollout step 21 task 4/4 gen 3/4 turn 3/8 valid=True db -12.79->-13.34
[21:18:50]   rollout step 21 task 4/4 gen 3/4 turn 4/8 valid=True db -13.34->-14.34
[21:18:58]   rollout step 21 task 4/4 gen 3/4 turn 5/8 valid=True db -14.34->-15.30
[21:19:04]   rollout step 21 task 4/4 gen 3/4 turn 6/8 valid=True db -15.30->-15.20
[21:19:10]   rollout step 21 task 4/4 gen 3/4 turn 7/8 valid=True db -15.20->-12.56
[21:19:18]   rollout step 21 task 4/4 gen 3/4 turn 8/8 valid=True db -12.56->-12.56
[21:19:18] trajectory done: step 21 task 4/4 gen 3/4 turns=8 reason=patience reward=2.397  [335/960 trajectories overall]
[21:19:28]   rollout step 21 task 4/4 gen 4/4 turn 1/8 valid=True db -12.08->-12.75
[21:19:39]   rollout step 21 task 4/4 gen 4/4 turn 2/8 valid=True db -12.75->-13.35
[21:19:49]   rollout step 21 task 4/4 gen 4/4 turn 3/8 valid=True db -13.35->-12.80
[21:19:55]   rollout step 21 task 4/4 gen 4/4 turn 4/8 valid=True db -12.80->-13.32
[21:20:01]   rollout step 21 task 4/4 gen 4/4 turn 5/8 valid=True db -13.32->-16.07
[21:20:06]   rollout step 21 task 4/4 gen 4/4 turn 6/8 valid=True db -16.07->-22.52
[21:20:13]   rollout step 21 task 4/4 gen 4/4 turn 7/8 valid=True db -22.52->-23.45
[21:20:21]   rollout step 21 task 4/4 gen 4/4 turn 8/8 valid=True db -23.45->-8.72
[21:20:21] trajectory done: step 21 task 4/4 gen 4/4 turns=8 reason=max_turns reward=6.954  [336/960 trajectories overall]
[21:20:28]   gradient pass 20/80 turns backpropagated
[21:20:35]   gradient pass 40/80 turns backpropagated
[21:20:42]   gradient pass 60/80 turns backpropagated
[21:20:49]   gradient pass 80/80 turns backpropagated
[21:20:49] step 21/60 loss=2.19334 reward_mean=4.429 reward_std=7.995 turns_mean=5.0 goal_met=1/16 stop=1 patience=12
[21:20:57]   rollout step 22 task 1/4 gen 1/4 turn 1/8 valid=True db -8.90->-8.34
[21:21:03]   rollout step 22 task 1/4 gen 1/4 turn 2/8 valid=True db -8.34->-8.34
[21:21:08]   rollout step 22 task 1/4 gen 1/4 turn 3/8 valid=True db -8.34->-8.34
[21:21:08] trajectory done: step 22 task 1/4 gen 1/4 turns=3 reason=patience reward=-0.167  [337/960 trajectories overall]
[21:21:15]   rollout step 22 task 1/4 gen 2/4 turn 1/8 valid=True db -8.90->-11.79
[21:21:22]   rollout step 22 task 1/4 gen 2/4 turn 2/8 valid=True db -11.79->-30.47
[21:21:22] trajectory done: step 22 task 1/4 gen 2/4 turns=2 reason=goal_met reward=21.569  [338/960 trajectories overall]
[21:21:28]   rollout step 22 task 1/4 gen 3/4 turn 1/8 valid=False db -8.90->-8.90
[21:21:33]   rollout step 22 task 1/4 gen 3/4 turn 2/8 valid=True db -8.90->-8.34
[21:21:39]   rollout step 22 task 1/4 gen 3/4 turn 3/8 valid=True db -8.34->-7.94
[21:21:39] trajectory done: step 22 task 1/4 gen 3/4 turns=3 reason=patience reward=-0.287  [339/960 trajectories overall]
[21:21:47]   rollout step 22 task 1/4 gen 4/4 turn 1/8 valid=True db -8.90->-7.20
[21:21:52]   rollout step 22 task 1/4 gen 4/4 turn 2/8 valid=True db -7.20->-7.53
[21:22:00]   rollout step 22 task 1/4 gen 4/4 turn 3/8 valid=True db -7.53->-7.43
[21:22:00] trajectory done: step 22 task 1/4 gen 4/4 turns=3 reason=patience reward=-0.441  [340/960 trajectories overall]
[21:22:05]   rollout step 22 task 2/4 gen 1/4 turn 1/8 valid=True db -12.52->-12.76
[21:22:09]   rollout step 22 task 2/4 gen 1/4 turn 2/8 valid=True db -12.76->-11.65
[21:22:14]   rollout step 22 task 2/4 gen 1/4 turn 3/8 valid=True db -11.65->-11.85
[21:22:22]   rollout step 22 task 2/4 gen 1/4 turn 4/8 valid=True db -11.85->-12.04
[21:22:22] trajectory done: step 22 task 2/4 gen 1/4 turns=4 reason=patience reward=0.025  [341/960 trajectories overall]
[21:22:29]   rollout step 22 task 2/4 gen 2/4 turn 1/8 valid=True db -12.52->-9.25
[21:22:35]   rollout step 22 task 2/4 gen 2/4 turn 2/8 valid=True db -9.25->-10.81
[21:22:44]   rollout step 22 task 2/4 gen 2/4 turn 3/8 valid=True db -10.81->-11.01
[21:22:44] trajectory done: step 22 task 2/4 gen 2/4 turns=3 reason=patience reward=-0.452  [342/960 trajectories overall]
[21:22:52]   rollout step 22 task 2/4 gen 3/4 turn 1/8 valid=True db -12.52->-13.22
[21:22:57]   rollout step 22 task 2/4 gen 3/4 turn 2/8 valid=True db -13.22->-24.69
[21:23:03]   rollout step 22 task 2/4 gen 3/4 turn 3/8 valid=True db -24.69->-10.56
[21:23:09]   rollout step 22 task 2/4 gen 3/4 turn 4/8 valid=True db -10.56->-1.16
[21:23:17]   rollout step 22 task 2/4 gen 3/4 turn 5/8 valid=True db -1.16->-0.92
[21:23:17] trajectory done: step 22 task 2/4 gen 3/4 turns=5 reason=patience reward=5.040  [343/960 trajectories overall]
[21:23:24]   rollout step 22 task 2/4 gen 4/4 turn 1/8 valid=True db -12.52->-9.99
[21:23:33]   rollout step 22 task 2/4 gen 4/4 turn 2/8 valid=True db -9.99->-7.80
[21:23:44]   rollout step 22 task 2/4 gen 4/4 turn 3/8 valid=True db -7.80->-11.33
[21:23:44] trajectory done: step 22 task 2/4 gen 4/4 turns=3 reason=patience reward=-0.357  [344/960 trajectories overall]
[21:23:51]   rollout step 22 task 3/4 gen 1/4 turn 1/8 valid=True db -10.44->-14.25
[21:23:58]   rollout step 22 task 3/4 gen 1/4 turn 2/8 valid=True db -14.25->-9.83
[21:24:02]   rollout step 22 task 3/4 gen 1/4 turn 3/8 valid=True db -9.83->-11.86
[21:24:08]   rollout step 22 task 3/4 gen 1/4 turn 4/8 valid=True db -11.86->-15.83
[21:24:15]   rollout step 22 task 3/4 gen 1/4 turn 5/8 valid=True db -15.83->-26.58
[21:24:23]   rollout step 22 task 3/4 gen 1/4 turn 6/8 valid=True db -26.58->-24.90
[21:24:28]   rollout step 22 task 3/4 gen 1/4 turn 7/8 valid=True db -24.90->-25.29
[21:24:36]   rollout step 22 task 3/4 gen 1/4 turn 8/8 valid=True db -25.29->-25.80
[21:24:36] trajectory done: step 22 task 3/4 gen 1/4 turns=8 reason=patience reward=15.903  [345/960 trajectories overall]
[21:24:44]   rollout step 22 task 3/4 gen 2/4 turn 1/8 valid=True db -10.44->-9.88
[21:24:53]   rollout step 22 task 3/4 gen 2/4 turn 2/8 valid=True db -9.88->-10.40
[21:25:00]   rollout step 22 task 3/4 gen 2/4 turn 3/8 valid=True db -10.40->-10.87
[21:25:07]   rollout step 22 task 3/4 gen 2/4 turn 4/8 valid=True db -10.87->-11.28
[21:25:18]   rollout step 22 task 3/4 gen 2/4 turn 5/8 valid=True db -11.28->-9.23
[21:25:24]   rollout step 22 task 3/4 gen 2/4 turn 6/8 valid=True db -9.23->-7.30
[21:25:29]   rollout step 22 task 3/4 gen 2/4 turn 7/8 valid=True db -7.30->-7.63
[21:25:29] trajectory done: step 22 task 3/4 gen 2/4 turns=7 reason=patience reward=-0.259  [346/960 trajectories overall]
[21:25:35]   rollout step 22 task 3/4 gen 3/4 turn 1/8 valid=True db -10.44->-15.13
[21:25:41]   rollout step 22 task 3/4 gen 3/4 turn 2/8 valid=True db -15.13->-21.31
[21:25:46]   rollout step 22 task 3/4 gen 3/4 turn 3/8 valid=True db -21.31->-2.89
[21:25:49]   rollout step 22 task 3/4 gen 3/4 turn 4/8 valid=True db -2.89->-2.89
[21:25:49] trajectory done: step 22 task 3/4 gen 3/4 turns=4 reason=stop reward=5.338  [347/960 trajectories overall]
[21:25:55]   rollout step 22 task 3/4 gen 4/4 turn 1/8 valid=True db -10.44->-12.19
[21:26:01]   rollout step 22 task 3/4 gen 4/4 turn 2/8 valid=True db -12.19->-10.00
[21:26:06]   rollout step 22 task 3/4 gen 4/4 turn 3/8 valid=True db -10.00->-9.66
[21:26:10]   rollout step 22 task 3/4 gen 4/4 turn 4/8 valid=True db -9.66->-11.89
[21:26:10] trajectory done: step 22 task 3/4 gen 4/4 turns=4 reason=patience reward=1.656  [348/960 trajectories overall]
[21:26:19]   rollout step 22 task 4/4 gen 1/4 turn 1/8 valid=True db -6.57->-13.56
[21:26:28]   rollout step 22 task 4/4 gen 1/4 turn 2/8 valid=True db -13.56->-13.19
[21:26:34]   rollout step 22 task 4/4 gen 1/4 turn 3/8 valid=True db -13.19->-13.54
[21:26:43]   rollout step 22 task 4/4 gen 1/4 turn 4/8 valid=True db -13.54->-13.89
[21:26:50]   rollout step 22 task 4/4 gen 1/4 turn 5/8 valid=True db -13.89->-13.56
[21:26:54]   rollout step 22 task 4/4 gen 1/4 turn 6/8 valid=True db -13.56->-13.86
[21:27:00]   rollout step 22 task 4/4 gen 1/4 turn 7/8 valid=True db -13.86->-13.58
[21:27:00] trajectory done: step 22 task 4/4 gen 1/4 turns=7 reason=patience reward=7.222  [349/960 trajectories overall]
[21:27:05]   rollout step 22 task 4/4 gen 2/4 turn 1/8 valid=True db -6.57->-7.13
[21:27:10]   rollout step 22 task 4/4 gen 2/4 turn 2/8 valid=False db -7.13->-7.13
[21:27:17]   rollout step 22 task 4/4 gen 2/4 turn 3/8 valid=True db -7.13->-8.68
[21:27:24]   rollout step 22 task 4/4 gen 2/4 turn 4/8 valid=True db -8.68->-9.19
[21:27:32]   rollout step 22 task 4/4 gen 2/4 turn 5/8 valid=True db -9.19->-12.25
[21:27:39]   rollout step 22 task 4/4 gen 2/4 turn 6/8 valid=True db -12.25->-12.58
[21:27:47]   rollout step 22 task 4/4 gen 2/4 turn 7/8 valid=True db -12.58->-12.88
[21:27:54]   rollout step 22 task 4/4 gen 2/4 turn 8/8 valid=True db -12.88->-10.18
[21:27:54] trajectory done: step 22 task 4/4 gen 2/4 turns=8 reason=max_turns reward=5.496  [350/960 trajectories overall]
[21:28:00]   rollout step 22 task 4/4 gen 3/4 turn 1/8 valid=True db -6.57->-13.01
[21:28:05]   rollout step 22 task 4/4 gen 3/4 turn 2/8 valid=True db -13.01->-7.01
[21:28:10]   rollout step 22 task 4/4 gen 3/4 turn 3/8 valid=True db -7.01->-1.77
[21:28:15]   rollout step 22 task 4/4 gen 3/4 turn 4/8 valid=True db -1.77->-20.66
[21:28:21]   rollout step 22 task 4/4 gen 3/4 turn 5/8 valid=True db -20.66->-10.98
[21:28:26]   rollout step 22 task 4/4 gen 3/4 turn 6/8 valid=True db -10.98->-25.39
[21:28:32]   rollout step 22 task 4/4 gen 3/4 turn 7/8 valid=True db -25.39->-3.76
[21:28:38]   rollout step 22 task 4/4 gen 3/4 turn 8/8 valid=True db -3.76->-21.18
[21:28:38] trajectory done: step 22 task 4/4 gen 3/4 turns=8 reason=max_turns reward=17.553  [351/960 trajectories overall]
[21:28:45]   rollout step 22 task 4/4 gen 4/4 turn 1/8 valid=False db -6.57->-6.57
[21:28:51]   rollout step 22 task 4/4 gen 4/4 turn 2/8 valid=True db -6.57->-5.84
[21:28:59]   rollout step 22 task 4/4 gen 4/4 turn 3/8 valid=True db -5.84->-6.25
[21:28:59] trajectory done: step 22 task 4/4 gen 4/4 turns=3 reason=patience reward=-0.097  [352/960 trajectories overall]
[21:29:06]   gradient pass 20/75 turns backpropagated
[21:29:13]   gradient pass 40/75 turns backpropagated
[21:29:20]   gradient pass 60/75 turns backpropagated
[21:29:25]   gradient pass 75/75 turns backpropagated
[21:29:25] step 22/60 loss=2.68086 reward_mean=4.859 reward_std=7.019 turns_mean=4.7 goal_met=1/16 stop=1 patience=12
[21:29:36]   rollout step 23 task 1/4 gen 1/4 turn 1/8 valid=True db -15.93->-16.29
[21:29:42]   rollout step 23 task 1/4 gen 1/4 turn 2/8 valid=True db -16.29->-11.40
[21:29:47]   rollout step 23 task 1/4 gen 1/4 turn 3/8 valid=True db -11.40->-15.94
[21:29:59]   rollout step 23 task 1/4 gen 1/4 turn 4/8 valid=True db -15.94->-16.33
[21:29:59] trajectory done: step 23 task 1/4 gen 1/4 turns=4 reason=patience reward=0.403  [353/960 trajectories overall]
[21:30:06]   rollout step 23 task 1/4 gen 2/4 turn 1/8 valid=True db -15.93->-16.29
[21:30:13]   rollout step 23 task 1/4 gen 2/4 turn 2/8 valid=True db -16.29->-11.40
[21:30:17]   rollout step 23 task 1/4 gen 2/4 turn 3/8 valid=True db -11.40->-15.94
[21:30:24]   rollout step 23 task 1/4 gen 2/4 turn 4/8 valid=True db -15.94->-31.80
[21:30:24] trajectory done: step 23 task 1/4 gen 2/4 turns=4 reason=goal_met reward=15.874  [354/960 trajectories overall]
[21:30:33]   rollout step 23 task 1/4 gen 3/4 turn 1/8 valid=True db -15.93->-16.07
[21:30:40]   rollout step 23 task 1/4 gen 3/4 turn 2/8 valid=True db -16.07->-15.94
[21:30:48]   rollout step 23 task 1/4 gen 3/4 turn 3/8 valid=True db -15.94->-16.06
[21:30:48] trajectory done: step 23 task 1/4 gen 3/4 turns=3 reason=patience reward=0.141  [355/960 trajectories overall]
[21:30:58]   rollout step 23 task 1/4 gen 4/4 turn 1/8 valid=True db -15.93->-17.31
[21:31:03]   rollout step 23 task 1/4 gen 4/4 turn 2/8 valid=True db -17.31->-17.44
[21:31:11]   rollout step 23 task 1/4 gen 4/4 turn 3/8 valid=True db -17.44->-60.16
[21:31:11] trajectory done: step 23 task 1/4 gen 4/4 turns=3 reason=goal_met reward=40.000  [356/960 trajectories overall]
[21:31:21]   rollout step 23 task 2/4 gen 1/4 turn 1/8 valid=True db -22.91->-22.88
[21:31:26]   rollout step 23 task 2/4 gen 1/4 turn 2/8 valid=True db -22.88->-22.87
[21:31:32]   rollout step 23 task 2/4 gen 1/4 turn 3/8 valid=True db -22.87->-16.35
[21:31:32] trajectory done: step 23 task 2/4 gen 1/4 turns=3 reason=patience reward=-1.969  [357/960 trajectories overall]
[21:31:44]   rollout step 23 task 2/4 gen 2/4 turn 1/8 valid=True db -22.91->-14.38
[21:31:52]   rollout step 23 task 2/4 gen 2/4 turn 2/8 valid=True db -14.38->-24.27
[21:31:58]   rollout step 23 task 2/4 gen 2/4 turn 3/8 valid=True db -24.27->-16.50
[21:32:05]   rollout step 23 task 2/4 gen 2/4 turn 4/8 valid=True db -16.50->-16.50
[21:32:05] trajectory done: step 23 task 2/4 gen 2/4 turns=4 reason=stop reward=-0.969  [358/960 trajectories overall]
[21:32:14]   rollout step 23 task 2/4 gen 3/4 turn 1/8 valid=True db -22.91->-14.63
[21:32:21]   rollout step 23 task 2/4 gen 3/4 turn 2/8 valid=True db -14.63->-14.40
[21:32:27]   rollout step 23 task 2/4 gen 3/4 turn 3/8 valid=True db -14.40->-1.45
[21:32:27] trajectory done: step 23 task 2/4 gen 3/4 turns=3 reason=patience reward=-6.437  [359/960 trajectories overall]
[21:32:36]   rollout step 23 task 2/4 gen 4/4 turn 1/8 valid=True db -22.91->-14.38
[21:32:41]   rollout step 23 task 2/4 gen 4/4 turn 2/8 valid=True db -14.38->-1.44
[21:32:45]   rollout step 23 task 2/4 gen 4/4 turn 3/8 valid=True db -1.44->-15.41
[21:32:45] trajectory done: step 23 task 2/4 gen 4/4 turns=3 reason=patience reward=-2.249  [360/960 trajectories overall]
[21:32:55]   rollout step 23 task 3/4 gen 1/4 turn 1/8 valid=True db -18.54->-19.67
[21:33:04]   rollout step 23 task 3/4 gen 1/4 turn 2/8 valid=False db -19.67->-19.67
[21:33:10]   rollout step 23 task 3/4 gen 1/4 turn 3/8 valid=True db -19.67->-24.88
[21:33:18]   rollout step 23 task 3/4 gen 1/4 turn 4/8 valid=True db -24.88->-35.37
[21:33:18] trajectory done: step 23 task 3/4 gen 1/4 turns=4 reason=goal_met reward=16.823  [361/960 trajectories overall]
[21:33:25]   rollout step 23 task 3/4 gen 2/4 turn 1/8 valid=True db -18.54->-25.05
[21:33:30]   rollout step 23 task 3/4 gen 2/4 turn 2/8 valid=True db -25.05->-24.40
[21:33:35]   rollout step 23 task 3/4 gen 2/4 turn 3/8 valid=True db -24.40->-26.70
[21:33:42]   rollout step 23 task 3/4 gen 2/4 turn 4/8 valid=True db -26.70->-26.04
[21:33:52]   rollout step 23 task 3/4 gen 2/4 turn 5/8 valid=True db -26.04->-28.10
[21:34:04]   rollout step 23 task 3/4 gen 2/4 turn 6/8 valid=True db -28.10->-28.29
[21:34:11]   rollout step 23 task 3/4 gen 2/4 turn 7/8 valid=True db -28.29->-28.12
[21:34:18]   rollout step 23 task 3/4 gen 2/4 turn 8/8 valid=True db -28.12->-28.12
[21:34:18] trajectory done: step 23 task 3/4 gen 2/4 turns=8 reason=stop reward=9.694  [362/960 trajectories overall]
[21:34:32]   rollout step 23 task 3/4 gen 3/4 turn 1/8 valid=True db -18.54->-16.84
[21:34:37]   rollout step 23 task 3/4 gen 3/4 turn 2/8 valid=True db -16.84->-19.31
[21:34:46]   rollout step 23 task 3/4 gen 3/4 turn 3/8 valid=True db -19.31->-25.10
[21:34:53]   rollout step 23 task 3/4 gen 3/4 turn 4/8 valid=True db -25.10->-22.07
[21:34:59]   rollout step 23 task 3/4 gen 3/4 turn 5/8 valid=True db -22.07->-16.87
[21:35:05]   rollout step 23 task 3/4 gen 3/4 turn 6/8 valid=True db -16.87->-21.43
[21:35:05] trajectory done: step 23 task 3/4 gen 3/4 turns=6 reason=patience reward=5.453  [363/960 trajectories overall]
[21:35:14]   rollout step 23 task 3/4 gen 4/4 turn 1/8 valid=True db -18.54->-19.15
[21:35:22]   rollout step 23 task 3/4 gen 4/4 turn 2/8 valid=True db -19.15->-19.94
[21:35:30]   rollout step 23 task 3/4 gen 4/4 turn 3/8 valid=True db -19.94->-17.90
[21:35:37]   rollout step 23 task 3/4 gen 4/4 turn 4/8 valid=True db -17.90->-20.22
[21:35:44]   rollout step 23 task 3/4 gen 4/4 turn 5/8 valid=True db -20.22->-24.54
[21:35:51]   rollout step 23 task 3/4 gen 4/4 turn 6/8 valid=True db -24.54->-24.90
[21:35:59]   rollout step 23 task 3/4 gen 4/4 turn 7/8 valid=True db -24.90->-33.97
[21:35:59] trajectory done: step 23 task 3/4 gen 4/4 turns=7 reason=goal_met reward=15.429  [364/960 trajectories overall]
[21:36:05]   rollout step 23 task 4/4 gen 1/4 turn 1/8 valid=True db -18.75->-13.91
[21:36:11]   rollout step 23 task 4/4 gen 1/4 turn 2/8 valid=True db -13.91->-14.33
[21:36:20]   rollout step 23 task 4/4 gen 1/4 turn 3/8 valid=True db -14.33->-18.10
[21:36:20] trajectory done: step 23 task 4/4 gen 1/4 turns=3 reason=patience reward=-0.196  [365/960 trajectories overall]
[21:36:27]   rollout step 23 task 4/4 gen 2/4 turn 1/8 valid=True db -18.75->-19.25
[21:36:32]   rollout step 23 task 4/4 gen 2/4 turn 2/8 valid=True db -19.25->-16.56
[21:36:36]   rollout step 23 task 4/4 gen 2/4 turn 3/8 valid=True db -16.56->-17.12
[21:36:42]   rollout step 23 task 4/4 gen 2/4 turn 4/8 valid=True db -17.12->-14.37
[21:36:42] trajectory done: step 23 task 4/4 gen 2/4 turns=4 reason=patience reward=-0.964  [366/960 trajectories overall]
[21:36:48]   rollout step 23 task 4/4 gen 3/4 turn 1/8 valid=False db -18.75->-18.75
[21:36:54]   rollout step 23 task 4/4 gen 3/4 turn 2/8 valid=True db -18.75->-18.73
[21:37:01]   rollout step 23 task 4/4 gen 3/4 turn 3/8 valid=True db -18.73->-18.22
[21:37:01] trajectory done: step 23 task 4/4 gen 3/4 turns=3 reason=patience reward=-0.159  [367/960 trajectories overall]
[21:37:07]   rollout step 23 task 4/4 gen 4/4 turn 1/8 valid=True db -18.75->-18.11
[21:37:13]   rollout step 23 task 4/4 gen 4/4 turn 2/8 valid=True db -18.11->-4.56
[21:37:20]   rollout step 23 task 4/4 gen 4/4 turn 3/8 valid=True db -4.56->-33.39
[21:37:20] trajectory done: step 23 task 4/4 gen 4/4 turns=3 reason=goal_met reward=14.637  [368/960 trajectories overall]
[21:37:26]   gradient pass 20/65 turns backpropagated
[21:37:33]   gradient pass 40/65 turns backpropagated
[21:37:40]   gradient pass 60/65 turns backpropagated
[21:37:42]   gradient pass 65/65 turns backpropagated
[21:37:42] step 23/60 loss=-2.50893 reward_mean=6.594 reward_std=11.368 turns_mean=4.1 goal_met=5/16 stop=2 patience=9
[21:37:51]   rollout step 24 task 1/4 gen 1/4 turn 1/8 valid=True db -9.72->-9.83
[21:37:58]   rollout step 24 task 1/4 gen 1/4 turn 2/8 valid=True db -9.83->-9.73
[21:38:04]   rollout step 24 task 1/4 gen 1/4 turn 3/8 valid=True db -9.73->-9.15
[21:38:04] trajectory done: step 24 task 1/4 gen 1/4 turns=3 reason=patience reward=-0.096  [369/960 trajectories overall]
[21:38:12]   rollout step 24 task 1/4 gen 2/4 turn 1/8 valid=True db -9.72->-9.83
[21:38:20]   rollout step 24 task 1/4 gen 2/4 turn 2/8 valid=True db -9.83->-9.73
[21:38:30]   rollout step 24 task 1/4 gen 2/4 turn 3/8 valid=True db -9.73->-9.82
[21:38:30] trajectory done: step 24 task 1/4 gen 2/4 turns=3 reason=patience reward=0.107  [370/960 trajectories overall]
[21:38:36]   rollout step 24 task 1/4 gen 3/4 turn 1/8 valid=True db -9.72->-24.07
[21:38:41]   rollout step 24 task 1/4 gen 3/4 turn 2/8 valid=True db -24.07->-4.65
[21:38:47]   rollout step 24 task 1/4 gen 3/4 turn 3/8 valid=True db -4.65->-30.64
[21:38:47] trajectory done: step 24 task 1/4 gen 3/4 turns=3 reason=goal_met reward=20.923  [371/960 trajectories overall]
[21:38:57]   rollout step 24 task 1/4 gen 4/4 turn 1/8 valid=True db -9.72->-10.04
[21:39:03]   rollout step 24 task 1/4 gen 4/4 turn 2/8 valid=True db -10.04->-6.91
[21:39:11]   rollout step 24 task 1/4 gen 4/4 turn 3/8 valid=True db -6.91->-6.91
[21:39:15]   rollout step 24 task 1/4 gen 4/4 turn 4/8 valid=True db -6.91->-6.91
[21:39:15] trajectory done: step 24 task 1/4 gen 4/4 turns=4 reason=patience reward=-0.618  [372/960 trajectories overall]
[21:39:23]   rollout step 24 task 2/4 gen 1/4 turn 1/8 valid=True db -9.65->-10.22
[21:39:28]   rollout step 24 task 2/4 gen 1/4 turn 2/8 valid=True db -10.22->-10.86
[21:39:37]   rollout step 24 task 2/4 gen 1/4 turn 3/8 valid=True db -10.86->-8.99
[21:39:44]   rollout step 24 task 2/4 gen 1/4 turn 4/8 valid=True db -8.99->-11.08
[21:39:52]   rollout step 24 task 2/4 gen 1/4 turn 5/8 valid=True db -11.08->-16.13
[21:40:00]   rollout step 24 task 2/4 gen 1/4 turn 6/8 valid=True db -16.13->-19.62
[21:40:08]   rollout step 24 task 2/4 gen 1/4 turn 7/8 valid=True db -19.62->-3.12
[21:40:12]   rollout step 24 task 2/4 gen 1/4 turn 8/8 valid=True db -3.12->-17.58
[21:40:12] trajectory done: step 24 task 2/4 gen 1/4 turns=8 reason=max_turns reward=9.353  [373/960 trajectories overall]
[21:40:20]   rollout step 24 task 2/4 gen 2/4 turn 1/8 valid=True db -9.65->-9.37
[21:40:28]   rollout step 24 task 2/4 gen 2/4 turn 2/8 valid=True db -9.37->-4.31
[21:40:35]   rollout step 24 task 2/4 gen 2/4 turn 3/8 valid=True db -4.31->-4.37
[21:40:35] trajectory done: step 24 task 2/4 gen 2/4 turns=3 reason=patience reward=-1.584  [374/960 trajectories overall]
[21:40:41]   rollout step 24 task 2/4 gen 3/4 turn 1/8 valid=True db -9.65->-6.95
[21:40:49]   rollout step 24 task 2/4 gen 3/4 turn 2/8 valid=True db -6.95->-7.57
[21:41:01]   rollout step 24 task 2/4 gen 3/4 turn 3/8 valid=True db -7.57->-8.13
[21:41:01] trajectory done: step 24 task 2/4 gen 3/4 turns=3 reason=patience reward=-0.456  [375/960 trajectories overall]
[21:41:08]   rollout step 24 task 2/4 gen 4/4 turn 1/8 valid=True db -9.65->-8.90
[21:41:15]   rollout step 24 task 2/4 gen 4/4 turn 2/8 valid=True db -8.90->-8.22
[21:41:23]   rollout step 24 task 2/4 gen 4/4 turn 3/8 valid=True db -8.22->-8.86
[21:41:23] trajectory done: step 24 task 2/4 gen 4/4 turns=3 reason=patience reward=-0.239  [376/960 trajectories overall]
[21:41:31]   rollout step 24 task 3/4 gen 1/4 turn 1/8 valid=True db -18.59->-11.98
[21:41:37]   rollout step 24 task 3/4 gen 1/4 turn 2/8 valid=True db -11.98->-0.70
[21:41:45]   rollout step 24 task 3/4 gen 1/4 turn 3/8 valid=True db -0.70->-16.99
[21:41:45] trajectory done: step 24 task 3/4 gen 1/4 turns=3 reason=patience reward=-0.480  [377/960 trajectories overall]
[21:41:52]   rollout step 24 task 3/4 gen 2/4 turn 1/8 valid=True db -18.59->-12.79
[21:41:59]   rollout step 24 task 3/4 gen 2/4 turn 2/8 valid=True db -12.79->-13.32
[21:42:03]   rollout step 24 task 3/4 gen 2/4 turn 3/8 valid=True db -13.32->-13.78
[21:42:03] trajectory done: step 24 task 3/4 gen 2/4 turns=3 reason=patience reward=-1.444  [378/960 trajectories overall]
[21:42:11]   rollout step 24 task 3/4 gen 3/4 turn 1/8 valid=True db -18.59->-11.98
[21:42:18]   rollout step 24 task 3/4 gen 3/4 turn 2/8 valid=True db -11.98->-8.27
[21:42:24]   rollout step 24 task 3/4 gen 3/4 turn 3/8 valid=True db -8.27->-27.28
[21:42:32]   rollout step 24 task 3/4 gen 3/4 turn 4/8 valid=True db -27.28->-60.75
[21:42:32] trajectory done: step 24 task 3/4 gen 3/4 turns=4 reason=goal_met reward=40.000  [379/960 trajectories overall]
[21:42:39]   rollout step 24 task 3/4 gen 4/4 turn 1/8 valid=True db -18.59->-11.98
[21:42:48]   rollout step 24 task 3/4 gen 4/4 turn 2/8 valid=True db -11.98->-0.70
[21:42:56]   rollout step 24 task 3/4 gen 4/4 turn 3/8 valid=True db -0.70->-0.70
[21:42:56] trajectory done: step 24 task 3/4 gen 4/4 turns=3 reason=patience reward=-5.367  [380/960 trajectories overall]
[21:43:02]   rollout step 24 task 4/4 gen 1/4 turn 1/8 valid=True db -12.47->-16.69
[21:43:09]   rollout step 24 task 4/4 gen 1/4 turn 2/8 valid=True db -16.69->-28.67
[21:43:14]   rollout step 24 task 4/4 gen 1/4 turn 3/8 valid=True db -28.67->-3.73
[21:43:21]   rollout step 24 task 4/4 gen 1/4 turn 4/8 valid=True db -3.73->-3.39
[21:43:26]   rollout step 24 task 4/4 gen 1/4 turn 5/8 valid=True db -3.39->-3.39
[21:43:26] trajectory done: step 24 task 4/4 gen 1/4 turns=5 reason=stop reward=8.616  [381/960 trajectories overall]
[21:43:33]   rollout step 24 task 4/4 gen 2/4 turn 1/8 valid=True db -12.47->-16.69
[21:43:41]   rollout step 24 task 4/4 gen 2/4 turn 2/8 valid=True db -16.69->-28.67
[21:43:48]   rollout step 24 task 4/4 gen 2/4 turn 3/8 valid=True db -28.67->-3.73
[21:43:55]   rollout step 24 task 4/4 gen 2/4 turn 4/8 valid=True db -3.73->-3.39
[21:44:01]   rollout step 24 task 4/4 gen 2/4 turn 5/8 valid=True db -3.39->-21.04
[21:44:01] trajectory done: step 24 task 4/4 gen 2/4 turns=5 reason=patience reward=13.912  [382/960 trajectories overall]
[21:44:08]   rollout step 24 task 4/4 gen 3/4 turn 1/8 valid=True db -12.47->-16.69
[21:44:16]   rollout step 24 task 4/4 gen 3/4 turn 2/8 valid=True db -16.69->-17.35
[21:44:23]   rollout step 24 task 4/4 gen 3/4 turn 3/8 valid=True db -17.35->-37.30
[21:44:23] trajectory done: step 24 task 4/4 gen 3/4 turns=3 reason=goal_met reward=24.830  [383/960 trajectories overall]
[21:44:31]   rollout step 24 task 4/4 gen 4/4 turn 1/8 valid=True db -12.47->-7.18
[21:44:37]   rollout step 24 task 4/4 gen 4/4 turn 2/8 valid=True db -7.18->-8.59
[21:44:43]   rollout step 24 task 4/4 gen 4/4 turn 3/8 valid=True db -8.59->-11.08
[21:44:43] trajectory done: step 24 task 4/4 gen 4/4 turns=3 reason=patience reward=-0.417  [384/960 trajectories overall]
[21:44:50]   gradient pass 20/59 turns backpropagated
[21:44:56]   gradient pass 40/59 turns backpropagated
[21:45:02]   gradient pass 59/59 turns backpropagated
[21:45:02] step 24/60 loss=4.03853 reward_mean=6.690 reward_std=12.062 turns_mean=3.7 goal_met=3/16 stop=1 patience=11
[21:45:10]   rollout step 25 task 1/4 gen 1/4 turn 1/8 valid=True db -14.41->-14.69
[21:45:16]   rollout step 25 task 1/4 gen 1/4 turn 2/8 valid=True db -14.69->-14.91
[21:45:22]   rollout step 25 task 1/4 gen 1/4 turn 3/8 valid=True db -14.91->-14.71
[21:45:27]   rollout step 25 task 1/4 gen 1/4 turn 4/8 valid=True db -14.71->-14.90
[21:45:33]   rollout step 25 task 1/4 gen 1/4 turn 5/8 valid=True db -14.90->-15.05
[21:45:33] trajectory done: step 25 task 1/4 gen 1/4 turns=5 reason=patience reward=0.644  [385/960 trajectories overall]
[21:45:40]   rollout step 25 task 1/4 gen 2/4 turn 1/8 valid=True db -14.41->-25.89
[21:45:45]   rollout step 25 task 1/4 gen 2/4 turn 2/8 valid=True db -25.89->-6.30
[21:45:52]   rollout step 25 task 1/4 gen 2/4 turn 3/8 valid=True db -6.30->-6.30
[21:45:57]   rollout step 25 task 1/4 gen 2/4 turn 4/8 valid=True db -6.30->-6.30
[21:45:57] trajectory done: step 25 task 1/4 gen 2/4 turns=4 reason=patience reward=5.603  [386/960 trajectories overall]
[21:46:06]   rollout step 25 task 1/4 gen 3/4 turn 1/8 valid=True db -14.41->-14.69
[21:46:11]   rollout step 25 task 1/4 gen 3/4 turn 2/8 valid=True db -14.69->-14.91
[21:46:17]   rollout step 25 task 1/4 gen 3/4 turn 3/8 valid=True db -14.91->-51.78
[21:46:17] trajectory done: step 25 task 1/4 gen 3/4 turns=3 reason=goal_met reward=37.371  [387/960 trajectories overall]
[21:46:25]   rollout step 25 task 1/4 gen 4/4 turn 1/8 valid=True db -14.41->-15.12
[21:46:31]   rollout step 25 task 1/4 gen 4/4 turn 2/8 valid=True db -15.12->-33.38
[21:46:31] trajectory done: step 25 task 1/4 gen 4/4 turns=2 reason=goal_met reward=18.973  [388/960 trajectories overall]
[21:46:38]   rollout step 25 task 2/4 gen 1/4 turn 1/8 valid=False db -7.39->-7.39
[21:46:44]   rollout step 25 task 2/4 gen 1/4 turn 2/8 valid=True db -7.39->-6.92
[21:46:50]   rollout step 25 task 2/4 gen 1/4 turn 3/8 valid=True db -6.92->-6.85
[21:46:50] trajectory done: step 25 task 2/4 gen 1/4 turns=3 reason=patience reward=-0.162  [389/960 trajectories overall]
[21:46:57]   rollout step 25 task 2/4 gen 2/4 turn 1/8 valid=True db -7.39->-7.89
[21:47:04]   rollout step 25 task 2/4 gen 2/4 turn 2/8 valid=True db -7.89->-5.52
[21:47:08]   rollout step 25 task 2/4 gen 2/4 turn 3/8 valid=True db -5.52->-4.05
[21:47:14]   rollout step 25 task 2/4 gen 2/4 turn 4/8 valid=True db -4.05->-5.37
[21:47:14] trajectory done: step 25 task 2/4 gen 2/4 turns=4 reason=patience reward=-0.254  [390/960 trajectories overall]
[21:47:24]   rollout step 25 task 2/4 gen 3/4 turn 1/8 valid=True db -7.39->-7.49
[21:47:35]   rollout step 25 task 2/4 gen 3/4 turn 2/8 valid=True db -7.49->-7.39
[21:47:42]   rollout step 25 task 2/4 gen 3/4 turn 3/8 valid=True db -7.39->-7.48
[21:47:42] trajectory done: step 25 task 2/4 gen 3/4 turns=3 reason=patience reward=0.102  [391/960 trajectories overall]
[21:47:49]   rollout step 25 task 2/4 gen 4/4 turn 1/8 valid=True db -7.39->-6.96
[21:47:56]   rollout step 25 task 2/4 gen 4/4 turn 2/8 valid=True db -6.96->-6.66
[21:48:03]   rollout step 25 task 2/4 gen 4/4 turn 3/8 valid=True db -6.66->-6.45
[21:48:03] trajectory done: step 25 task 2/4 gen 4/4 turns=3 reason=patience reward=-0.279  [392/960 trajectories overall]
[21:48:09]   rollout step 25 task 3/4 gen 1/4 turn 1/8 valid=True db -12.37->-14.97
[21:48:13]   rollout step 25 task 3/4 gen 1/4 turn 2/8 valid=True db -14.97->-24.96
[21:48:24]   rollout step 25 task 3/4 gen 1/4 turn 3/8 valid=True db -24.96->-11.04
[21:48:30]   rollout step 25 task 3/4 gen 1/4 turn 4/8 valid=True db -11.04->-10.82
[21:48:35]   rollout step 25 task 3/4 gen 1/4 turn 5/8 valid=True db -10.82->-30.10
[21:48:35] trajectory done: step 25 task 3/4 gen 1/4 turns=5 reason=goal_met reward=17.728  [393/960 trajectories overall]
[21:48:41]   rollout step 25 task 3/4 gen 2/4 turn 1/8 valid=True db -12.37->-14.97
[21:48:48]   rollout step 25 task 3/4 gen 2/4 turn 2/8 valid=True db -14.97->-24.21
[21:48:58]   rollout step 25 task 3/4 gen 2/4 turn 3/8 valid=True db -24.21->-10.60
[21:49:04]   rollout step 25 task 3/4 gen 2/4 turn 4/8 valid=True db -10.60->-26.17
[21:49:10]   rollout step 25 task 3/4 gen 2/4 turn 5/8 valid=True db -26.17->-29.67
[21:49:14]   rollout step 25 task 3/4 gen 2/4 turn 6/8 valid=False db -29.67->-29.67
[21:49:25]   rollout step 25 task 3/4 gen 2/4 turn 7/8 valid=True db -29.67->-33.13
[21:49:25] trajectory done: step 25 task 3/4 gen 2/4 turns=7 reason=goal_met reward=20.753  [394/960 trajectories overall]
[21:49:37]   rollout step 25 task 3/4 gen 3/4 turn 1/8 valid=True db -12.37->-11.43
[21:49:44]   rollout step 25 task 3/4 gen 3/4 turn 2/8 valid=True db -11.43->-9.88
[21:49:50]   rollout step 25 task 3/4 gen 3/4 turn 3/8 valid=True db -9.88->-9.88
[21:49:50] trajectory done: step 25 task 3/4 gen 3/4 turns=3 reason=patience reward=-0.749  [395/960 trajectories overall]
[21:49:58]   rollout step 25 task 3/4 gen 4/4 turn 1/8 valid=True db -12.37->-15.46
[21:50:04]   rollout step 25 task 3/4 gen 4/4 turn 2/8 valid=True db -15.46->-15.01
[21:50:10]   rollout step 25 task 3/4 gen 4/4 turn 3/8 valid=True db -15.01->-15.43
[21:50:18]   rollout step 25 task 3/4 gen 4/4 turn 4/8 valid=True db -15.43->-21.96
[21:50:28]   rollout step 25 task 3/4 gen 4/4 turn 5/8 valid=True db -21.96->-17.81
[21:50:34]   rollout step 25 task 3/4 gen 4/4 turn 6/8 valid=True db -17.81->-22.96
[21:50:42]   rollout step 25 task 3/4 gen 4/4 turn 7/8 valid=True db -22.96->-19.45
[21:50:49]   rollout step 25 task 3/4 gen 4/4 turn 8/8 valid=True db -19.45->-23.99
[21:50:49] trajectory done: step 25 task 3/4 gen 4/4 turns=8 reason=max_turns reward=11.621  [396/960 trajectories overall]
[21:50:59]   rollout step 25 task 4/4 gen 1/4 turn 1/8 valid=True db -13.68->-14.36
[21:51:10]   rollout step 25 task 4/4 gen 1/4 turn 2/8 valid=True db -14.36->-14.97
[21:51:19]   rollout step 25 task 4/4 gen 1/4 turn 3/8 valid=True db -14.97->-15.19
[21:51:25]   rollout step 25 task 4/4 gen 1/4 turn 4/8 valid=True db -15.19->-18.92
[21:51:32]   rollout step 25 task 4/4 gen 1/4 turn 5/8 valid=True db -18.92->-19.09
[21:51:38]   rollout step 25 task 4/4 gen 1/4 turn 6/8 valid=True db -19.09->-28.95
[21:51:45]   rollout step 25 task 4/4 gen 1/4 turn 7/8 valid=True db -28.95->-28.78
[21:51:51]   rollout step 25 task 4/4 gen 1/4 turn 8/8 valid=True db -28.78->-28.94
[21:51:51] trajectory done: step 25 task 4/4 gen 1/4 turns=8 reason=max_turns reward=15.266  [397/960 trajectories overall]
[21:51:58]   rollout step 25 task 4/4 gen 2/4 turn 1/8 valid=True db -13.68->-13.95
[21:52:04]   rollout step 25 task 4/4 gen 2/4 turn 2/8 valid=True db -13.95->-12.60
[21:52:10]   rollout step 25 task 4/4 gen 2/4 turn 3/8 valid=True db -12.60->-12.86
[21:52:18]   rollout step 25 task 4/4 gen 2/4 turn 4/8 valid=True db -12.86->-11.67
[21:52:18] trajectory done: step 25 task 4/4 gen 2/4 turns=4 reason=patience reward=-0.411  [398/960 trajectories overall]
[21:52:24]   rollout step 25 task 4/4 gen 3/4 turn 1/8 valid=True db -13.68->-10.04
[21:52:28]   rollout step 25 task 4/4 gen 3/4 turn 2/8 valid=True db -10.04->-14.61
[21:52:36]   rollout step 25 task 4/4 gen 3/4 turn 3/8 valid=True db -14.61->-14.84
[21:52:46]   rollout step 25 task 4/4 gen 3/4 turn 4/8 valid=True db -14.84->-14.63
[21:52:53]   rollout step 25 task 4/4 gen 3/4 turn 5/8 valid=True db -14.63->-14.42
[21:53:02]   rollout step 25 task 4/4 gen 3/4 turn 6/8 valid=True db -14.42->-12.91
[21:53:02] trajectory done: step 25 task 4/4 gen 3/4 turns=6 reason=patience reward=0.586  [399/960 trajectories overall]
[21:53:14]   rollout step 25 task 4/4 gen 4/4 turn 1/8 valid=True db -13.68->-13.95
[21:53:19]   rollout step 25 task 4/4 gen 4/4 turn 2/8 valid=True db -13.95->-14.20
[21:53:26]   rollout step 25 task 4/4 gen 4/4 turn 3/8 valid=True db -14.20->-13.97
[21:53:32]   rollout step 25 task 4/4 gen 4/4 turn 4/8 valid=True db -13.97->-12.81
[21:53:36]   rollout step 25 task 4/4 gen 4/4 turn 5/8 valid=True db -12.81->-13.89
[21:53:36] trajectory done: step 25 task 4/4 gen 4/4 turns=5 reason=patience reward=0.428  [400/960 trajectories overall]
[21:53:42]   gradient pass 20/73 turns backpropagated
[21:53:49]   gradient pass 40/73 turns backpropagated
[21:53:56]   gradient pass 60/73 turns backpropagated
[21:54:01]   gradient pass 73/73 turns backpropagated
[21:54:01] step 25/60 loss=1.27971 reward_mean=7.951 reward_std=10.872 turns_mean=4.6 goal_met=4/16 stop=0 patience=10
[21:54:03] saved checkpoint to /home/yue1guo2/workspace/qucs-llm-optimizer/outputs/2026-09-09-1810-multiturn-nightly-4x4x60/checkpoint-25
[21:54:11]   rollout step 26 task 1/4 gen 1/4 turn 1/8 valid=True db -9.44->-6.93
[21:54:20]   rollout step 26 task 1/4 gen 1/4 turn 2/8 valid=True db -6.93->-4.98
[21:54:29]   rollout step 26 task 1/4 gen 1/4 turn 3/8 valid=True db -4.98->-5.44
[21:54:29] trajectory done: step 26 task 1/4 gen 1/4 turns=3 reason=patience reward=-1.201  [401/960 trajectories overall]
[21:54:35]   rollout step 26 task 1/4 gen 2/4 turn 1/8 valid=True db -9.44->-8.52
[21:54:43]   rollout step 26 task 1/4 gen 2/4 turn 2/8 valid=True db -8.52->-8.61
[21:54:47]   rollout step 26 task 1/4 gen 2/4 turn 3/8 valid=True db -8.61->-8.70
[21:54:47] trajectory done: step 26 task 1/4 gen 2/4 turns=3 reason=patience reward=-0.223  [402/960 trajectories overall]
[21:54:55]   rollout step 26 task 1/4 gen 3/4 turn 1/8 valid=True db -9.44->-6.09
[21:55:01]   rollout step 26 task 1/4 gen 3/4 turn 2/8 valid=True db -6.09->-6.25
[21:55:11]   rollout step 26 task 1/4 gen 3/4 turn 3/8 valid=True db -6.25->-6.40
[21:55:11] trajectory done: step 26 task 1/4 gen 3/4 turns=3 reason=patience reward=-0.910  [403/960 trajectories overall]
[21:55:18]   rollout step 26 task 1/4 gen 4/4 turn 1/8 valid=True db -9.44->-9.70
[21:55:24]   rollout step 26 task 1/4 gen 4/4 turn 2/8 valid=True db -9.70->-6.26
[21:55:30]   rollout step 26 task 1/4 gen 4/4 turn 3/8 valid=True db -6.26->-10.14
[21:55:37]   rollout step 26 task 1/4 gen 4/4 turn 4/8 valid=True db -10.14->-6.60
[21:55:48]   rollout step 26 task 1/4 gen 4/4 turn 5/8 valid=True db -6.60->-9.92
[21:55:54]   rollout step 26 task 1/4 gen 4/4 turn 6/8 valid=True db -9.92->-12.55
[21:56:01]   rollout step 26 task 1/4 gen 4/4 turn 7/8 valid=True db -12.55->-12.36
[21:56:07]   rollout step 26 task 1/4 gen 4/4 turn 8/8 valid=True db -12.36->-12.34
[21:56:07] trajectory done: step 26 task 1/4 gen 4/4 turns=8 reason=max_turns reward=3.046  [404/960 trajectories overall]
[21:56:13]   rollout step 26 task 2/4 gen 1/4 turn 1/8 valid=True db -14.82->-14.52
[21:56:24]   rollout step 26 task 2/4 gen 1/4 turn 2/8 valid=True db -14.52->-15.46
[21:56:33]   rollout step 26 task 2/4 gen 1/4 turn 3/8 valid=True db -15.46->-15.39
[21:56:40]   rollout step 26 task 2/4 gen 1/4 turn 4/8 valid=True db -15.39->-15.22
[21:56:48]   rollout step 26 task 2/4 gen 1/4 turn 5/8 valid=True db -15.22->-13.08
[21:56:48] trajectory done: step 26 task 2/4 gen 1/4 turns=5 reason=patience reward=-0.075  [405/960 trajectories overall]
[21:56:57]   rollout step 26 task 2/4 gen 2/4 turn 1/8 valid=True db -14.82->-20.82
[21:57:04]   rollout step 26 task 2/4 gen 2/4 turn 2/8 valid=True db -20.82->-12.32
[21:57:10]   rollout step 26 task 2/4 gen 2/4 turn 3/8 valid=True db -12.32->-10.69
[21:57:17]   rollout step 26 task 2/4 gen 2/4 turn 4/8 valid=True db -10.69->-10.09
[21:57:17] trajectory done: step 26 task 2/4 gen 2/4 turns=4 reason=patience reward=2.782  [406/960 trajectories overall]
[21:57:25]   rollout step 26 task 2/4 gen 3/4 turn 1/8 valid=True db -14.82->-14.52
[21:57:33]   rollout step 26 task 2/4 gen 3/4 turn 2/8 valid=True db -14.52->-17.18
[21:57:38]   rollout step 26 task 2/4 gen 3/4 turn 3/8 valid=True db -17.18->-14.73
[21:57:46]   rollout step 26 task 2/4 gen 3/4 turn 4/8 valid=True db -14.73->-15.56
[21:57:53]   rollout step 26 task 2/4 gen 3/4 turn 5/8 valid=True db -15.56->-15.48
[21:57:53] trajectory done: step 26 task 2/4 gen 3/4 turns=5 reason=patience reward=1.853  [407/960 trajectories overall]
[21:58:03]   rollout step 26 task 2/4 gen 4/4 turn 1/8 valid=True db -14.82->-15.95
[21:58:07]   rollout step 26 task 2/4 gen 4/4 turn 2/8 valid=False db -15.95->-15.95
[21:58:13]   rollout step 26 task 2/4 gen 4/4 turn 3/8 valid=True db -15.95->-12.99
[21:58:19]   rollout step 26 task 2/4 gen 4/4 turn 4/8 valid=True db -12.99->-15.76
[21:58:19] trajectory done: step 26 task 2/4 gen 4/4 turns=4 reason=patience reward=1.076  [408/960 trajectories overall]
[21:58:27]   rollout step 26 task 3/4 gen 1/4 turn 1/8 valid=True db -20.91->-17.77
[21:58:34]   rollout step 26 task 3/4 gen 1/4 turn 2/8 valid=True db -17.77->-3.13
[21:58:40]   rollout step 26 task 3/4 gen 1/4 turn 3/8 valid=True db -3.13->-16.30
[21:58:40] trajectory done: step 26 task 3/4 gen 1/4 turns=3 reason=patience reward=-1.384  [409/960 trajectories overall]
[21:58:49]   rollout step 26 task 3/4 gen 2/4 turn 1/8 valid=True db -20.91->-21.07
[21:58:57]   rollout step 26 task 3/4 gen 2/4 turn 2/8 valid=True db -21.07->-19.10
[21:59:02]   rollout step 26 task 3/4 gen 2/4 turn 3/8 valid=True db -19.10->-22.03
[21:59:12]   rollout step 26 task 3/4 gen 2/4 turn 4/8 valid=True db -22.03->-20.76
[21:59:19]   rollout step 26 task 3/4 gen 2/4 turn 5/8 valid=True db -20.76->-20.38
[21:59:27]   rollout step 26 task 3/4 gen 2/4 turn 6/8 valid=True db -20.38->-7.57
[21:59:27] trajectory done: step 26 task 3/4 gen 2/4 turns=6 reason=patience reward=-3.218  [410/960 trajectories overall]
[21:59:35]   rollout step 26 task 3/4 gen 3/4 turn 1/8 valid=True db -20.91->-21.56
[21:59:44]   rollout step 26 task 3/4 gen 3/4 turn 2/8 valid=True db -21.56->-22.16
[21:59:50]   rollout step 26 task 3/4 gen 3/4 turn 3/8 valid=True db -22.16->-23.69
[21:59:58]   rollout step 26 task 3/4 gen 3/4 turn 4/8 valid=True db -23.69->-22.44
[22:00:05]   rollout step 26 task 3/4 gen 3/4 turn 5/8 valid=True db -22.44->-22.44
[22:00:05] trajectory done: step 26 task 3/4 gen 3/4 turns=5 reason=stop reward=2.409  [411/960 trajectories overall]
[22:00:13]   rollout step 26 task 3/4 gen 4/4 turn 1/8 valid=True db -20.91->-21.07
[22:00:20]   rollout step 26 task 3/4 gen 4/4 turn 2/8 valid=True db -21.07->-21.22
[22:00:26]   rollout step 26 task 3/4 gen 4/4 turn 3/8 valid=True db -21.22->-14.56
[22:00:32]   rollout step 26 task 3/4 gen 4/4 turn 4/8 valid=True db -14.56->-15.53
[22:00:39]   rollout step 26 task 3/4 gen 4/4 turn 5/8 valid=True db -15.53->-11.47
[22:00:39] trajectory done: step 26 task 3/4 gen 4/4 turns=5 reason=patience reward=-2.616  [412/960 trajectories overall]
[22:00:48]   rollout step 26 task 4/4 gen 1/4 turn 1/8 valid=True db -16.94->-16.60
[22:00:53]   rollout step 26 task 4/4 gen 1/4 turn 2/8 valid=True db -16.60->-16.92
[22:01:00]   rollout step 26 task 4/4 gen 1/4 turn 3/8 valid=True db -16.92->-16.62
[22:01:00] trajectory done: step 26 task 4/4 gen 1/4 turns=3 reason=patience reward=-0.096  [413/960 trajectories overall]
[22:01:06]   rollout step 26 task 4/4 gen 2/4 turn 1/8 valid=True db -16.94->-17.16
[22:01:13]   rollout step 26 task 4/4 gen 2/4 turn 2/8 valid=True db -17.16->-17.37
[22:01:21]   rollout step 26 task 4/4 gen 2/4 turn 3/8 valid=True db -17.37->-17.08
[22:01:27]   rollout step 26 task 4/4 gen 2/4 turn 4/8 valid=True db -17.08->-17.35
[22:01:38]   rollout step 26 task 4/4 gen 2/4 turn 5/8 valid=True db -17.35->-17.59
[22:01:47]   rollout step 26 task 4/4 gen 2/4 turn 6/8 valid=True db -17.59->-28.67
[22:01:56]   rollout step 26 task 4/4 gen 2/4 turn 7/8 valid=True db -28.67->-27.97
[22:02:01]   rollout step 26 task 4/4 gen 2/4 turn 8/8 valid=True db -27.97->-28.62
[22:02:01] trajectory done: step 26 task 4/4 gen 2/4 turns=8 reason=max_turns reward=11.709  [414/960 trajectories overall]
[22:02:05]   rollout step 26 task 4/4 gen 3/4 turn 1/8 valid=False db -16.94->-16.94
[22:02:11]   rollout step 26 task 4/4 gen 3/4 turn 2/8 valid=True db -16.94->-12.51
[22:02:19]   rollout step 26 task 4/4 gen 3/4 turn 3/8 valid=True db -12.51->-16.62
[22:02:19] trajectory done: step 26 task 4/4 gen 3/4 turns=3 reason=patience reward=-0.098  [415/960 trajectories overall]
[22:02:25]   rollout step 26 task 4/4 gen 4/4 turn 1/8 valid=True db -16.94->-17.29
[22:02:31]   rollout step 26 task 4/4 gen 4/4 turn 2/8 valid=True db -17.29->-57.73
[22:02:31] trajectory done: step 26 task 4/4 gen 4/4 turns=2 reason=goal_met reward=40.000  [416/960 trajectories overall]
[22:02:38]   gradient pass 20/70 turns backpropagated
[22:02:45]   gradient pass 40/70 turns backpropagated
[22:02:51]   gradient pass 60/70 turns backpropagated
[22:02:55]   gradient pass 70/70 turns backpropagated
[22:02:55] step 26/60 loss=2.12228 reward_mean=3.316 reward_std=10.031 turns_mean=4.4 goal_met=1/16 stop=1 patience=12
[22:03:04]   rollout step 27 task 1/4 gen 1/4 turn 1/8 valid=True db -8.24->-9.11
[22:03:11]   rollout step 27 task 1/4 gen 1/4 turn 2/8 valid=True db -9.11->-13.20
[22:03:16]   rollout step 27 task 1/4 gen 1/4 turn 3/8 valid=True db -13.20->-18.28
[22:03:24]   rollout step 27 task 1/4 gen 1/4 turn 4/8 valid=True db -18.28->-18.12
[22:03:31]   rollout step 27 task 1/4 gen 1/4 turn 5/8 valid=True db -18.12->-17.75
[22:03:40]   rollout step 27 task 1/4 gen 1/4 turn 6/8 valid=True db -17.75->-17.55
[22:03:40] trajectory done: step 27 task 1/4 gen 1/4 turns=6 reason=patience reward=9.819  [417/960 trajectories overall]
[22:03:49]   rollout step 27 task 1/4 gen 2/4 turn 1/8 valid=True db -8.24->-8.32
[22:03:55]   rollout step 27 task 1/4 gen 2/4 turn 2/8 valid=True db -8.32->-12.68
[22:04:02]   rollout step 27 task 1/4 gen 2/4 turn 3/8 valid=True db -12.68->-8.66
[22:04:08]   rollout step 27 task 1/4 gen 2/4 turn 4/8 valid=True db -8.66->-6.75
[22:04:12]   rollout step 27 task 1/4 gen 2/4 turn 5/8 valid=True db -6.75->-9.46
[22:04:12] trajectory done: step 27 task 1/4 gen 2/4 turns=5 reason=patience reward=3.471  [418/960 trajectories overall]
[22:04:26]   rollout step 27 task 1/4 gen 3/4 turn 1/8 valid=True db -8.24->-8.32
[22:04:34]   rollout step 27 task 1/4 gen 3/4 turn 2/8 valid=True db -8.32->-11.41
[22:04:40]   rollout step 27 task 1/4 gen 3/4 turn 3/8 valid=True db -11.41->-49.69
[22:04:40] trajectory done: step 27 task 1/4 gen 3/4 turns=3 reason=goal_met reward=40.000  [419/960 trajectories overall]
[22:04:48]   rollout step 27 task 1/4 gen 4/4 turn 1/8 valid=False db -8.24->-8.24
[22:04:57]   rollout step 27 task 1/4 gen 4/4 turn 2/8 valid=True db -8.24->-6.60
[22:05:02]   rollout step 27 task 1/4 gen 4/4 turn 3/8 valid=True db -6.60->-9.59
[22:05:09]   rollout step 27 task 1/4 gen 4/4 turn 4/8 valid=True db -9.59->-11.42
[22:05:18]   rollout step 27 task 1/4 gen 4/4 turn 5/8 valid=True db -11.42->-14.72
[22:05:31]   rollout step 27 task 1/4 gen 4/4 turn 6/8 valid=True db -14.72->-22.28
[22:05:41]   rollout step 27 task 1/4 gen 4/4 turn 7/8 valid=True db -22.28->-22.32
[22:05:49]   rollout step 27 task 1/4 gen 4/4 turn 8/8 valid=True db -22.32->-31.37
[22:05:49] trajectory done: step 27 task 1/4 gen 4/4 turns=8 reason=goal_met reward=23.125  [420/960 trajectories overall]
[22:05:56]   rollout step 27 task 2/4 gen 1/4 turn 1/8 valid=True db -10.62->-15.74
[22:06:03]   rollout step 27 task 2/4 gen 1/4 turn 2/8 valid=True db -15.74->-0.94
[22:06:07]   rollout step 27 task 2/4 gen 1/4 turn 3/8 valid=True db -0.94->-13.45
[22:06:14]   rollout step 27 task 2/4 gen 1/4 turn 4/8 valid=True db -13.45->-13.09
[22:06:14] trajectory done: step 27 task 2/4 gen 1/4 turns=4 reason=patience reward=4.327  [421/960 trajectories overall]
[22:06:21]   rollout step 27 task 2/4 gen 2/4 turn 1/8 valid=True db -10.62->-7.18
[22:06:26]   rollout step 27 task 2/4 gen 2/4 turn 2/8 valid=True db -7.18->-10.67
[22:06:37]   rollout step 27 task 2/4 gen 2/4 turn 3/8 valid=True db -10.67->-31.17
[22:06:37] trajectory done: step 27 task 2/4 gen 2/4 turns=3 reason=goal_met reward=20.552  [422/960 trajectories overall]
[22:06:45]   rollout step 27 task 2/4 gen 3/4 turn 1/8 valid=True db -10.62->-15.31
[22:06:53]   rollout step 27 task 2/4 gen 3/4 turn 2/8 valid=True db -15.31->-0.80
[22:07:02]   rollout step 27 task 2/4 gen 3/4 turn 3/8 valid=True db -0.80->-0.80
[22:07:02] trajectory done: step 27 task 2/4 gen 3/4 turns=3 reason=stop reward=0.346  [423/960 trajectories overall]
[22:07:08]   rollout step 27 task 2/4 gen 4/4 turn 1/8 valid=True db -10.62->-10.85
[22:07:16]   rollout step 27 task 2/4 gen 4/4 turn 2/8 valid=True db -10.85->-18.70
[22:07:24]   rollout step 27 task 2/4 gen 4/4 turn 3/8 valid=True db -18.70->-18.84
[22:07:31]   rollout step 27 task 2/4 gen 4/4 turn 4/8 valid=True db -18.84->-18.97
[22:07:37]   rollout step 27 task 2/4 gen 4/4 turn 5/8 valid=True db -18.97->-2.74
[22:07:42]   rollout step 27 task 2/4 gen 4/4 turn 6/8 valid=True db -2.74->-16.59
[22:07:53]   rollout step 27 task 2/4 gen 4/4 turn 7/8 valid=True db -16.59->-16.91
[22:07:53] trajectory done: step 27 task 2/4 gen 4/4 turns=7 reason=patience reward=7.736  [424/960 trajectories overall]
[22:07:59]   rollout step 27 task 3/4 gen 1/4 turn 1/8 valid=True db -11.74->-11.82
[22:08:04]   rollout step 27 task 3/4 gen 1/4 turn 2/8 valid=True db -11.82->-20.50
[22:08:12]   rollout step 27 task 3/4 gen 1/4 turn 3/8 valid=True db -20.50->-20.57
[22:08:23]   rollout step 27 task 3/4 gen 1/4 turn 4/8 valid=True db -20.57->-20.63
[22:08:30]   rollout step 27 task 3/4 gen 1/4 turn 5/8 valid=True db -20.63->-16.65
[22:08:30] trajectory done: step 27 task 3/4 gen 1/4 turns=5 reason=patience reward=7.701  [425/960 trajectories overall]
[22:08:39]   rollout step 27 task 3/4 gen 2/4 turn 1/8 valid=True db -11.74->-11.82
[22:08:45]   rollout step 27 task 3/4 gen 2/4 turn 2/8 valid=True db -11.82->-20.43
[22:08:55]   rollout step 27 task 3/4 gen 2/4 turn 3/8 valid=True db -20.43->-13.70
[22:09:02]   rollout step 27 task 3/4 gen 2/4 turn 4/8 valid=True db -13.70->-21.87
[22:09:12]   rollout step 27 task 3/4 gen 2/4 turn 5/8 valid=True db -21.87->-14.94
[22:09:20]   rollout step 27 task 3/4 gen 2/4 turn 6/8 valid=True db -14.94->-14.65
[22:09:26]   rollout step 27 task 3/4 gen 2/4 turn 7/8 valid=True db -14.65->-24.69
[22:09:34]   rollout step 27 task 3/4 gen 2/4 turn 8/8 valid=True db -24.69->-15.74
[22:09:34] trajectory done: step 27 task 3/4 gen 2/4 turns=8 reason=max_turns reward=10.269  [426/960 trajectories overall]
[22:09:38]   rollout step 27 task 3/4 gen 3/4 turn 1/8 valid=False db -11.74->-11.74
[22:09:47]   rollout step 27 task 3/4 gen 3/4 turn 2/8 valid=True db -11.74->-11.81
[22:09:56]   rollout step 27 task 3/4 gen 3/4 turn 3/8 valid=True db -11.81->-11.88
[22:09:56] trajectory done: step 27 task 3/4 gen 3/4 turns=3 reason=patience reward=0.139  [427/960 trajectories overall]
[22:10:02]   rollout step 27 task 3/4 gen 4/4 turn 1/8 valid=True db -11.74->-8.33
[22:10:09]   rollout step 27 task 3/4 gen 4/4 turn 2/8 valid=True db -8.33->-7.74
[22:10:14]   rollout step 27 task 3/4 gen 4/4 turn 3/8 valid=True db -7.74->-8.22
[22:10:14] trajectory done: step 27 task 3/4 gen 4/4 turns=3 reason=patience reward=-1.055  [428/960 trajectories overall]
[22:10:23]   rollout step 27 task 4/4 gen 1/4 turn 1/8 valid=True db -5.23->-6.61
[22:10:30]   rollout step 27 task 4/4 gen 1/4 turn 2/8 valid=True db -6.61->-7.50
[22:10:37]   rollout step 27 task 4/4 gen 1/4 turn 3/8 valid=True db -7.50->-10.65
[22:10:46]   rollout step 27 task 4/4 gen 1/4 turn 4/8 valid=True db -10.65->-11.70
[22:10:51]   rollout step 27 task 4/4 gen 1/4 turn 5/8 valid=False db -11.70->-11.70
[22:10:58]   rollout step 27 task 4/4 gen 1/4 turn 6/8 valid=True db -11.70->-12.23
[22:11:05]   rollout step 27 task 4/4 gen 1/4 turn 7/8 valid=True db -12.23->-33.45
[22:11:05] trajectory done: step 27 task 4/4 gen 1/4 turns=7 reason=goal_met reward=28.213  [429/960 trajectories overall]
[22:11:14]   rollout step 27 task 4/4 gen 2/4 turn 1/8 valid=True db -5.23->-6.61
[22:11:18]   rollout step 27 task 4/4 gen 2/4 turn 2/8 valid=False db -6.61->-6.61
[22:11:24]   rollout step 27 task 4/4 gen 2/4 turn 3/8 valid=True db -6.61->-6.96
[22:11:33]   rollout step 27 task 4/4 gen 2/4 turn 4/8 valid=True db -6.96->-10.93
[22:11:41]   rollout step 27 task 4/4 gen 2/4 turn 5/8 valid=True db -10.93->-14.36
[22:11:47]   rollout step 27 task 4/4 gen 2/4 turn 6/8 valid=True db -14.36->-17.87
[22:11:54]   rollout step 27 task 4/4 gen 2/4 turn 7/8 valid=True db -17.87->-22.31
[22:12:00]   rollout step 27 task 4/4 gen 2/4 turn 8/8 valid=True db -22.31->-22.64
[22:12:00] trajectory done: step 27 task 4/4 gen 2/4 turns=8 reason=max_turns reward=17.409  [430/960 trajectories overall]
[22:12:05]   rollout step 27 task 4/4 gen 3/4 turn 1/8 valid=True db -5.23->-4.96
[22:12:13]   rollout step 27 task 4/4 gen 3/4 turn 2/8 valid=True db -4.96->-4.81
[22:12:20]   rollout step 27 task 4/4 gen 3/4 turn 3/8 valid=True db -4.81->-4.95
[22:12:20] trajectory done: step 27 task 4/4 gen 3/4 turns=3 reason=patience reward=-0.084  [431/960 trajectories overall]
[22:12:28]   rollout step 27 task 4/4 gen 4/4 turn 1/8 valid=True db -5.23->-5.39
[22:12:33]   rollout step 27 task 4/4 gen 4/4 turn 2/8 valid=True db -5.39->-6.80
[22:12:41]   rollout step 27 task 4/4 gen 4/4 turn 3/8 valid=True db -6.80->-6.94
[22:12:49]   rollout step 27 task 4/4 gen 4/4 turn 4/8 valid=True db -6.94->-7.05
[22:12:55]   rollout step 27 task 4/4 gen 4/4 turn 5/8 valid=True db -7.05->-9.39
[22:13:05]   rollout step 27 task 4/4 gen 4/4 turn 6/8 valid=True db -9.39->-9.79
[22:13:13]   rollout step 27 task 4/4 gen 4/4 turn 7/8 valid=True db -9.79->-15.18
[22:13:21]   rollout step 27 task 4/4 gen 4/4 turn 8/8 valid=True db -15.18->-16.55
[22:13:21] trajectory done: step 27 task 4/4 gen 4/4 turns=8 reason=max_turns reward=11.316  [432/960 trajectories overall]
[22:13:28]   gradient pass 20/84 turns backpropagated
[22:13:35]   gradient pass 40/84 turns backpropagated
[22:13:41]   gradient pass 60/84 turns backpropagated
[22:13:49]   gradient pass 80/84 turns backpropagated
[22:13:50]   gradient pass 84/84 turns backpropagated
[22:13:50] step 27/60 loss=2.16848 reward_mean=11.455 reward_std=11.285 turns_mean=5.2 goal_met=4/16 stop=1 patience=8
[22:13:56]   rollout step 28 task 1/4 gen 1/4 turn 1/8 valid=True db -6.59->-10.95
[22:14:01]   rollout step 28 task 1/4 gen 1/4 turn 2/8 valid=True db -10.95->-9.43
[22:14:06]   rollout step 28 task 1/4 gen 1/4 turn 3/8 valid=True db -9.43->-19.65
[22:14:12]   rollout step 28 task 1/4 gen 1/4 turn 4/8 valid=True db -19.65->-12.09
[22:14:17]   rollout step 28 task 1/4 gen 1/4 turn 5/8 valid=True db -12.09->-21.18
[22:14:21]   rollout step 28 task 1/4 gen 1/4 turn 6/8 valid=True db -21.18->-13.45
[22:14:26]   rollout step 28 task 1/4 gen 1/4 turn 7/8 valid=True db -13.45->-3.43
[22:14:30]   rollout step 28 task 1/4 gen 1/4 turn 8/8 valid=True db -3.43->-12.41
[22:14:30] trajectory done: step 28 task 1/4 gen 1/4 turns=8 reason=patience reward=11.961  [433/960 trajectories overall]
[22:14:40]   rollout step 28 task 1/4 gen 2/4 turn 1/8 valid=True db -6.59->-10.53
[22:14:46]   rollout step 28 task 1/4 gen 2/4 turn 2/8 valid=True db -10.53->-6.74
[22:14:56]   rollout step 28 task 1/4 gen 2/4 turn 3/8 valid=True db -6.74->-10.07
[22:15:04]   rollout step 28 task 1/4 gen 2/4 turn 4/8 valid=True db -10.07->-6.88
[22:15:04] trajectory done: step 28 task 1/4 gen 2/4 turns=4 reason=patience reward=2.851  [434/960 trajectories overall]
[22:15:14]   rollout step 28 task 1/4 gen 3/4 turn 1/8 valid=True db -6.59->-6.99
[22:15:22]   rollout step 28 task 1/4 gen 3/4 turn 2/8 valid=True db -6.99->-6.65
[22:15:30]   rollout step 28 task 1/4 gen 3/4 turn 3/8 valid=True db -6.65->-6.70
[22:15:42]   rollout step 28 task 1/4 gen 3/4 turn 4/8 valid=True db -6.70->-9.46
[22:15:51]   rollout step 28 task 1/4 gen 3/4 turn 5/8 valid=True db -9.46->-9.51
[22:15:57]   rollout step 28 task 1/4 gen 3/4 turn 6/8 valid=True db -9.51->-18.81
[22:16:04]   rollout step 28 task 1/4 gen 3/4 turn 7/8 valid=True db -18.81->-9.47
[22:16:08]   rollout step 28 task 1/4 gen 3/4 turn 8/8 valid=True db -9.47->-20.61
[22:16:08] trajectory done: step 28 task 1/4 gen 3/4 turns=8 reason=max_turns reward=14.024  [435/960 trajectories overall]
[22:16:13]   rollout step 28 task 1/4 gen 4/4 turn 1/8 valid=True db -6.59->-6.31
[22:16:20]   rollout step 28 task 1/4 gen 4/4 turn 2/8 valid=True db -6.31->-6.31
[22:16:24]   rollout step 28 task 1/4 gen 4/4 turn 3/8 valid=True db -6.31->-6.31
[22:16:24] trajectory done: step 28 task 1/4 gen 4/4 turns=3 reason=patience reward=-0.084  [436/960 trajectories overall]
[22:16:31]   rollout step 28 task 2/4 gen 1/4 turn 1/8 valid=True db -34.35->-34.45
[22:16:31] trajectory done: step 28 task 2/4 gen 1/4 turns=1 reason=goal_met reward=0.094  [437/960 trajectories overall]
[22:16:40]   rollout step 28 task 2/4 gen 2/4 turn 1/8 valid=True db -34.35->-34.00
[22:16:40] trajectory done: step 28 task 2/4 gen 2/4 turns=1 reason=goal_met reward=-0.105  [438/960 trajectories overall]
[22:16:48]   rollout step 28 task 2/4 gen 3/4 turn 1/8 valid=True db -34.35->-30.09
[22:16:48] trajectory done: step 28 task 2/4 gen 3/4 turns=1 reason=goal_met reward=-1.278  [439/960 trajectories overall]
[22:16:56]   rollout step 28 task 2/4 gen 4/4 turn 1/8 valid=True db -34.35->-6.44
[22:17:02]   rollout step 28 task 2/4 gen 4/4 turn 2/8 valid=True db -6.44->-1.35
[22:17:08]   rollout step 28 task 2/4 gen 4/4 turn 3/8 valid=True db -1.35->-1.35
[22:17:08] trajectory done: step 28 task 2/4 gen 4/4 turns=3 reason=patience reward=-9.901  [440/960 trajectories overall]
[22:17:12]   rollout step 28 task 3/4 gen 1/4 turn 1/8 valid=False db -10.99->-10.99
[22:17:17]   rollout step 28 task 3/4 gen 1/4 turn 2/8 valid=True db -10.99->-8.17
[22:17:21]   rollout step 28 task 3/4 gen 1/4 turn 3/8 valid=True db -8.17->-10.80
[22:17:21] trajectory done: step 28 task 3/4 gen 1/4 turns=3 reason=patience reward=-0.056  [441/960 trajectories overall]
[22:17:33]   rollout step 28 task 3/4 gen 2/4 turn 1/8 valid=True db -10.99->-11.15
[22:17:42]   rollout step 28 task 3/4 gen 2/4 turn 2/8 valid=True db -11.15->-11.29
[22:17:50]   rollout step 28 task 3/4 gen 2/4 turn 3/8 valid=True db -11.29->-8.55
[22:17:57]   rollout step 28 task 3/4 gen 2/4 turn 4/8 valid=True db -8.55->-11.11
[22:18:07]   rollout step 28 task 3/4 gen 2/4 turn 5/8 valid=True db -11.11->-13.35
[22:18:14]   rollout step 28 task 3/4 gen 2/4 turn 6/8 valid=True db -13.35->-11.26
[22:18:20]   rollout step 28 task 3/4 gen 2/4 turn 7/8 valid=True db -11.26->-13.20
[22:18:28]   rollout step 28 task 3/4 gen 2/4 turn 8/8 valid=True db -13.20->-15.06
[22:18:28] trajectory done: step 28 task 3/4 gen 2/4 turns=8 reason=max_turns reward=4.069  [442/960 trajectories overall]
[22:18:39]   rollout step 28 task 3/4 gen 3/4 turn 1/8 valid=True db -10.99->-11.15
[22:18:48]   rollout step 28 task 3/4 gen 3/4 turn 2/8 valid=True db -11.15->-11.06
[22:18:54]   rollout step 28 task 3/4 gen 3/4 turn 3/8 valid=True db -11.06->-11.18
[22:18:54] trajectory done: step 28 task 3/4 gen 3/4 turns=3 reason=patience reward=0.186  [443/960 trajectories overall]
[22:19:04]   rollout step 28 task 3/4 gen 4/4 turn 1/8 valid=True db -10.99->-11.35
[22:19:12]   rollout step 28 task 3/4 gen 4/4 turn 2/8 valid=True db -11.35->-17.17
[22:19:20]   rollout step 28 task 3/4 gen 4/4 turn 3/8 valid=False db -17.17->-17.17
[22:19:29]   rollout step 28 task 3/4 gen 4/4 turn 4/8 valid=True db -17.17->-22.44
[22:19:38]   rollout step 28 task 3/4 gen 4/4 turn 5/8 valid=True db -22.44->-17.42
[22:19:46]   rollout step 28 task 3/4 gen 4/4 turn 6/8 valid=True db -17.42->-17.68
[22:19:51]   rollout step 28 task 3/4 gen 4/4 turn 7/8 valid=True db -17.68->-5.46
[22:19:51] trajectory done: step 28 task 3/4 gen 4/4 turns=7 reason=patience reward=6.355  [444/960 trajectories overall]
[22:20:00]   rollout step 28 task 4/4 gen 1/4 turn 1/8 valid=True db -12.25->-11.95
[22:20:07]   rollout step 28 task 4/4 gen 1/4 turn 2/8 valid=True db -11.95->-7.05
[22:20:15]   rollout step 28 task 4/4 gen 1/4 turn 3/8 valid=True db -7.05->-8.25
[22:20:15] trajectory done: step 28 task 4/4 gen 1/4 turns=3 reason=patience reward=-1.200  [445/960 trajectories overall]
[22:20:25]   rollout step 28 task 4/4 gen 2/4 turn 1/8 valid=True db -12.25->-11.85
[22:20:31]   rollout step 28 task 4/4 gen 2/4 turn 2/8 valid=True db -11.85->-12.24
[22:20:39]   rollout step 28 task 4/4 gen 2/4 turn 3/8 valid=True db -12.24->-12.24
[22:20:39] trajectory done: step 28 task 4/4 gen 2/4 turns=3 reason=patience reward=-0.002  [446/960 trajectories overall]
[22:20:47]   rollout step 28 task 4/4 gen 3/4 turn 1/8 valid=True db -12.25->-13.44
[22:20:53]   rollout step 28 task 4/4 gen 3/4 turn 2/8 valid=True db -13.44->-13.05
[22:20:59]   rollout step 28 task 4/4 gen 3/4 turn 3/8 valid=True db -13.05->-13.05
[22:20:59] trajectory done: step 28 task 4/4 gen 3/4 turns=3 reason=stop reward=1.081  [447/960 trajectories overall]
[22:21:06]   rollout step 28 task 4/4 gen 4/4 turn 1/8 valid=True db -12.25->-12.34
[22:21:13]   rollout step 28 task 4/4 gen 4/4 turn 2/8 valid=True db -12.34->-12.43
[22:21:19]   rollout step 28 task 4/4 gen 4/4 turn 3/8 valid=True db -12.43->-25.82
[22:21:26]   rollout step 28 task 4/4 gen 4/4 turn 4/8 valid=True db -25.82->-10.43
[22:21:32]   rollout step 28 task 4/4 gen 4/4 turn 5/8 valid=True db -10.43->-10.35
[22:21:37]   rollout step 28 task 4/4 gen 4/4 turn 6/8 valid=True db -10.35->-10.43
[22:21:37] trajectory done: step 28 task 4/4 gen 4/4 turns=6 reason=patience reward=8.956  [448/960 trajectories overall]
[22:21:44]   gradient pass 20/65 turns backpropagated
[22:21:51]   gradient pass 40/65 turns backpropagated
[22:21:58]   gradient pass 60/65 turns backpropagated
[22:22:00]   gradient pass 65/65 turns backpropagated
[22:22:00] step 28/60 loss=4.77450 reward_mean=2.309 reward_std=5.602 turns_mean=4.1 goal_met=3/16 stop=1 patience=10
[22:22:06]   rollout step 29 task 1/4 gen 1/4 turn 1/8 valid=True db -11.52->-11.96
[22:22:13]   rollout step 29 task 1/4 gen 1/4 turn 2/8 valid=True db -11.96->-11.68
[22:22:19]   rollout step 29 task 1/4 gen 1/4 turn 3/8 valid=True db -11.68->-11.30
[22:22:27]   rollout step 29 task 1/4 gen 1/4 turn 4/8 valid=True db -11.30->-11.66
[22:22:27] trajectory done: step 29 task 1/4 gen 1/4 turns=4 reason=patience reward=0.356  [449/960 trajectories overall]
[22:22:40]   rollout step 29 task 1/4 gen 2/4 turn 1/8 valid=True db -11.52->-11.48
[22:22:49]   rollout step 29 task 1/4 gen 2/4 turn 2/8 valid=True db -11.48->-9.88
[22:22:54]   rollout step 29 task 1/4 gen 2/4 turn 3/8 valid=True db -9.88->-10.11
[22:22:54] trajectory done: step 29 task 1/4 gen 2/4 turns=3 reason=patience reward=-0.422  [450/960 trajectories overall]
[22:23:00]   rollout step 29 task 1/4 gen 3/4 turn 1/8 valid=True db -11.52->-22.39
[22:23:06]   rollout step 29 task 1/4 gen 3/4 turn 2/8 valid=True db -22.39->-7.33
[22:23:12]   rollout step 29 task 1/4 gen 3/4 turn 3/8 valid=True db -7.33->-7.29
[22:23:23]   rollout step 29 task 1/4 gen 3/4 turn 4/8 valid=True db -7.29->-2.52
[22:23:23] trajectory done: step 29 task 1/4 gen 3/4 turns=4 reason=patience reward=4.913  [451/960 trajectories overall]
[22:23:31]   rollout step 29 task 1/4 gen 4/4 turn 1/8 valid=True db -11.52->-11.96
[22:23:39]   rollout step 29 task 1/4 gen 4/4 turn 2/8 valid=True db -11.96->-10.01
[22:23:45]   rollout step 29 task 1/4 gen 4/4 turn 3/8 valid=True db -10.01->-10.33
[22:23:53]   rollout step 29 task 1/4 gen 4/4 turn 4/8 valid=True db -10.33->-10.66
[22:23:53] trajectory done: step 29 task 1/4 gen 4/4 turns=4 reason=patience reward=0.055  [452/960 trajectories overall]
[22:23:59]   rollout step 29 task 2/4 gen 1/4 turn 1/8 valid=True db -6.41->-6.61
[22:24:03]   rollout step 29 task 2/4 gen 1/4 turn 2/8 valid=True db -6.61->-6.79
[22:24:11]   rollout step 29 task 2/4 gen 1/4 turn 3/8 valid=True db -6.79->-6.96
[22:24:18]   rollout step 29 task 2/4 gen 1/4 turn 4/8 valid=True db -6.96->-6.80
[22:24:28]   rollout step 29 task 2/4 gen 1/4 turn 5/8 valid=True db -6.80->-6.66
[22:24:28] trajectory done: step 29 task 2/4 gen 1/4 turns=5 reason=patience reward=0.454  [453/960 trajectories overall]
[22:24:39]   rollout step 29 task 2/4 gen 2/4 turn 1/8 valid=True db -6.41->-6.22
[22:24:45]   rollout step 29 task 2/4 gen 2/4 turn 2/8 valid=True db -6.22->-6.05
[22:24:54]   rollout step 29 task 2/4 gen 2/4 turn 3/8 valid=True db -6.05->-6.21
[22:24:54] trajectory done: step 29 task 2/4 gen 2/4 turns=3 reason=patience reward=-0.061  [454/960 trajectories overall]
[22:25:00]   rollout step 29 task 2/4 gen 3/4 turn 1/8 valid=True db -6.41->-5.48
[22:25:05]   rollout step 29 task 2/4 gen 3/4 turn 2/8 valid=True db -5.48->-4.96
[22:25:11]   rollout step 29 task 2/4 gen 3/4 turn 3/8 valid=True db -4.96->-4.96
[22:25:11] trajectory done: step 29 task 2/4 gen 3/4 turns=3 reason=patience reward=-0.435  [455/960 trajectories overall]
[22:25:20]   rollout step 29 task 2/4 gen 4/4 turn 1/8 valid=True db -6.41->-5.49
[22:25:33]   rollout step 29 task 2/4 gen 4/4 turn 2/8 valid=True db -5.49->-5.88
[22:25:42]   rollout step 29 task 2/4 gen 4/4 turn 3/8 valid=True db -5.88->-7.17
[22:25:51]   rollout step 29 task 2/4 gen 4/4 turn 4/8 valid=True db -7.17->-9.21
[22:25:59]   rollout step 29 task 2/4 gen 4/4 turn 5/8 valid=True db -9.21->-8.81
[22:26:04]   rollout step 29 task 2/4 gen 4/4 turn 6/8 valid=True db -8.81->-8.99
[22:26:10]   rollout step 29 task 2/4 gen 4/4 turn 7/8 valid=True db -8.99->-14.34
[22:26:16]   rollout step 29 task 2/4 gen 4/4 turn 8/8 valid=True db -14.34->-18.06
[22:26:16] trajectory done: step 29 task 2/4 gen 4/4 turns=8 reason=max_turns reward=11.644  [456/960 trajectories overall]
[22:26:28]   rollout step 29 task 3/4 gen 1/4 turn 1/8 valid=True db -8.04->-6.81
[22:26:36]   rollout step 29 task 3/4 gen 1/4 turn 2/8 valid=True db -6.81->-8.03
[22:26:42]   rollout step 29 task 3/4 gen 1/4 turn 3/8 valid=False db -8.03->-8.03
[22:26:42] trajectory done: step 29 task 3/4 gen 1/4 turns=3 reason=patience reward=-0.004  [457/960 trajectories overall]
[22:26:52]   rollout step 29 task 3/4 gen 2/4 turn 1/8 valid=True db -8.04->-8.48
[22:26:58]   rollout step 29 task 3/4 gen 2/4 turn 2/8 valid=True db -8.48->-11.40
[22:27:04]   rollout step 29 task 3/4 gen 2/4 turn 3/8 valid=True db -11.40->-5.87
[22:27:11]   rollout step 29 task 3/4 gen 2/4 turn 4/8 valid=True db -5.87->-4.06
[22:27:17]   rollout step 29 task 3/4 gen 2/4 turn 5/8 valid=True db -4.06->-2.46
[22:27:17] trajectory done: step 29 task 3/4 gen 2/4 turns=5 reason=patience reward=0.674  [458/960 trajectories overall]
[22:27:28]   rollout step 29 task 3/4 gen 3/4 turn 1/8 valid=True db -8.04->-8.01
[22:27:37]   rollout step 29 task 3/4 gen 3/4 turn 2/8 valid=True db -8.01->-8.00
[22:27:44]   rollout step 29 task 3/4 gen 3/4 turn 3/8 valid=True db -8.00->-10.52
[22:27:51]   rollout step 29 task 3/4 gen 3/4 turn 4/8 valid=True db -10.52->-12.78
[22:27:58]   rollout step 29 task 3/4 gen 3/4 turn 5/8 valid=True db -12.78->-14.98
[22:28:03]   rollout step 29 task 3/4 gen 3/4 turn 6/8 valid=True db -14.98->-17.23
[22:28:08]   rollout step 29 task 3/4 gen 3/4 turn 7/8 valid=True db -17.23->-17.68
[22:28:15]   rollout step 29 task 3/4 gen 3/4 turn 8/8 valid=True db -17.68->-15.67
[22:28:15] trajectory done: step 29 task 3/4 gen 3/4 turns=8 reason=max_turns reward=9.036  [459/960 trajectories overall]
[22:28:23]   rollout step 29 task 3/4 gen 4/4 turn 1/8 valid=True db -8.04->-8.48
[22:28:30]   rollout step 29 task 3/4 gen 4/4 turn 2/8 valid=True db -8.48->-11.62
[22:28:34]   rollout step 29 task 3/4 gen 4/4 turn 3/8 valid=True db -11.62->-22.13
[22:28:46]   rollout step 29 task 3/4 gen 4/4 turn 4/8 valid=True db -22.13->-9.27
[22:28:52]   rollout step 29 task 3/4 gen 4/4 turn 5/8 valid=True db -9.27->-0.91
[22:28:58]   rollout step 29 task 3/4 gen 4/4 turn 6/8 valid=True db -0.91->-10.78
[22:28:58] trajectory done: step 29 task 3/4 gen 4/4 turns=6 reason=patience reward=10.679  [460/960 trajectories overall]
[22:29:06]   rollout step 29 task 4/4 gen 1/4 turn 1/8 valid=True db -9.05->-6.41
[22:29:10]   rollout step 29 task 4/4 gen 1/4 turn 2/8 valid=True db -6.41->-9.57
[22:29:19]   rollout step 29 task 4/4 gen 1/4 turn 3/8 valid=True db -9.57->-10.77
[22:29:24]   rollout step 29 task 4/4 gen 1/4 turn 4/8 valid=True db -10.77->-9.20
[22:29:32]   rollout step 29 task 4/4 gen 1/4 turn 5/8 valid=True db -9.20->-10.64
[22:29:42]   rollout step 29 task 4/4 gen 1/4 turn 6/8 valid=True db -10.64->-9.29
[22:29:42] trajectory done: step 29 task 4/4 gen 1/4 turns=6 reason=patience reward=1.272  [461/960 trajectories overall]
[22:29:49]   rollout step 29 task 4/4 gen 2/4 turn 1/8 valid=True db -9.05->-12.78
[22:29:54]   rollout step 29 task 4/4 gen 2/4 turn 2/8 valid=True db -12.78->-17.84
[22:30:02]   rollout step 29 task 4/4 gen 2/4 turn 3/8 valid=True db -17.84->-17.16
[22:30:07]   rollout step 29 task 4/4 gen 2/4 turn 4/8 valid=True db -17.16->-33.30
[22:30:07] trajectory done: step 29 task 4/4 gen 2/4 turns=4 reason=goal_met reward=24.253  [462/960 trajectories overall]
[22:30:14]   rollout step 29 task 4/4 gen 3/4 turn 1/8 valid=True db -9.05->-12.78
[22:30:20]   rollout step 29 task 4/4 gen 3/4 turn 2/8 valid=True db -12.78->-22.63
[22:30:26]   rollout step 29 task 4/4 gen 3/4 turn 3/8 valid=True db -22.63->-2.18
[22:30:32]   rollout step 29 task 4/4 gen 3/4 turn 4/8 valid=True db -2.18->-2.18
[22:30:32] trajectory done: step 29 task 4/4 gen 3/4 turns=4 reason=stop reward=7.443  [463/960 trajectories overall]
[22:30:39]   rollout step 29 task 4/4 gen 4/4 turn 1/8 valid=True db -9.05->-7.54
[22:30:45]   rollout step 29 task 4/4 gen 4/4 turn 2/8 valid=True db -7.54->-7.81
[22:30:55]   rollout step 29 task 4/4 gen 4/4 turn 3/8 valid=True db -7.81->-6.66
[22:30:55] trajectory done: step 29 task 4/4 gen 4/4 turns=3 reason=patience reward=-0.716  [464/960 trajectories overall]
[22:31:02]   gradient pass 20/73 turns backpropagated
[22:31:09]   gradient pass 40/73 turns backpropagated
[22:31:16]   gradient pass 60/73 turns backpropagated
[22:31:20]   gradient pass 73/73 turns backpropagated
[22:31:20] step 29/60 loss=3.54426 reward_mean=4.321 reward_std=6.631 turns_mean=4.6 goal_met=1/16 stop=1 patience=12
[22:31:28]   rollout step 30 task 1/4 gen 1/4 turn 1/8 valid=True db -8.41->-9.07
[22:31:34]   rollout step 30 task 1/4 gen 1/4 turn 2/8 valid=True db -9.07->-9.68
[22:31:42]   rollout step 30 task 1/4 gen 1/4 turn 3/8 valid=True db -9.68->-9.72
[22:31:51]   rollout step 30 task 1/4 gen 1/4 turn 4/8 valid=True db -9.72->-9.87
[22:31:59]   rollout step 30 task 1/4 gen 1/4 turn 5/8 valid=True db -9.87->-10.32
[22:32:06]   rollout step 30 task 1/4 gen 1/4 turn 6/8 valid=True db -10.32->-10.75
[22:32:12]   rollout step 30 task 1/4 gen 1/4 turn 7/8 valid=True db -10.75->-9.12
[22:32:20]   rollout step 30 task 1/4 gen 1/4 turn 8/8 valid=True db -9.12->-12.27
[22:32:20] trajectory done: step 30 task 1/4 gen 1/4 turns=8 reason=max_turns reward=3.868  [465/960 trajectories overall]
[22:32:24]   rollout step 30 task 1/4 gen 2/4 turn 1/8 valid=False db -8.41->-8.41
[22:32:29]   rollout step 30 task 1/4 gen 2/4 turn 2/8 valid=True db -8.41->-8.13
[22:32:37]   rollout step 30 task 1/4 gen 2/4 turn 3/8 valid=True db -8.13->-7.87
[22:32:37] trajectory done: step 30 task 1/4 gen 2/4 turns=3 reason=patience reward=-0.160  [466/960 trajectories overall]
[22:32:43]   rollout step 30 task 1/4 gen 3/4 turn 1/8 valid=True db -8.41->-8.70
[22:32:50]   rollout step 30 task 1/4 gen 3/4 turn 2/8 valid=True db -8.70->-8.98
[22:33:01]   rollout step 30 task 1/4 gen 3/4 turn 3/8 valid=True db -8.98->-8.72
[22:33:05]   rollout step 30 task 1/4 gen 3/4 turn 4/8 valid=True db -8.72->-8.96
[22:33:13]   rollout step 30 task 1/4 gen 3/4 turn 5/8 valid=True db -8.96->-11.82
[22:33:20]   rollout step 30 task 1/4 gen 3/4 turn 6/8 valid=True db -11.82->-12.22
[22:33:27]   rollout step 30 task 1/4 gen 3/4 turn 7/8 valid=True db -12.22->-10.30
[22:33:32]   rollout step 30 task 1/4 gen 3/4 turn 8/8 valid=True db -10.30->-12.09
[22:33:32] trajectory done: step 30 task 1/4 gen 3/4 turns=8 reason=max_turns reward=3.778  [467/960 trajectories overall]
[22:33:40]   rollout step 30 task 1/4 gen 4/4 turn 1/8 valid=True db -8.41->-6.98
[22:33:45]   rollout step 30 task 1/4 gen 4/4 turn 2/8 valid=True db -6.98->-8.61
[22:33:52]   rollout step 30 task 1/4 gen 4/4 turn 3/8 valid=True db -8.61->-10.88
[22:34:00]   rollout step 30 task 1/4 gen 4/4 turn 4/8 valid=True db -10.88->-17.14
[22:34:08]   rollout step 30 task 1/4 gen 4/4 turn 5/8 valid=True db -17.14->-17.38
[22:34:13]   rollout step 30 task 1/4 gen 4/4 turn 6/8 valid=True db -17.38->-17.60
[22:34:20]   rollout step 30 task 1/4 gen 4/4 turn 7/8 valid=False db -17.60->-17.60
[22:34:27]   rollout step 30 task 1/4 gen 4/4 turn 8/8 valid=True db -17.60->-21.30
[22:34:27] trajectory done: step 30 task 1/4 gen 4/4 turns=8 reason=max_turns reward=12.899  [468/960 trajectories overall]
[22:34:34]   rollout step 30 task 2/4 gen 1/4 turn 1/8 valid=True db -21.75->-3.86
[22:34:39]   rollout step 30 task 2/4 gen 1/4 turn 2/8 valid=True db -3.86->-19.40
[22:34:46]   rollout step 30 task 2/4 gen 1/4 turn 3/8 valid=True db -19.40->-4.24
[22:34:46] trajectory done: step 30 task 2/4 gen 1/4 turns=3 reason=patience reward=-5.252  [469/960 trajectories overall]
[22:34:57]   rollout step 30 task 2/4 gen 2/4 turn 1/8 valid=True db -21.75->-21.89
[22:35:04]   rollout step 30 task 2/4 gen 2/4 turn 2/8 valid=True db -21.89->-8.01
[22:35:13]   rollout step 30 task 2/4 gen 2/4 turn 3/8 valid=True db -8.01->-7.66
[22:35:13] trajectory done: step 30 task 2/4 gen 2/4 turns=3 reason=patience reward=-4.126  [470/960 trajectories overall]
[22:35:19]   rollout step 30 task 2/4 gen 3/4 turn 1/8 valid=True db -21.75->-21.39
[22:35:25]   rollout step 30 task 2/4 gen 3/4 turn 2/8 valid=True db -21.39->-22.86
[22:35:35]   rollout step 30 task 2/4 gen 3/4 turn 3/8 valid=True db -22.86->-20.80
[22:35:42]   rollout step 30 task 2/4 gen 3/4 turn 4/8 valid=True db -20.80->-21.34
[22:35:49]   rollout step 30 task 2/4 gen 3/4 turn 5/8 valid=True db -21.34->-16.83
[22:35:49] trajectory done: step 30 task 2/4 gen 3/4 turns=5 reason=patience reward=-0.694  [471/960 trajectories overall]
[22:35:59]   rollout step 30 task 2/4 gen 4/4 turn 1/8 valid=True db -21.75->-21.39
[22:36:07]   rollout step 30 task 2/4 gen 4/4 turn 2/8 valid=True db -21.39->-21.05
[22:36:12]   rollout step 30 task 2/4 gen 4/4 turn 3/8 valid=True db -21.05->-21.37
[22:36:12] trajectory done: step 30 task 2/4 gen 4/4 turns=3 reason=patience reward=-0.115  [472/960 trajectories overall]
[22:36:21]   rollout step 30 task 3/4 gen 1/4 turn 1/8 valid=True db -18.07->-17.44
[22:36:30]   rollout step 30 task 3/4 gen 1/4 turn 2/8 valid=True db -17.44->-17.48
[22:36:36]   rollout step 30 task 3/4 gen 1/4 turn 3/8 valid=True db -17.48->-14.99
[22:36:36] trajectory done: step 30 task 3/4 gen 1/4 turns=3 reason=patience reward=-0.925  [473/960 trajectories overall]
[22:36:46]   rollout step 30 task 3/4 gen 2/4 turn 1/8 valid=True db -18.07->-18.50
[22:36:54]   rollout step 30 task 3/4 gen 2/4 turn 2/8 valid=True db -18.50->-18.56
[22:37:00]   rollout step 30 task 3/4 gen 2/4 turn 3/8 valid=True db -18.56->-18.22
[22:37:05]   rollout step 30 task 3/4 gen 2/4 turn 4/8 valid=True db -18.22->-18.15
[22:37:05] trajectory done: step 30 task 3/4 gen 2/4 turns=4 reason=patience reward=0.364  [474/960 trajectories overall]
[22:37:10]   rollout step 30 task 3/4 gen 3/4 turn 1/8 valid=True db -18.07->-12.31
[22:37:16]   rollout step 30 task 3/4 gen 3/4 turn 2/8 valid=True db -12.31->-1.57
[22:37:22]   rollout step 30 task 3/4 gen 3/4 turn 3/8 valid=True db -1.57->-1.33
[22:37:22] trajectory done: step 30 task 3/4 gen 3/4 turns=3 reason=patience reward=-5.024  [475/960 trajectories overall]
[22:37:30]   rollout step 30 task 3/4 gen 4/4 turn 1/8 valid=True db -18.07->-18.62
[22:37:41]   rollout step 30 task 3/4 gen 4/4 turn 2/8 valid=True db -18.62->-15.12
[22:37:49]   rollout step 30 task 3/4 gen 4/4 turn 3/8 valid=True db -15.12->-16.77
[22:38:00]   rollout step 30 task 3/4 gen 4/4 turn 4/8 valid=True db -16.77->-17.22
[22:38:00] trajectory done: step 30 task 3/4 gen 4/4 turns=4 reason=patience reward=0.126  [476/960 trajectories overall]
[22:38:05]   rollout step 30 task 4/4 gen 1/4 turn 1/8 valid=True db -18.82->-18.45
[22:38:10]   rollout step 30 task 4/4 gen 1/4 turn 2/8 valid=True db -18.45->-18.80
[22:38:17]   rollout step 30 task 4/4 gen 1/4 turn 3/8 valid=True db -18.80->-18.48
[22:38:17] trajectory done: step 30 task 4/4 gen 1/4 turns=3 reason=patience reward=-0.104  [477/960 trajectories overall]
[22:38:23]   rollout step 30 task 4/4 gen 2/4 turn 1/8 valid=True db -18.82->-12.32
[22:38:31]   rollout step 30 task 4/4 gen 2/4 turn 2/8 valid=True db -12.32->-14.85
[22:38:38]   rollout step 30 task 4/4 gen 2/4 turn 3/8 valid=True db -14.85->-15.10
[22:38:38] trajectory done: step 30 task 4/4 gen 2/4 turns=3 reason=patience reward=-1.118  [478/960 trajectories overall]
[22:38:48]   rollout step 30 task 4/4 gen 3/4 turn 1/8 valid=True db -18.82->-19.01
[22:38:54]   rollout step 30 task 4/4 gen 3/4 turn 2/8 valid=True db -19.01->-17.73
[22:39:04]   rollout step 30 task 4/4 gen 3/4 turn 3/8 valid=True db -17.73->-44.21
[22:39:04] trajectory done: step 30 task 4/4 gen 3/4 turns=3 reason=goal_met reward=25.381  [479/960 trajectories overall]
[22:39:15]   rollout step 30 task 4/4 gen 4/4 turn 1/8 valid=True db -18.82->-19.21
[22:39:21]   rollout step 30 task 4/4 gen 4/4 turn 2/8 valid=True db -19.21->-20.10
[22:39:31]   rollout step 30 task 4/4 gen 4/4 turn 3/8 valid=True db -20.10->-19.42
[22:39:36]   rollout step 30 task 4/4 gen 4/4 turn 4/8 valid=True db -19.42->-20.05
[22:39:43]   rollout step 30 task 4/4 gen 4/4 turn 5/8 valid=True db -20.05->-16.32
[22:39:43] trajectory done: step 30 task 4/4 gen 4/4 turns=5 reason=patience reward=0.142  [480/960 trajectories overall]
[22:39:50]   gradient pass 20/69 turns backpropagated
[22:39:57]   gradient pass 40/69 turns backpropagated
[22:40:03]   gradient pass 60/69 turns backpropagated
[22:40:06]   gradient pass 69/69 turns backpropagated
[22:40:06] step 30/60 loss=1.73586 reward_mean=1.815 reward_std=7.330 turns_mean=4.3 goal_met=1/16 stop=0 patience=12
[22:40:07] saved checkpoint to /home/yue1guo2/workspace/qucs-llm-optimizer/outputs/2026-09-09-1810-multiturn-nightly-4x4x60/checkpoint-30
[22:40:13]   rollout step 31 task 1/4 gen 1/4 turn 1/8 valid=True db -6.76->-6.65
[22:40:20]   rollout step 31 task 1/4 gen 1/4 turn 2/8 valid=True db -6.65->-5.08
[22:40:25]   rollout step 31 task 1/4 gen 1/4 turn 3/8 valid=True db -5.08->-5.38
[22:40:25] trajectory done: step 31 task 1/4 gen 1/4 turns=3 reason=patience reward=-0.416  [481/960 trajectories overall]
[22:40:33]   rollout step 31 task 1/4 gen 2/4 turn 1/8 valid=True db -6.76->-8.95
[22:40:40]   rollout step 31 task 1/4 gen 2/4 turn 2/8 valid=True db -8.95->-6.89
[22:40:46]   rollout step 31 task 1/4 gen 2/4 turn 3/8 valid=True db -6.89->-9.07
[22:40:53]   rollout step 31 task 1/4 gen 2/4 turn 4/8 valid=True db -9.07->-9.35
[22:41:01]   rollout step 31 task 1/4 gen 2/4 turn 5/8 valid=True db -9.35->-7.65
[22:41:08]   rollout step 31 task 1/4 gen 2/4 turn 6/8 valid=True db -7.65->-6.49
[22:41:15]   rollout step 31 task 1/4 gen 2/4 turn 7/8 valid=True db -6.49->-5.37
[22:41:15] trajectory done: step 31 task 1/4 gen 2/4 turns=7 reason=patience reward=1.392  [482/960 trajectories overall]
[22:41:22]   rollout step 31 task 1/4 gen 3/4 turn 1/8 valid=True db -6.76->-6.88
[22:41:29]   rollout step 31 task 1/4 gen 3/4 turn 2/8 valid=True db -6.88->-6.98
[22:41:39]   rollout step 31 task 1/4 gen 3/4 turn 3/8 valid=True db -6.98->-6.89
[22:41:45]   rollout step 31 task 1/4 gen 3/4 turn 4/8 valid=False db -6.89->-6.89
[22:41:53]   rollout step 31 task 1/4 gen 3/4 turn 5/8 valid=True db -6.89->-6.76
[22:41:53] trajectory done: step 31 task 1/4 gen 3/4 turns=5 reason=patience reward=0.152  [483/960 trajectories overall]
[22:41:59]   rollout step 31 task 1/4 gen 4/4 turn 1/8 valid=True db -6.76->-6.64
[22:42:02]   rollout step 31 task 1/4 gen 4/4 turn 2/8 valid=True db -6.64->-7.86
[22:42:10]   rollout step 31 task 1/4 gen 4/4 turn 3/8 valid=True db -7.86->-6.64
[22:42:16]   rollout step 31 task 1/4 gen 4/4 turn 4/8 valid=True db -6.64->-7.70
[22:42:22]   rollout step 31 task 1/4 gen 4/4 turn 5/8 valid=True db -7.70->-6.64
[22:42:22] trajectory done: step 31 task 1/4 gen 4/4 turns=5 reason=patience reward=0.726  [484/960 trajectories overall]
[22:42:29]   rollout step 31 task 2/4 gen 1/4 turn 1/8 valid=True db -18.03->-8.70
[22:42:38]   rollout step 31 task 2/4 gen 1/4 turn 2/8 valid=True db -8.70->-19.59
[22:42:45]   rollout step 31 task 2/4 gen 1/4 turn 3/8 valid=True db -19.59->-37.19
[22:42:45] trajectory done: step 31 task 2/4 gen 1/4 turns=3 reason=goal_met reward=19.154  [485/960 trajectories overall]
[22:42:52]   rollout step 31 task 2/4 gen 2/4 turn 1/8 valid=True db -18.03->-43.60
[22:42:52] trajectory done: step 31 task 2/4 gen 2/4 turns=1 reason=goal_met reward=25.560  [486/960 trajectories overall]
[22:42:57]   rollout step 31 task 2/4 gen 3/4 turn 1/8 valid=True db -18.03->-24.05
[22:43:01]   rollout step 31 task 2/4 gen 3/4 turn 2/8 valid=True db -24.05->-38.95
[22:43:01] trajectory done: step 31 task 2/4 gen 3/4 turns=2 reason=goal_met reward=20.913  [487/960 trajectories overall]
[22:43:09]   rollout step 31 task 2/4 gen 4/4 turn 1/8 valid=True db -18.03->-9.94
[22:43:15]   rollout step 31 task 2/4 gen 4/4 turn 2/8 valid=True db -9.94->-16.80
[22:43:23]   rollout step 31 task 2/4 gen 4/4 turn 3/8 valid=True db -16.80->-10.18
[22:43:23] trajectory done: step 31 task 2/4 gen 4/4 turns=3 reason=patience reward=-2.355  [488/960 trajectories overall]
[22:43:31]   rollout step 31 task 3/4 gen 1/4 turn 1/8 valid=True db -10.54->-15.62
[22:43:41]   rollout step 31 task 3/4 gen 1/4 turn 2/8 valid=True db -15.62->-18.08
[22:43:45]   rollout step 31 task 3/4 gen 1/4 turn 3/8 valid=False db -18.08->-18.08
[22:43:49]   rollout step 31 task 3/4 gen 1/4 turn 4/8 valid=True db -18.08->-18.81
[22:43:57]   rollout step 31 task 3/4 gen 1/4 turn 5/8 valid=True db -18.81->-19.46
[22:44:04]   rollout step 31 task 3/4 gen 1/4 turn 6/8 valid=True db -19.46->-20.04
[22:44:11]   rollout step 31 task 3/4 gen 1/4 turn 7/8 valid=True db -20.04->-17.17
[22:44:15]   rollout step 31 task 3/4 gen 1/4 turn 8/8 valid=True db -17.17->-17.73
[22:44:15] trajectory done: step 31 task 3/4 gen 1/4 turns=8 reason=max_turns reward=8.805  [489/960 trajectories overall]
[22:44:25]   rollout step 31 task 3/4 gen 2/4 turn 1/8 valid=True db -10.54->-11.18
[22:44:30]   rollout step 31 task 3/4 gen 2/4 turn 2/8 valid=True db -11.18->-9.89
[22:44:39]   rollout step 31 task 3/4 gen 2/4 turn 3/8 valid=True db -9.89->-11.07
[22:44:48]   rollout step 31 task 3/4 gen 2/4 turn 4/8 valid=True db -11.07->-11.35
[22:44:48] trajectory done: step 31 task 3/4 gen 2/4 turns=4 reason=patience reward=0.809  [490/960 trajectories overall]
[22:44:54]   rollout step 31 task 3/4 gen 3/4 turn 1/8 valid=True db -10.54->-13.05
[22:45:00]   rollout step 31 task 3/4 gen 3/4 turn 2/8 valid=True db -13.05->-20.27
[22:45:07]   rollout step 31 task 3/4 gen 3/4 turn 3/8 valid=False db -20.27->-20.27
[22:45:18]   rollout step 31 task 3/4 gen 3/4 turn 4/8 valid=True db -20.27->-20.74
[22:45:25]   rollout step 31 task 3/4 gen 3/4 turn 5/8 valid=True db -20.74->-13.08
[22:45:29]   rollout step 31 task 3/4 gen 3/4 turn 6/8 valid=True db -13.08->-5.15
[22:45:35]   rollout step 31 task 3/4 gen 3/4 turn 7/8 valid=True db -5.15->-30.33
[22:45:35] trajectory done: step 31 task 3/4 gen 3/4 turns=7 reason=goal_met reward=19.783  [491/960 trajectories overall]
[22:45:44]   rollout step 31 task 3/4 gen 4/4 turn 1/8 valid=True db -10.54->-12.68
[22:45:49]   rollout step 31 task 3/4 gen 4/4 turn 2/8 valid=True db -12.68->-19.68
[22:45:55]   rollout step 31 task 3/4 gen 4/4 turn 3/8 valid=True db -19.68->-17.92
[22:46:02]   rollout step 31 task 3/4 gen 4/4 turn 4/8 valid=True db -17.92->-15.48
[22:46:06]   rollout step 31 task 3/4 gen 4/4 turn 5/8 valid=True db -15.48->-15.48
[22:46:06] trajectory done: step 31 task 3/4 gen 4/4 turns=5 reason=stop reward=7.881  [492/960 trajectories overall]
[22:46:12]   rollout step 31 task 4/4 gen 1/4 turn 1/8 valid=True db -17.79->-17.93
[22:46:19]   rollout step 31 task 4/4 gen 1/4 turn 2/8 valid=True db -17.93->-18.43
[22:46:26]   rollout step 31 task 4/4 gen 1/4 turn 3/8 valid=True db -18.43->-27.17
[22:46:36]   rollout step 31 task 4/4 gen 1/4 turn 4/8 valid=True db -27.17->-9.03
[22:46:42]   rollout step 31 task 4/4 gen 1/4 turn 5/8 valid=True db -9.03->-9.03
[22:46:42] trajectory done: step 31 task 4/4 gen 1/4 turns=5 reason=stop reward=3.941  [493/960 trajectories overall]
[22:46:47]   rollout step 31 task 4/4 gen 2/4 turn 1/8 valid=False db -17.79->-17.79
[22:46:52]   rollout step 31 task 4/4 gen 2/4 turn 2/8 valid=True db -17.79->-17.73
[22:46:59]   rollout step 31 task 4/4 gen 2/4 turn 3/8 valid=True db -17.73->-17.27
[22:46:59] trajectory done: step 31 task 4/4 gen 2/4 turns=3 reason=patience reward=-0.157  [494/960 trajectories overall]
[22:47:05]   rollout step 31 task 4/4 gen 3/4 turn 1/8 valid=True db -17.79->-18.46
[22:47:15]   rollout step 31 task 4/4 gen 3/4 turn 2/8 valid=True db -18.46->-17.84
[22:47:18]   rollout step 31 task 4/4 gen 3/4 turn 3/8 valid=True db -17.84->-17.84
[22:47:18] trajectory done: step 31 task 4/4 gen 3/4 turns=3 reason=stop reward=0.483  [495/960 trajectories overall]
[22:47:25]   rollout step 31 task 4/4 gen 4/4 turn 1/8 valid=True db -17.79->-11.70
[22:47:31]   rollout step 31 task 4/4 gen 4/4 turn 2/8 valid=True db -11.70->-17.35
[22:47:37]   rollout step 31 task 4/4 gen 4/4 turn 3/8 valid=True db -17.35->-28.78
[22:47:46]   rollout step 31 task 4/4 gen 4/4 turn 4/8 valid=True db -28.78->-28.41
[22:47:51]   rollout step 31 task 4/4 gen 4/4 turn 5/8 valid=True db -28.41->-28.75
[22:47:58]   rollout step 31 task 4/4 gen 4/4 turn 6/8 valid=True db -28.75->-28.88
[22:47:58] trajectory done: step 31 task 4/4 gen 4/4 turns=6 reason=patience reward=11.092  [496/960 trajectories overall]
[22:48:05]   gradient pass 20/70 turns backpropagated
[22:48:12]   gradient pass 40/70 turns backpropagated
[22:48:19]   gradient pass 60/70 turns backpropagated
[22:48:22]   gradient pass 70/70 turns backpropagated
[22:48:22] step 31/60 loss=2.12012 reward_mean=7.360 reward_std=8.908 turns_mean=4.4 goal_met=4/16 stop=3 patience=8
[22:48:33]   rollout step 32 task 1/4 gen 1/4 turn 1/8 valid=True db -16.04->-12.84
[22:48:41]   rollout step 32 task 1/4 gen 1/4 turn 2/8 valid=True db -12.84->-10.91
[22:48:48]   rollout step 32 task 1/4 gen 1/4 turn 3/8 valid=True db -10.91->-12.67
[22:48:48] trajectory done: step 32 task 1/4 gen 1/4 turns=3 reason=patience reward=-1.009  [497/960 trajectories overall]
[22:48:57]   rollout step 32 task 1/4 gen 2/4 turn 1/8 valid=True db -16.04->-16.43
[22:49:03]   rollout step 32 task 1/4 gen 2/4 turn 2/8 valid=True db -16.43->-30.17
[22:49:03] trajectory done: step 32 task 1/4 gen 2/4 turns=2 reason=goal_met reward=14.132  [498/960 trajectories overall]
[22:49:09]   rollout step 32 task 1/4 gen 3/4 turn 1/8 valid=True db -16.04->-11.27
[22:49:16]   rollout step 32 task 1/4 gen 3/4 turn 2/8 valid=True db -11.27->-15.36
[22:49:25]   rollout step 32 task 1/4 gen 3/4 turn 3/8 valid=True db -15.36->-15.46
[22:49:25] trajectory done: step 32 task 1/4 gen 3/4 turns=3 reason=patience reward=-0.174  [499/960 trajectories overall]
[22:49:36]   rollout step 32 task 1/4 gen 4/4 turn 1/8 valid=True db -16.04->-16.15
[22:49:43]   rollout step 32 task 1/4 gen 4/4 turn 2/8 valid=True db -16.15->-30.66
[22:49:43] trajectory done: step 32 task 1/4 gen 4/4 turns=2 reason=goal_met reward=14.617  [500/960 trajectories overall]
[22:49:48]   rollout step 32 task 2/4 gen 1/4 turn 1/8 valid=True db -14.07->-14.55
[22:49:52]   rollout step 32 task 2/4 gen 1/4 turn 2/8 valid=False db -14.55->-14.55
[22:49:58]   rollout step 32 task 2/4 gen 1/4 turn 3/8 valid=True db -14.55->-14.97
[22:50:07]   rollout step 32 task 2/4 gen 1/4 turn 4/8 valid=True db -14.97->-15.35
[22:50:13]   rollout step 32 task 2/4 gen 1/4 turn 5/8 valid=True db -15.35->-13.58
[22:50:22]   rollout step 32 task 2/4 gen 1/4 turn 6/8 valid=True db -13.58->-12.27
[22:50:28]   rollout step 32 task 2/4 gen 1/4 turn 7/8 valid=True db -12.27->-12.11
[22:50:28] trajectory done: step 32 task 2/4 gen 1/4 turns=7 reason=patience reward=0.309  [501/960 trajectories overall]
[22:50:38]   rollout step 32 task 2/4 gen 2/4 turn 1/8 valid=True db -14.07->-14.58
[22:50:45]   rollout step 32 task 2/4 gen 2/4 turn 2/8 valid=True db -14.58->-14.62
[22:50:51]   rollout step 32 task 2/4 gen 2/4 turn 3/8 valid=True db -14.62->-14.67
[22:51:03]   rollout step 32 task 2/4 gen 2/4 turn 4/8 valid=True db -14.67->-12.98
[22:51:03] trajectory done: step 32 task 2/4 gen 2/4 turns=4 reason=patience reward=0.090  [502/960 trajectories overall]
[22:51:11]   rollout step 32 task 2/4 gen 3/4 turn 1/8 valid=True db -14.07->-14.12
[22:51:20]   rollout step 32 task 2/4 gen 3/4 turn 2/8 valid=True db -14.12->-14.18
[22:51:26]   rollout step 32 task 2/4 gen 3/4 turn 3/8 valid=True db -14.18->-9.98
[22:51:26] trajectory done: step 32 task 2/4 gen 3/4 turns=3 reason=patience reward=-1.151  [503/960 trajectories overall]
[22:51:35]   rollout step 32 task 2/4 gen 4/4 turn 1/8 valid=True db -14.07->-14.55
[22:51:41]   rollout step 32 task 2/4 gen 4/4 turn 2/8 valid=True db -14.55->-15.00
[22:51:47]   rollout step 32 task 2/4 gen 4/4 turn 3/8 valid=True db -15.00->-14.58
[22:51:57]   rollout step 32 task 2/4 gen 4/4 turn 4/8 valid=True db -14.58->-14.97
[22:52:03]   rollout step 32 task 2/4 gen 4/4 turn 5/8 valid=True db -14.97->-18.69
[22:52:11]   rollout step 32 task 2/4 gen 4/4 turn 6/8 valid=True db -18.69->-27.09
[22:52:17]   rollout step 32 task 2/4 gen 4/4 turn 7/8 valid=True db -27.09->-27.09
[22:52:27]   rollout step 32 task 2/4 gen 4/4 turn 8/8 valid=True db -27.09->-26.58
[22:52:27] trajectory done: step 32 task 2/4 gen 4/4 turns=8 reason=max_turns reward=12.867  [504/960 trajectories overall]
[22:52:39]   rollout step 32 task 3/4 gen 1/4 turn 1/8 valid=True db -10.46->-10.71
[22:52:47]   rollout step 32 task 3/4 gen 1/4 turn 2/8 valid=True db -10.71->-7.36
[22:52:54]   rollout step 32 task 3/4 gen 1/4 turn 3/8 valid=True db -7.36->-7.56
[22:53:00]   rollout step 32 task 3/4 gen 1/4 turn 4/8 valid=True db -7.56->-7.73
[22:53:00] trajectory done: step 32 task 3/4 gen 1/4 turns=4 reason=patience reward=-0.640  [505/960 trajectories overall]
[22:53:08]   rollout step 32 task 3/4 gen 2/4 turn 1/8 valid=True db -10.46->-10.71
[22:53:14]   rollout step 32 task 3/4 gen 2/4 turn 2/8 valid=True db -10.71->-26.97
[22:53:22]   rollout step 32 task 3/4 gen 2/4 turn 3/8 valid=True db -26.97->-26.73
[22:53:26]   rollout step 32 task 3/4 gen 2/4 turn 4/8 valid=True db -26.73->-26.96
[22:53:36]   rollout step 32 task 3/4 gen 2/4 turn 5/8 valid=True db -26.96->-33.82
[22:53:36] trajectory done: step 32 task 3/4 gen 2/4 turns=5 reason=goal_met reward=23.357  [506/960 trajectories overall]
[22:53:46]   rollout step 32 task 3/4 gen 3/4 turn 1/8 valid=True db -10.46->-10.75
[22:53:52]   rollout step 32 task 3/4 gen 3/4 turn 2/8 valid=True db -10.75->-28.09
[22:53:59]   rollout step 32 task 3/4 gen 3/4 turn 3/8 valid=True db -28.09->-5.95
[22:54:06]   rollout step 32 task 3/4 gen 3/4 turn 4/8 valid=True db -5.95->-36.51
[22:54:06] trajectory done: step 32 task 3/4 gen 3/4 turns=4 reason=goal_met reward=26.054  [507/960 trajectories overall]
[22:54:12]   rollout step 32 task 3/4 gen 4/4 turn 1/8 valid=True db -10.46->-11.40
[22:54:18]   rollout step 32 task 3/4 gen 4/4 turn 2/8 valid=True db -11.40->-11.63
[22:54:25]   rollout step 32 task 3/4 gen 4/4 turn 3/8 valid=True db -11.63->-15.83
[22:54:34]   rollout step 32 task 3/4 gen 4/4 turn 4/8 valid=True db -15.83->-13.35
[22:54:39]   rollout step 32 task 3/4 gen 4/4 turn 5/8 valid=True db -13.35->-13.85
[22:54:48]   rollout step 32 task 3/4 gen 4/4 turn 6/8 valid=True db -13.85->-14.30
[22:54:48] trajectory done: step 32 task 3/4 gen 4/4 turns=6 reason=patience reward=4.913  [508/960 trajectories overall]
[22:54:56]   rollout step 32 task 4/4 gen 1/4 turn 1/8 valid=True db -15.30->-20.52
[22:55:04]   rollout step 32 task 4/4 gen 1/4 turn 2/8 valid=True db -20.52->-15.94
[22:55:12]   rollout step 32 task 4/4 gen 1/4 turn 3/8 valid=True db -15.94->-20.01
[22:55:25]   rollout step 32 task 4/4 gen 1/4 turn 4/8 valid=True db -20.01->-20.72
[22:55:31]   rollout step 32 task 4/4 gen 1/4 turn 5/8 valid=True db -20.72->-25.34
[22:55:38]   rollout step 32 task 4/4 gen 1/4 turn 6/8 valid=True db -25.34->-25.32
[22:55:44]   rollout step 32 task 4/4 gen 1/4 turn 7/8 valid=True db -25.32->-41.28
[22:55:44] trajectory done: step 32 task 4/4 gen 1/4 turns=7 reason=goal_met reward=25.981  [509/960 trajectories overall]
[22:55:51]   rollout step 32 task 4/4 gen 2/4 turn 1/8 valid=True db -15.30->-18.07
[22:55:56]   rollout step 32 task 4/4 gen 2/4 turn 2/8 valid=True db -18.07->-21.55
[22:56:04]   rollout step 32 task 4/4 gen 2/4 turn 3/8 valid=True db -21.55->-19.06
[22:56:11]   rollout step 32 task 4/4 gen 2/4 turn 4/8 valid=True db -19.06->-18.72
[22:56:16]   rollout step 32 task 4/4 gen 2/4 turn 5/8 valid=True db -18.72->-16.91
[22:56:16] trajectory done: step 32 task 4/4 gen 2/4 turns=5 reason=patience reward=4.860  [510/960 trajectories overall]
[22:56:25]   rollout step 32 task 4/4 gen 3/4 turn 1/8 valid=True db -15.30->-14.87
[22:56:33]   rollout step 32 task 4/4 gen 3/4 turn 2/8 valid=True db -14.87->-11.01
[22:56:39]   rollout step 32 task 4/4 gen 3/4 turn 3/8 valid=True db -11.01->-10.25
[22:56:39] trajectory done: step 32 task 4/4 gen 3/4 turns=3 reason=patience reward=-1.513  [511/960 trajectories overall]
[22:56:46]   rollout step 32 task 4/4 gen 4/4 turn 1/8 valid=True db -15.30->-15.29
[22:56:52]   rollout step 32 task 4/4 gen 4/4 turn 2/8 valid=True db -15.29->-10.99
[22:57:04]   rollout step 32 task 4/4 gen 4/4 turn 3/8 valid=True db -10.99->-9.22
[22:57:04] trajectory done: step 32 task 4/4 gen 4/4 turns=3 reason=patience reward=-1.822  [512/960 trajectories overall]
[22:57:11]   gradient pass 20/69 turns backpropagated
[22:57:18]   gradient pass 40/69 turns backpropagated
[22:57:25]   gradient pass 60/69 turns backpropagated
[22:57:28]   gradient pass 69/69 turns backpropagated
[22:57:28] step 32/60 loss=3.34398 reward_mean=7.554 reward_std=10.067 turns_mean=4.3 goal_met=5/16 stop=0 patience=10
[22:57:37]   rollout step 33 task 1/4 gen 1/4 turn 1/8 valid=True db -13.76->-13.56
[22:57:47]   rollout step 33 task 1/4 gen 1/4 turn 2/8 valid=True db -13.56->-13.14
[22:57:55]   rollout step 33 task 1/4 gen 1/4 turn 3/8 valid=True db -13.14->-10.29
[22:57:55] trajectory done: step 33 task 1/4 gen 1/4 turns=3 reason=patience reward=-1.040  [513/960 trajectories overall]
[22:58:02]   rollout step 33 task 1/4 gen 2/4 turn 1/8 valid=True db -13.76->-15.52
[22:58:10]   rollout step 33 task 1/4 gen 2/4 turn 2/8 valid=True db -15.52->-17.31
[22:58:21]   rollout step 33 task 1/4 gen 2/4 turn 3/8 valid=True db -17.31->-17.26
[22:58:28]   rollout step 33 task 1/4 gen 2/4 turn 4/8 valid=True db -17.26->-14.99
[22:58:36]   rollout step 33 task 1/4 gen 2/4 turn 5/8 valid=True db -14.99->-10.58
[22:58:36] trajectory done: step 33 task 1/4 gen 2/4 turns=5 reason=patience reward=1.532  [514/960 trajectories overall]
[22:58:46]   rollout step 33 task 1/4 gen 3/4 turn 1/8 valid=True db -13.76->-13.56
[22:58:53]   rollout step 33 task 1/4 gen 3/4 turn 2/8 valid=True db -13.56->-13.14
[22:59:02]   rollout step 33 task 1/4 gen 3/4 turn 3/8 valid=True db -13.14->-11.09
[22:59:02] trajectory done: step 33 task 1/4 gen 3/4 turns=3 reason=patience reward=-0.800  [515/960 trajectories overall]
[22:59:09]   rollout step 33 task 1/4 gen 4/4 turn 1/8 valid=True db -13.76->-14.38
[22:59:19]   rollout step 33 task 1/4 gen 4/4 turn 2/8 valid=True db -14.38->-14.92
[22:59:30]   rollout step 33 task 1/4 gen 4/4 turn 3/8 valid=True db -14.92->-14.42
[22:59:36]   rollout step 33 task 1/4 gen 4/4 turn 4/8 valid=True db -14.42->-14.89
[22:59:40]   rollout step 33 task 1/4 gen 4/4 turn 5/8 valid=True db -14.89->-15.31
[22:59:49]   rollout step 33 task 1/4 gen 4/4 turn 6/8 valid=True db -15.31->-14.92
[22:59:54]   rollout step 33 task 1/4 gen 4/4 turn 7/8 valid=True db -14.92->-15.28
[22:59:59]   rollout step 33 task 1/4 gen 4/4 turn 8/8 valid=True db -15.28->-14.99
[22:59:59] trajectory done: step 33 task 1/4 gen 4/4 turns=8 reason=patience reward=1.453  [516/960 trajectories overall]
[23:00:07]   rollout step 33 task 2/4 gen 1/4 turn 1/8 valid=True db -16.92->-17.33
[23:00:12]   rollout step 33 task 2/4 gen 1/4 turn 2/8 valid=True db -17.33->-17.14
[23:00:19]   rollout step 33 task 2/4 gen 1/4 turn 3/8 valid=True db -17.14->-17.14
[23:00:19] trajectory done: step 33 task 2/4 gen 1/4 turns=3 reason=stop reward=0.360  [517/960 trajectories overall]
[23:00:25]   rollout step 33 task 2/4 gen 2/4 turn 1/8 valid=False db -16.92->-16.92
[23:00:30]   rollout step 33 task 2/4 gen 2/4 turn 2/8 valid=True db -16.92->-9.94
[23:00:34]   rollout step 33 task 2/4 gen 2/4 turn 3/8 valid=True db -9.94->-16.38
[23:00:34] trajectory done: step 33 task 2/4 gen 2/4 turns=3 reason=patience reward=-0.161  [518/960 trajectories overall]
[23:00:41]   rollout step 33 task 2/4 gen 3/4 turn 1/8 valid=True db -16.92->-13.82
[23:00:46]   rollout step 33 task 2/4 gen 3/4 turn 2/8 valid=True db -13.82->-1.87
[23:00:53]   rollout step 33 task 2/4 gen 3/4 turn 3/8 valid=True db -1.87->-12.47
[23:00:53] trajectory done: step 33 task 2/4 gen 3/4 turns=3 reason=patience reward=-1.334  [519/960 trajectories overall]
[23:00:59]   rollout step 33 task 2/4 gen 4/4 turn 1/8 valid=True db -16.92->-16.26
[23:01:04]   rollout step 33 task 2/4 gen 4/4 turn 2/8 valid=True db -16.26->-16.88
[23:01:15]   rollout step 33 task 2/4 gen 4/4 turn 3/8 valid=True db -16.88->-17.45
[23:01:22]   rollout step 33 task 2/4 gen 4/4 turn 4/8 valid=True db -17.45->-17.45
[23:01:28]   rollout step 33 task 2/4 gen 4/4 turn 5/8 valid=True db -17.45->-11.41
[23:01:33]   rollout step 33 task 2/4 gen 4/4 turn 6/8 valid=True db -11.41->-16.99
[23:01:33] trajectory done: step 33 task 2/4 gen 4/4 turns=6 reason=patience reward=0.395  [520/960 trajectories overall]
[23:01:39]   rollout step 33 task 3/4 gen 1/4 turn 1/8 valid=True db -17.50->-36.57
[23:01:39] trajectory done: step 33 task 3/4 gen 1/4 turns=1 reason=goal_met reward=19.071  [521/960 trajectories overall]
[23:01:46]   rollout step 33 task 3/4 gen 2/4 turn 1/8 valid=True db -17.50->-36.57
[23:01:46] trajectory done: step 33 task 3/4 gen 2/4 turns=1 reason=goal_met reward=19.071  [522/960 trajectories overall]
[23:01:54]   rollout step 33 task 3/4 gen 3/4 turn 1/8 valid=True db -17.50->-17.09
[23:02:02]   rollout step 33 task 3/4 gen 3/4 turn 2/8 valid=True db -17.09->-16.70
[23:02:07]   rollout step 33 task 3/4 gen 3/4 turn 3/8 valid=True db -16.70->-17.06
[23:02:07] trajectory done: step 33 task 3/4 gen 3/4 turns=3 reason=patience reward=-0.133  [523/960 trajectories overall]
[23:02:15]   rollout step 33 task 3/4 gen 4/4 turn 1/8 valid=False db -17.50->-17.50
[23:02:24]   rollout step 33 task 3/4 gen 4/4 turn 2/8 valid=True db -17.50->-12.34
[23:02:30]   rollout step 33 task 3/4 gen 4/4 turn 3/8 valid=True db -12.34->-17.17
[23:02:30] trajectory done: step 33 task 3/4 gen 4/4 turns=3 reason=patience reward=-0.101  [524/960 trajectories overall]
[23:02:39]   rollout step 33 task 4/4 gen 1/4 turn 1/8 valid=True db -25.67->-26.31
[23:02:51]   rollout step 33 task 4/4 gen 1/4 turn 2/8 valid=True db -26.31->-21.30
[23:02:58]   rollout step 33 task 4/4 gen 1/4 turn 3/8 valid=True db -21.30->-27.39
[23:03:08]   rollout step 33 task 4/4 gen 1/4 turn 4/8 valid=True db -27.39->-19.88
[23:03:17]   rollout step 33 task 4/4 gen 1/4 turn 5/8 valid=True db -19.88->-20.59
[23:03:23]   rollout step 33 task 4/4 gen 1/4 turn 6/8 valid=True db -20.59->-25.69
[23:03:23] trajectory done: step 33 task 4/4 gen 1/4 turns=6 reason=patience reward=1.208  [525/960 trajectories overall]
[23:03:28]   rollout step 33 task 4/4 gen 2/4 turn 1/8 valid=False db -25.67->-25.67
[23:03:34]   rollout step 33 task 4/4 gen 2/4 turn 2/8 valid=True db -25.67->-18.58
[23:03:39]   rollout step 33 task 4/4 gen 2/4 turn 3/8 valid=True db -18.58->-27.13
[23:03:44]   rollout step 33 task 4/4 gen 2/4 turn 4/8 valid=True db -27.13->-19.93
[23:03:48]   rollout step 33 task 4/4 gen 2/4 turn 5/8 valid=True db -19.93->-23.86
[23:03:57]   rollout step 33 task 4/4 gen 2/4 turn 6/8 valid=True db -23.86->-15.13
[23:03:57] trajectory done: step 33 task 4/4 gen 2/4 turns=6 reason=patience reward=-2.143  [526/960 trajectories overall]
[23:04:05]   rollout step 33 task 4/4 gen 3/4 turn 1/8 valid=True db -25.67->-5.96
[23:04:09]   rollout step 33 task 4/4 gen 3/4 turn 2/8 valid=True db -5.96->-22.80
[23:04:18]   rollout step 33 task 4/4 gen 3/4 turn 3/8 valid=True db -22.80->-6.79
[23:04:18] trajectory done: step 33 task 4/4 gen 3/4 turns=3 reason=patience reward=-5.665  [527/960 trajectories overall]
[23:04:24]   rollout step 33 task 4/4 gen 4/4 turn 1/8 valid=True db -25.67->-5.96
[23:04:29]   rollout step 33 task 4/4 gen 4/4 turn 2/8 valid=True db -5.96->-0.76
[23:04:34]   rollout step 33 task 4/4 gen 4/4 turn 3/8 valid=True db -0.76->-0.73
[23:04:34] trajectory done: step 33 task 4/4 gen 4/4 turns=3 reason=patience reward=-7.482  [528/960 trajectories overall]
[23:04:41]   gradient pass 20/60 turns backpropagated
[23:04:47]   gradient pass 40/60 turns backpropagated
[23:04:54]   gradient pass 60/60 turns backpropagated
[23:04:54] step 33/60 loss=3.64505 reward_mean=1.514 reward_std=7.041 turns_mean=3.8 goal_met=2/16 stop=1 patience=13
[23:05:09]   rollout step 34 task 1/4 gen 1/4 turn 1/8 valid=True db -18.34->-19.34
[23:05:13]   rollout step 34 task 1/4 gen 1/4 turn 2/8 valid=False db -19.34->-19.34
[23:05:18]   rollout step 34 task 1/4 gen 1/4 turn 3/8 valid=True db -19.34->-19.76
[23:05:28]   rollout step 34 task 1/4 gen 1/4 turn 4/8 valid=True db -19.76->-20.14
[23:05:37]   rollout step 34 task 1/4 gen 1/4 turn 5/8 valid=True db -20.14->-21.71
[23:05:47]   rollout step 34 task 1/4 gen 1/4 turn 6/8 valid=True db -21.71->-21.60
[23:05:52]   rollout step 34 task 1/4 gen 1/4 turn 7/8 valid=True db -21.60->-21.37
[23:05:57]   rollout step 34 task 1/4 gen 1/4 turn 8/8 valid=True db -21.37->-21.14
[23:05:57] trajectory done: step 34 task 1/4 gen 1/4 turns=8 reason=patience reward=3.198  [529/960 trajectories overall]
[23:06:06]   rollout step 34 task 1/4 gen 2/4 turn 1/8 valid=True db -18.34->-34.21
[23:06:06] trajectory done: step 34 task 1/4 gen 2/4 turns=1 reason=goal_met reward=15.868  [530/960 trajectories overall]
[23:06:14]   rollout step 34 task 1/4 gen 3/4 turn 1/8 valid=True db -18.34->-18.84
[23:06:22]   rollout step 34 task 1/4 gen 3/4 turn 2/8 valid=True db -18.84->-18.37
[23:06:27]   rollout step 34 task 1/4 gen 3/4 turn 3/8 valid=True db -18.37->-18.81
[23:06:36]   rollout step 34 task 1/4 gen 3/4 turn 4/8 valid=True db -18.81->-19.21
[23:06:45]   rollout step 34 task 1/4 gen 3/4 turn 5/8 valid=True db -19.21->-19.58
[23:06:51]   rollout step 34 task 1/4 gen 3/4 turn 6/8 valid=True db -19.58->-14.77
[23:06:56]   rollout step 34 task 1/4 gen 3/4 turn 7/8 valid=True db -14.77->-14.77
[23:07:04]   rollout step 34 task 1/4 gen 3/4 turn 8/8 valid=True db -14.77->-14.77
[23:07:04] trajectory done: step 34 task 1/4 gen 3/4 turns=8 reason=patience reward=-0.204  [531/960 trajectories overall]
[23:07:11]   rollout step 34 task 1/4 gen 4/4 turn 1/8 valid=True db -18.34->-17.83
[23:07:16]   rollout step 34 task 1/4 gen 4/4 turn 2/8 valid=True db -17.83->-17.80
[23:07:21]   rollout step 34 task 1/4 gen 4/4 turn 3/8 valid=True db -17.80->-23.45
[23:07:27]   rollout step 34 task 1/4 gen 4/4 turn 4/8 valid=True db -23.45->-30.90
[23:07:27] trajectory done: step 34 task 1/4 gen 4/4 turns=4 reason=goal_met reward=12.559  [532/960 trajectories overall]
[23:07:37]   rollout step 34 task 2/4 gen 1/4 turn 1/8 valid=True db -16.09->-45.42
[23:07:37] trajectory done: step 34 task 2/4 gen 1/4 turns=1 reason=goal_met reward=29.330  [533/960 trajectories overall]
[23:07:51]   rollout step 34 task 2/4 gen 2/4 turn 1/8 valid=True db -16.09->-12.87
[23:07:59]   rollout step 34 task 2/4 gen 2/4 turn 2/8 valid=True db -12.87->-12.98
[23:08:06]   rollout step 34 task 2/4 gen 2/4 turn 3/8 valid=True db -12.98->-13.07
[23:08:06] trajectory done: step 34 task 2/4 gen 2/4 turns=3 reason=patience reward=-0.905  [534/960 trajectories overall]
[23:08:14]   rollout step 34 task 2/4 gen 3/4 turn 1/8 valid=True db -16.09->-16.55
[23:08:20]   rollout step 34 task 2/4 gen 3/4 turn 2/8 valid=True db -16.55->-15.04
[23:08:25]   rollout step 34 task 2/4 gen 3/4 turn 3/8 valid=True db -15.04->-15.26
[23:08:32]   rollout step 34 task 2/4 gen 3/4 turn 4/8 valid=True db -15.26->-15.06
[23:08:32] trajectory done: step 34 task 2/4 gen 3/4 turns=4 reason=patience reward=0.017  [535/960 trajectories overall]
[23:08:40]   rollout step 34 task 2/4 gen 4/4 turn 1/8 valid=True db -16.09->-15.04
[23:08:46]   rollout step 34 task 2/4 gen 4/4 turn 2/8 valid=True db -15.04->-17.47
[23:08:51]   rollout step 34 task 2/4 gen 4/4 turn 3/8 valid=True db -17.47->-13.79
[23:08:58]   rollout step 34 task 2/4 gen 4/4 turn 4/8 valid=True db -13.79->-13.79
[23:08:58] trajectory done: step 34 task 2/4 gen 4/4 turns=4 reason=stop reward=0.275  [536/960 trajectories overall]
[23:09:04]   rollout step 34 task 3/4 gen 1/4 turn 1/8 valid=True db -18.74->-19.25
[23:09:12]   rollout step 34 task 3/4 gen 1/4 turn 2/8 valid=True db -19.25->-19.58
[23:09:17]   rollout step 34 task 3/4 gen 1/4 turn 3/8 valid=True db -19.58->-10.90
[23:09:26]   rollout step 34 task 3/4 gen 1/4 turn 4/8 valid=True db -10.90->-10.56
[23:09:32]   rollout step 34 task 3/4 gen 1/4 turn 5/8 valid=True db -10.56->-17.63
[23:09:32] trajectory done: step 34 task 3/4 gen 1/4 turns=5 reason=patience reward=0.255  [537/960 trajectories overall]
[23:09:43]   rollout step 34 task 3/4 gen 2/4 turn 1/8 valid=True db -18.74->-20.00
[23:09:48]   rollout step 34 task 3/4 gen 2/4 turn 2/8 valid=True db -20.00->-21.19
[23:09:55]   rollout step 34 task 3/4 gen 2/4 turn 3/8 valid=True db -21.19->-12.19
[23:09:59]   rollout step 34 task 3/4 gen 2/4 turn 4/8 valid=True db -12.19->-20.36
[23:10:06]   rollout step 34 task 3/4 gen 2/4 turn 5/8 valid=True db -20.36->-52.96
[23:10:06] trajectory done: step 34 task 3/4 gen 2/4 turns=5 reason=goal_met reward=34.212  [538/960 trajectories overall]
[23:10:12]   rollout step 34 task 3/4 gen 3/4 turn 1/8 valid=True db -18.74->-20.00
[23:10:21]   rollout step 34 task 3/4 gen 3/4 turn 2/8 valid=True db -20.00->-20.45
[23:10:28]   rollout step 34 task 3/4 gen 3/4 turn 3/8 valid=True db -20.45->-8.46
[23:10:33]   rollout step 34 task 3/4 gen 3/4 turn 4/8 valid=True db -8.46->-22.58
[23:10:40]   rollout step 34 task 3/4 gen 3/4 turn 5/8 valid=True db -22.58->-9.56
[23:10:47]   rollout step 34 task 3/4 gen 3/4 turn 6/8 valid=True db -9.56->-1.06
[23:10:54]   rollout step 34 task 3/4 gen 3/4 turn 7/8 valid=True db -1.06->-8.60
[23:10:54] trajectory done: step 34 task 3/4 gen 3/4 turns=7 reason=patience reward=-0.358  [539/960 trajectories overall]
[23:10:59]   rollout step 34 task 3/4 gen 4/4 turn 1/8 valid=True db -18.74->-20.00
[23:11:05]   rollout step 34 task 3/4 gen 4/4 turn 2/8 valid=True db -20.00->-6.58
[23:11:12]   rollout step 34 task 3/4 gen 4/4 turn 3/8 valid=True db -6.58->-20.92
[23:11:21]   rollout step 34 task 3/4 gen 4/4 turn 4/8 valid=True db -20.92->-7.65
[23:11:28]   rollout step 34 task 3/4 gen 4/4 turn 5/8 valid=True db -7.65->-0.84
[23:11:36]   rollout step 34 task 3/4 gen 4/4 turn 6/8 valid=True db -0.84->-8.13
[23:11:36] trajectory done: step 34 task 3/4 gen 4/4 turns=6 reason=patience reward=-1.664  [540/960 trajectories overall]
[23:11:43]   rollout step 34 task 4/4 gen 1/4 turn 1/8 valid=True db -20.46->-21.13
[23:11:48]   rollout step 34 task 4/4 gen 1/4 turn 2/8 valid=True db -21.13->-21.18
[23:11:53]   rollout step 34 task 4/4 gen 1/4 turn 3/8 valid=True db -21.18->-20.69
[23:11:59]   rollout step 34 task 4/4 gen 1/4 turn 4/8 valid=True db -20.69->-20.69
[23:11:59] trajectory done: step 34 task 4/4 gen 1/4 turns=4 reason=stop reward=0.567  [541/960 trajectories overall]
[23:12:06]   rollout step 34 task 4/4 gen 2/4 turn 1/8 valid=True db -20.46->-19.81
[23:12:14]   rollout step 34 task 4/4 gen 2/4 turn 2/8 valid=True db -19.81->-19.22
[23:12:19]   rollout step 34 task 4/4 gen 2/4 turn 3/8 valid=True db -19.22->-19.76
[23:12:19] trajectory done: step 34 task 4/4 gen 2/4 turns=3 reason=patience reward=-0.210  [542/960 trajectories overall]
[23:12:26]   rollout step 34 task 4/4 gen 3/4 turn 1/8 valid=True db -20.46->-12.58
[23:12:32]   rollout step 34 task 4/4 gen 3/4 turn 2/8 valid=True db -12.58->-11.97
[23:12:38]   rollout step 34 task 4/4 gen 3/4 turn 3/8 valid=True db -11.97->-12.54
[23:12:38] trajectory done: step 34 task 4/4 gen 3/4 turns=3 reason=patience reward=-2.376  [543/960 trajectories overall]
[23:12:46]   rollout step 34 task 4/4 gen 4/4 turn 1/8 valid=True db -20.46->-20.55
[23:12:55]   rollout step 34 task 4/4 gen 4/4 turn 2/8 valid=True db -20.55->-18.22
[23:13:01]   rollout step 34 task 4/4 gen 4/4 turn 3/8 valid=True db -18.22->-18.51
[23:13:01] trajectory done: step 34 task 4/4 gen 4/4 turns=3 reason=patience reward=-0.528  [544/960 trajectories overall]
[23:13:08]   gradient pass 20/69 turns backpropagated
[23:13:15]   gradient pass 40/69 turns backpropagated
[23:13:22]   gradient pass 60/69 turns backpropagated
[23:13:25]   gradient pass 69/69 turns backpropagated
[23:13:25] step 34/60 loss=-4.43628 reward_mean=5.627 reward_std=11.051 turns_mean=4.3 goal_met=4/16 stop=2 patience=10
[23:13:30]   rollout step 35 task 1/4 gen 1/4 turn 1/8 valid=True db -34.36->-34.36
[23:13:30] trajectory done: step 35 task 1/4 gen 1/4 turns=1 reason=stop reward=0.000  [545/960 trajectories overall]
[23:13:38]   rollout step 35 task 1/4 gen 2/4 turn 1/8 valid=True db -34.36->-8.10
[23:13:47]   rollout step 35 task 1/4 gen 2/4 turn 2/8 valid=True db -8.10->-8.40
[23:13:57]   rollout step 35 task 1/4 gen 2/4 turn 3/8 valid=True db -8.40->-0.56
[23:13:57] trajectory done: step 35 task 1/4 gen 2/4 turns=3 reason=patience reward=-10.141  [546/960 trajectories overall]
[23:14:02]   rollout step 35 task 1/4 gen 3/4 turn 1/8 valid=True db -34.36->-34.36
[23:14:02] trajectory done: step 35 task 1/4 gen 3/4 turns=1 reason=stop reward=0.000  [547/960 trajectories overall]
[23:14:11]   rollout step 35 task 1/4 gen 4/4 turn 1/8 valid=True db -34.36->-33.91
[23:14:11] trajectory done: step 35 task 1/4 gen 4/4 turns=1 reason=goal_met reward=-0.137  [548/960 trajectories overall]
[23:14:24]   rollout step 35 task 2/4 gen 1/4 turn 1/8 valid=True db -24.35->-26.44
[23:14:34]   rollout step 35 task 2/4 gen 1/4 turn 2/8 valid=True db -26.44->-24.54
[23:14:42]   rollout step 35 task 2/4 gen 1/4 turn 3/8 valid=True db -24.54->-21.96
[23:14:48]   rollout step 35 task 2/4 gen 1/4 turn 4/8 valid=True db -21.96->-24.38
[23:14:48] trajectory done: step 35 task 2/4 gen 1/4 turns=4 reason=patience reward=1.469  [549/960 trajectories overall]
[23:14:56]   rollout step 35 task 2/4 gen 2/4 turn 1/8 valid=True db -24.35->-13.00
[23:15:03]   rollout step 35 task 2/4 gen 2/4 turn 2/8 valid=True db -13.00->-10.43
[23:15:08]   rollout step 35 task 2/4 gen 2/4 turn 3/8 valid=True db -10.43->-10.81
[23:15:08] trajectory done: step 35 task 2/4 gen 2/4 turns=3 reason=patience reward=-4.062  [550/960 trajectories overall]
[23:15:15]   rollout step 35 task 2/4 gen 3/4 turn 1/8 valid=True db -24.35->-25.63
[23:15:26]   rollout step 35 task 2/4 gen 3/4 turn 2/8 valid=True db -25.63->-14.65
[23:15:31]   rollout step 35 task 2/4 gen 3/4 turn 3/8 valid=True db -14.65->-14.79
[23:15:40]   rollout step 35 task 2/4 gen 3/4 turn 4/8 valid=True db -14.79->-13.94
[23:15:40] trajectory done: step 35 task 2/4 gen 3/4 turns=4 reason=patience reward=-2.228  [551/960 trajectories overall]
[23:15:47]   rollout step 35 task 2/4 gen 4/4 turn 1/8 valid=True db -24.35->-25.63
[23:15:52]   rollout step 35 task 2/4 gen 4/4 turn 2/8 valid=True db -25.63->-17.15
[23:15:56]   rollout step 35 task 2/4 gen 4/4 turn 3/8 valid=True db -17.15->-27.14
[23:16:03]   rollout step 35 task 2/4 gen 4/4 turn 4/8 valid=True db -27.14->-18.49
[23:16:08]   rollout step 35 task 2/4 gen 4/4 turn 5/8 valid=True db -18.49->-28.78
[23:16:17]   rollout step 35 task 2/4 gen 4/4 turn 6/8 valid=True db -28.78->-25.27
[23:16:21]   rollout step 35 task 2/4 gen 4/4 turn 7/8 valid=True db -25.27->-25.34
[23:16:28]   rollout step 35 task 2/4 gen 4/4 turn 8/8 valid=True db -25.34->-11.43
[23:16:28] trajectory done: step 35 task 2/4 gen 4/4 turns=8 reason=patience reward=-0.778  [552/960 trajectories overall]
[23:16:32]   rollout step 35 task 3/4 gen 1/4 turn 1/8 valid=True db -8.52->-12.70
[23:16:38]   rollout step 35 task 3/4 gen 1/4 turn 2/8 valid=True db -12.70->-34.15
[23:16:38] trajectory done: step 35 task 3/4 gen 1/4 turns=2 reason=goal_met reward=25.635  [553/960 trajectories overall]
[23:16:47]   rollout step 35 task 3/4 gen 2/4 turn 1/8 valid=True db -8.52->-8.78
[23:16:54]   rollout step 35 task 3/4 gen 2/4 turn 2/8 valid=True db -8.78->-5.77
[23:16:59]   rollout step 35 task 3/4 gen 2/4 turn 3/8 valid=True db -5.77->-8.14
[23:17:06]   rollout step 35 task 3/4 gen 2/4 turn 4/8 valid=True db -8.14->-10.15
[23:17:12]   rollout step 35 task 3/4 gen 2/4 turn 5/8 valid=True db -10.15->-8.29
[23:17:23]   rollout step 35 task 3/4 gen 2/4 turn 6/8 valid=True db -8.29->-6.65
[23:17:28]   rollout step 35 task 3/4 gen 2/4 turn 7/8 valid=True db -6.65->-8.15
[23:17:28] trajectory done: step 35 task 3/4 gen 2/4 turns=7 reason=patience reward=1.033  [554/960 trajectories overall]
[23:17:34]   rollout step 35 task 3/4 gen 3/4 turn 1/8 valid=False db -8.52->-8.52
[23:17:39]   rollout step 35 task 3/4 gen 3/4 turn 2/8 valid=True db -8.52->-6.03
[23:17:43]   rollout step 35 task 3/4 gen 3/4 turn 3/8 valid=True db -6.03->-8.35
[23:17:43] trajectory done: step 35 task 3/4 gen 3/4 turns=3 reason=patience reward=-0.049  [555/960 trajectories overall]
[23:17:52]   rollout step 35 task 3/4 gen 4/4 turn 1/8 valid=True db -8.52->-8.78
[23:17:57]   rollout step 35 task 3/4 gen 4/4 turn 2/8 valid=True db -8.78->-6.23
[23:18:03]   rollout step 35 task 3/4 gen 4/4 turn 3/8 valid=True db -6.23->-8.62
[23:18:09]   rollout step 35 task 3/4 gen 4/4 turn 4/8 valid=True db -8.62->-6.41
[23:18:09] trajectory done: step 35 task 3/4 gen 4/4 turns=4 reason=patience reward=-0.444  [556/960 trajectories overall]
[23:18:13]   rollout step 35 task 4/4 gen 1/4 turn 1/8 valid=True db -54.15->-54.15
[23:18:13] trajectory done: step 35 task 4/4 gen 1/4 turns=1 reason=stop reward=0.000  [557/960 trajectories overall]
[23:18:19]   rollout step 35 task 4/4 gen 2/4 turn 1/8 valid=True db -54.15->-54.15
[23:18:19] trajectory done: step 35 task 4/4 gen 2/4 turns=1 reason=stop reward=0.000  [558/960 trajectories overall]
[23:18:23]   rollout step 35 task 4/4 gen 3/4 turn 1/8 valid=True db -54.15->-54.15
[23:18:23] trajectory done: step 35 task 4/4 gen 3/4 turns=1 reason=stop reward=0.000  [559/960 trajectories overall]
[23:18:27]   rollout step 35 task 4/4 gen 4/4 turn 1/8 valid=True db -54.15->-54.15
[23:18:27] trajectory done: step 35 task 4/4 gen 4/4 turns=1 reason=stop reward=0.000  [560/960 trajectories overall]
[23:18:34]   gradient pass 20/41 turns backpropagated
[23:18:41]   gradient pass 40/41 turns backpropagated
[23:18:41]   gradient pass 41/41 turns backpropagated
[23:18:41] step 35/60 loss=-1.95760 reward_mean=0.644 reward_std=6.977 turns_mean=2.8 goal_met=2/16 stop=6 patience=8
[23:18:42] saved checkpoint to /home/yue1guo2/workspace/qucs-llm-optimizer/outputs/2026-09-09-1810-multiturn-nightly-4x4x60/checkpoint-35
[23:18:52]   rollout step 36 task 1/4 gen 1/4 turn 1/8 valid=True db -29.20->-29.91
[23:18:56]   rollout step 36 task 1/4 gen 1/4 turn 2/8 valid=False db -29.91->-29.91
[23:19:03]   rollout step 36 task 1/4 gen 1/4 turn 3/8 valid=True db -29.91->-28.38
[23:19:07]   rollout step 36 task 1/4 gen 1/4 turn 4/8 valid=True db -28.38->-28.38
[23:19:07] trajectory done: step 36 task 1/4 gen 1/4 turns=4 reason=stop reward=0.251  [561/960 trajectories overall]
[23:19:16]   rollout step 36 task 1/4 gen 2/4 turn 1/8 valid=True db -29.20->-30.67
[23:19:16] trajectory done: step 36 task 1/4 gen 2/4 turns=1 reason=goal_met reward=1.469  [562/960 trajectories overall]
[23:19:20]   rollout step 36 task 1/4 gen 3/4 turn 1/8 valid=False db -29.20->-29.20
[23:19:26]   rollout step 36 task 1/4 gen 3/4 turn 2/8 valid=True db -29.20->-27.88
[23:19:35]   rollout step 36 task 1/4 gen 3/4 turn 3/8 valid=True db -27.88->-11.72
[23:19:35] trajectory done: step 36 task 1/4 gen 3/4 turns=3 reason=patience reward=-5.244  [563/960 trajectories overall]
[23:19:44]   rollout step 36 task 1/4 gen 4/4 turn 1/8 valid=True db -29.20->-9.91
[23:19:49]   rollout step 36 task 1/4 gen 4/4 turn 2/8 valid=True db -9.91->-1.76
[23:19:59]   rollout step 36 task 1/4 gen 4/4 turn 3/8 valid=True db -1.76->-1.40
[23:19:59] trajectory done: step 36 task 1/4 gen 4/4 turns=3 reason=patience reward=-8.341  [564/960 trajectories overall]
[23:20:05]   rollout step 36 task 2/4 gen 1/4 turn 1/8 valid=False db -27.98->-27.98
[23:20:09]   rollout step 36 task 2/4 gen 1/4 turn 2/8 valid=True db -27.98->-27.29
[23:20:18]   rollout step 36 task 2/4 gen 1/4 turn 3/8 valid=True db -27.29->-27.94
[23:20:18] trajectory done: step 36 task 2/4 gen 1/4 turns=3 reason=patience reward=-0.014  [565/960 trajectories overall]
[23:20:33]   rollout step 36 task 2/4 gen 2/4 turn 1/8 valid=True db -27.98->-9.59
[23:20:38]   rollout step 36 task 2/4 gen 2/4 turn 2/8 valid=True db -9.59->-25.91
[23:20:45]   rollout step 36 task 2/4 gen 2/4 turn 3/8 valid=True db -25.91->-10.54
[23:20:45] trajectory done: step 36 task 2/4 gen 2/4 turns=3 reason=patience reward=-5.234  [566/960 trajectories overall]
[23:20:49]   rollout step 36 task 2/4 gen 3/4 turn 1/8 valid=False db -27.98->-27.98
[23:20:54]   rollout step 36 task 2/4 gen 3/4 turn 2/8 valid=True db -27.98->-21.95
[23:21:01]   rollout step 36 task 2/4 gen 3/4 turn 3/8 valid=True db -21.95->-22.70
[23:21:01] trajectory done: step 36 task 2/4 gen 3/4 turns=3 reason=patience reward=-1.586  [567/960 trajectories overall]
[23:21:06]   rollout step 36 task 2/4 gen 4/4 turn 1/8 valid=True db -27.98->-9.59
[23:21:12]   rollout step 36 task 2/4 gen 4/4 turn 2/8 valid=True db -9.59->-25.97
[23:21:18]   rollout step 36 task 2/4 gen 4/4 turn 3/8 valid=True db -25.97->-10.83
[23:21:18] trajectory done: step 36 task 2/4 gen 4/4 turns=3 reason=patience reward=-5.146  [568/960 trajectories overall]
[23:21:25]   rollout step 36 task 3/4 gen 1/4 turn 1/8 valid=True db -10.83->-15.63
[23:21:32]   rollout step 36 task 3/4 gen 1/4 turn 2/8 valid=False db -15.63->-15.63
[23:21:39]   rollout step 36 task 3/4 gen 1/4 turn 3/8 valid=True db -15.63->-15.68
[23:21:49]   rollout step 36 task 3/4 gen 1/4 turn 4/8 valid=True db -15.68->-15.68
[23:21:49] trajectory done: step 36 task 3/4 gen 1/4 turns=4 reason=patience reward=4.847  [569/960 trajectories overall]
[23:21:57]   rollout step 36 task 3/4 gen 2/4 turn 1/8 valid=True db -10.83->-19.74
[23:22:01]   rollout step 36 task 3/4 gen 2/4 turn 2/8 valid=False db -19.74->-19.74
[23:22:07]   rollout step 36 task 3/4 gen 2/4 turn 3/8 valid=True db -19.74->-11.61
[23:22:11]   rollout step 36 task 3/4 gen 2/4 turn 4/8 valid=True db -11.61->-11.61
[23:22:11] trajectory done: step 36 task 3/4 gen 2/4 turns=4 reason=stop reward=6.463  [570/960 trajectories overall]
[23:22:20]   rollout step 36 task 3/4 gen 3/4 turn 1/8 valid=True db -10.83->-9.89
[23:22:24]   rollout step 36 task 3/4 gen 3/4 turn 2/8 valid=True db -9.89->-9.27
[23:22:30]   rollout step 36 task 3/4 gen 3/4 turn 3/8 valid=True db -9.27->-9.83
[23:22:30] trajectory done: step 36 task 3/4 gen 3/4 turns=3 reason=patience reward=-0.301  [571/960 trajectories overall]
[23:22:36]   rollout step 36 task 3/4 gen 4/4 turn 1/8 valid=True db -10.83->-9.23
[23:22:43]   rollout step 36 task 3/4 gen 4/4 turn 2/8 valid=True db -9.23->-9.83
[23:22:50]   rollout step 36 task 3/4 gen 4/4 turn 3/8 valid=True db -9.83->-8.65
[23:22:50] trajectory done: step 36 task 3/4 gen 4/4 turns=3 reason=patience reward=-0.654  [572/960 trajectories overall]
[23:22:58]   rollout step 36 task 4/4 gen 1/4 turn 1/8 valid=True db -14.26->-17.57
[23:23:04]   rollout step 36 task 4/4 gen 1/4 turn 2/8 valid=True db -17.57->-17.70
[23:23:11]   rollout step 36 task 4/4 gen 1/4 turn 3/8 valid=True db -17.70->-2.82
[23:23:17]   rollout step 36 task 4/4 gen 1/4 turn 4/8 valid=True db -2.82->-2.19
[23:23:17] trajectory done: step 36 task 4/4 gen 1/4 turns=4 reason=patience reward=-1.207  [573/960 trajectories overall]
[23:23:24]   rollout step 36 task 4/4 gen 2/4 turn 1/8 valid=True db -14.26->-12.35
[23:23:29]   rollout step 36 task 4/4 gen 2/4 turn 2/8 valid=True db -12.35->-1.65
[23:23:34]   rollout step 36 task 4/4 gen 2/4 turn 3/8 valid=True db -1.65->-11.22
[23:23:34] trajectory done: step 36 task 4/4 gen 2/4 turns=3 reason=patience reward=-0.911  [574/960 trajectories overall]
[23:23:40]   rollout step 36 task 4/4 gen 3/4 turn 1/8 valid=True db -14.26->-14.38
[23:23:45]   rollout step 36 task 4/4 gen 3/4 turn 2/8 valid=True db -14.38->-14.48
[23:23:52]   rollout step 36 task 4/4 gen 3/4 turn 3/8 valid=True db -14.48->-14.55
[23:24:00]   rollout step 36 task 4/4 gen 3/4 turn 4/8 valid=True db -14.55->-14.48
[23:24:05]   rollout step 36 task 4/4 gen 3/4 turn 5/8 valid=True db -14.48->-14.55
[23:24:05] trajectory done: step 36 task 4/4 gen 3/4 turns=5 reason=patience reward=0.297  [575/960 trajectories overall]
[23:24:09]   rollout step 36 task 4/4 gen 4/4 turn 1/8 valid=True db -14.26->-17.41
[23:24:16]   rollout step 36 task 4/4 gen 4/4 turn 2/8 valid=True db -17.41->-17.75
[23:24:23]   rollout step 36 task 4/4 gen 4/4 turn 3/8 valid=True db -17.75->-2.91
[23:24:32]   rollout step 36 task 4/4 gen 4/4 turn 4/8 valid=True db -2.91->-2.26
[23:24:42]   rollout step 36 task 4/4 gen 4/4 turn 5/8 valid=True db -2.26->-12.64
[23:24:42] trajectory done: step 36 task 4/4 gen 4/4 turns=5 reason=patience reward=1.961  [576/960 trajectories overall]
[23:24:48]   gradient pass 20/54 turns backpropagated
[23:24:55]   gradient pass 40/54 turns backpropagated
[23:24:59]   gradient pass 54/54 turns backpropagated
[23:24:59] step 36/60 loss=1.06661 reward_mean=-0.834 reward_std=3.679 turns_mean=3.4 goal_met=1/16 stop=2 patience=13
[23:25:05]   rollout step 37 task 1/4 gen 1/4 turn 1/8 valid=True db -7.66->-5.06
[23:25:10]   rollout step 37 task 1/4 gen 1/4 turn 2/8 valid=True db -5.06->-8.83
[23:25:20]   rollout step 37 task 1/4 gen 1/4 turn 3/8 valid=True db -8.83->-11.80
[23:25:28]   rollout step 37 task 1/4 gen 1/4 turn 4/8 valid=True db -11.80->-18.78
[23:25:39]   rollout step 37 task 1/4 gen 1/4 turn 5/8 valid=True db -18.78->-18.98
[23:25:45]   rollout step 37 task 1/4 gen 1/4 turn 6/8 valid=True db -18.98->-35.27
[23:25:45] trajectory done: step 37 task 1/4 gen 1/4 turns=6 reason=goal_met reward=27.613  [577/960 trajectories overall]
[23:25:50]   rollout step 37 task 1/4 gen 2/4 turn 1/8 valid=False db -7.66->-7.66
[23:25:56]   rollout step 37 task 1/4 gen 2/4 turn 2/8 valid=True db -7.66->-5.06
[23:26:02]   rollout step 37 task 1/4 gen 2/4 turn 3/8 valid=True db -5.06->-8.49
[23:26:09]   rollout step 37 task 1/4 gen 2/4 turn 4/8 valid=True db -8.49->-5.36
[23:26:15]   rollout step 37 task 1/4 gen 2/4 turn 5/8 valid=True db -5.36->-5.06
[23:26:20]   rollout step 37 task 1/4 gen 2/4 turn 6/8 valid=True db -5.06->-5.06
[23:26:20] trajectory done: step 37 task 1/4 gen 2/4 turns=6 reason=patience reward=-0.196  [578/960 trajectories overall]
[23:26:25]   rollout step 37 task 1/4 gen 3/4 turn 1/8 valid=False db -7.66->-7.66
[23:26:30]   rollout step 37 task 1/4 gen 3/4 turn 2/8 valid=False db -7.66->-7.66
[23:26:36]   rollout step 37 task 1/4 gen 3/4 turn 3/8 valid=False db -7.66->-7.66
[23:26:36] trajectory done: step 37 task 1/4 gen 3/4 turns=3 reason=patience reward=0.000  [579/960 trajectories overall]
[23:26:46]   rollout step 37 task 1/4 gen 4/4 turn 1/8 valid=True db -7.66->-7.24
[23:26:53]   rollout step 37 task 1/4 gen 4/4 turn 2/8 valid=True db -7.24->-14.43
[23:27:04]   rollout step 37 task 1/4 gen 4/4 turn 3/8 valid=True db -14.43->-13.08
[23:27:08]   rollout step 37 task 1/4 gen 4/4 turn 4/8 valid=True db -13.08->-14.33
[23:27:17]   rollout step 37 task 1/4 gen 4/4 turn 5/8 valid=True db -14.33->-22.75
[23:27:25]   rollout step 37 task 1/4 gen 4/4 turn 6/8 valid=True db -22.75->-5.93
[23:27:34]   rollout step 37 task 1/4 gen 4/4 turn 7/8 valid=True db -5.93->-0.98
[23:27:42]   rollout step 37 task 1/4 gen 4/4 turn 8/8 valid=True db -0.98->-0.91
[23:27:42] trajectory done: step 37 task 1/4 gen 4/4 turns=8 reason=patience reward=8.544  [580/960 trajectories overall]
[23:27:48]   rollout step 37 task 2/4 gen 1/4 turn 1/8 valid=True db -9.87->-10.17
[23:27:52]   rollout step 37 task 2/4 gen 1/4 turn 2/8 valid=False db -10.17->-10.17
[23:28:00]   rollout step 37 task 2/4 gen 1/4 turn 3/8 valid=True db -10.17->-13.48
[23:28:07]   rollout step 37 task 2/4 gen 1/4 turn 4/8 valid=True db -13.48->-13.33
[23:28:11]   rollout step 37 task 2/4 gen 1/4 turn 5/8 valid=True db -13.33->-13.47
[23:28:22]   rollout step 37 task 2/4 gen 1/4 turn 6/8 valid=True db -13.47->-10.21
[23:28:22] trajectory done: step 37 task 2/4 gen 1/4 turns=6 reason=patience reward=2.634  [581/960 trajectories overall]
[23:28:32]   rollout step 37 task 2/4 gen 2/4 turn 1/8 valid=True db -9.87->-9.69
[23:28:40]   rollout step 37 task 2/4 gen 2/4 turn 2/8 valid=True db -9.69->-9.97
[23:28:46]   rollout step 37 task 2/4 gen 2/4 turn 3/8 valid=True db -9.97->-10.23
[23:28:54]   rollout step 37 task 2/4 gen 2/4 turn 4/8 valid=True db -10.23->-10.10
[23:29:01]   rollout step 37 task 2/4 gen 2/4 turn 5/8 valid=True db -10.10->-10.22
[23:29:08]   rollout step 37 task 2/4 gen 2/4 turn 6/8 valid=True db -10.22->-15.54
[23:29:17]   rollout step 37 task 2/4 gen 2/4 turn 7/8 valid=True db -15.54->-23.96
[23:29:24]   rollout step 37 task 2/4 gen 2/4 turn 8/8 valid=True db -23.96->-7.04
[23:29:24] trajectory done: step 37 task 2/4 gen 2/4 turns=8 reason=max_turns reward=9.023  [582/960 trajectories overall]
[23:29:30]   rollout step 37 task 2/4 gen 3/4 turn 1/8 valid=True db -9.87->-10.83
[23:29:35]   rollout step 37 task 2/4 gen 3/4 turn 2/8 valid=True db -10.83->-28.66
[23:29:41]   rollout step 37 task 2/4 gen 3/4 turn 3/8 valid=True db -28.66->-28.12
[23:29:48]   rollout step 37 task 2/4 gen 3/4 turn 4/8 valid=True db -28.12->-28.12
[23:29:48] trajectory done: step 37 task 2/4 gen 3/4 turns=4 reason=stop reward=18.630  [583/960 trajectories overall]
[23:29:54]   rollout step 37 task 2/4 gen 4/4 turn 1/8 valid=True db -9.87->-7.18
[23:30:01]   rollout step 37 task 2/4 gen 4/4 turn 2/8 valid=True db -7.18->-7.03
[23:30:06]   rollout step 37 task 2/4 gen 4/4 turn 3/8 valid=True db -7.03->-7.17
[23:30:06] trajectory done: step 37 task 2/4 gen 4/4 turns=3 reason=patience reward=-0.809  [584/960 trajectories overall]
[23:30:12]   rollout step 37 task 3/4 gen 1/4 turn 1/8 valid=True db -7.99->-8.19
[23:30:20]   rollout step 37 task 3/4 gen 1/4 turn 2/8 valid=True db -8.19->-6.32
[23:30:31]   rollout step 37 task 3/4 gen 1/4 turn 3/8 valid=True db -6.32->-6.46
[23:30:31] trajectory done: step 37 task 3/4 gen 1/4 turns=3 reason=patience reward=-0.324  [585/960 trajectories overall]
[23:30:39]   rollout step 37 task 3/4 gen 2/4 turn 1/8 valid=True db -7.99->-11.15
[23:30:44]   rollout step 37 task 3/4 gen 2/4 turn 2/8 valid=True db -11.15->-19.73
[23:30:50]   rollout step 37 task 3/4 gen 2/4 turn 3/8 valid=False db -19.73->-19.73
[23:30:57]   rollout step 37 task 3/4 gen 2/4 turn 4/8 valid=True db -19.73->-19.79
[23:31:06]   rollout step 37 task 3/4 gen 2/4 turn 5/8 valid=True db -19.79->-19.82
[23:31:06] trajectory done: step 37 task 3/4 gen 2/4 turns=5 reason=patience reward=11.828  [586/960 trajectories overall]
[23:31:19]   rollout step 37 task 3/4 gen 3/4 turn 1/8 valid=True db -7.99->-7.86
[23:31:24]   rollout step 37 task 3/4 gen 3/4 turn 2/8 valid=True db -7.86->-7.99
[23:31:31]   rollout step 37 task 3/4 gen 3/4 turn 3/8 valid=True db -7.99->-8.09
[23:31:31] trajectory done: step 37 task 3/4 gen 3/4 turns=3 reason=patience reward=0.100  [587/960 trajectories overall]
[23:31:38]   rollout step 37 task 3/4 gen 4/4 turn 1/8 valid=False db -7.99->-7.99
[23:31:45]   rollout step 37 task 3/4 gen 4/4 turn 2/8 valid=True db -7.99->-7.87
[23:31:50]   rollout step 37 task 3/4 gen 4/4 turn 3/8 valid=True db -7.87->-7.99
[23:31:50] trajectory done: step 37 task 3/4 gen 4/4 turns=3 reason=patience reward=-0.003  [588/960 trajectories overall]
[23:31:56]   rollout step 37 task 4/4 gen 1/4 turn 1/8 valid=True db -31.01->-31.01
[23:31:56] trajectory done: step 37 task 4/4 gen 1/4 turns=1 reason=stop reward=0.000  [589/960 trajectories overall]
[23:32:01]   rollout step 37 task 4/4 gen 2/4 turn 1/8 valid=True db -31.01->-18.69
[23:32:07]   rollout step 37 task 4/4 gen 2/4 turn 2/8 valid=True db -18.69->-29.01
[23:32:18]   rollout step 37 task 4/4 gen 2/4 turn 3/8 valid=True db -29.01->-19.06
[23:32:18] trajectory done: step 37 task 4/4 gen 2/4 turns=3 reason=patience reward=-3.587  [590/960 trajectories overall]
[23:32:24]   rollout step 37 task 4/4 gen 3/4 turn 1/8 valid=True db -31.01->-31.65
[23:32:24] trajectory done: step 37 task 4/4 gen 3/4 turns=1 reason=goal_met reward=0.638  [591/960 trajectories overall]
[23:32:31]   rollout step 37 task 4/4 gen 4/4 turn 1/8 valid=True db -31.01->-18.69
[23:32:40]   rollout step 37 task 4/4 gen 4/4 turn 2/8 valid=True db -18.69->-14.36
[23:32:46]   rollout step 37 task 4/4 gen 4/4 turn 3/8 valid=True db -14.36->-14.96
[23:32:46] trajectory done: step 37 task 4/4 gen 4/4 turns=3 reason=patience reward=-4.815  [592/960 trajectories overall]
[23:32:53]   gradient pass 20/66 turns backpropagated
[23:33:00]   gradient pass 40/66 turns backpropagated
[23:33:06]   gradient pass 60/66 turns backpropagated
[23:33:08]   gradient pass 66/66 turns backpropagated
[23:33:08] step 37/60 loss=1.85095 reward_mean=4.330 reward_std=8.471 turns_mean=4.1 goal_met=2/16 stop=2 patience=11
[23:33:14]   rollout step 38 task 1/4 gen 1/4 turn 1/8 valid=True db -15.26->-15.50
[23:33:19]   rollout step 38 task 1/4 gen 1/4 turn 2/8 valid=True db -15.50->-15.75
[23:33:26]   rollout step 38 task 1/4 gen 1/4 turn 3/8 valid=True db -15.75->-4.90
[23:33:36]   rollout step 38 task 1/4 gen 1/4 turn 4/8 valid=True db -4.90->-3.46
[23:33:43]   rollout step 38 task 1/4 gen 1/4 turn 5/8 valid=True db -3.46->-3.46
[23:33:43] trajectory done: step 38 task 1/4 gen 1/4 turns=5 reason=stop reward=-3.197  [593/960 trajectories overall]
[23:33:49]   rollout step 38 task 1/4 gen 2/4 turn 1/8 valid=True db -15.26->-27.04
[23:33:55]   rollout step 38 task 1/4 gen 2/4 turn 2/8 valid=True db -27.04->-26.15
[23:34:00]   rollout step 38 task 1/4 gen 2/4 turn 3/8 valid=True db -26.15->-26.95
[23:34:07]   rollout step 38 task 1/4 gen 2/4 turn 4/8 valid=True db -26.95->-18.93
[23:34:07] trajectory done: step 38 task 1/4 gen 2/4 turns=4 reason=patience reward=9.351  [594/960 trajectories overall]
[23:34:17]   rollout step 38 task 1/4 gen 3/4 turn 1/8 valid=True db -15.26->-26.14
[23:34:25]   rollout step 38 task 1/4 gen 3/4 turn 2/8 valid=True db -26.14->-16.45
[23:34:31]   rollout step 38 task 1/4 gen 3/4 turn 3/8 valid=True db -16.45->-28.09
[23:34:43]   rollout step 38 task 1/4 gen 3/4 turn 4/8 valid=True db -28.09->-17.56
[23:34:49]   rollout step 38 task 1/4 gen 3/4 turn 5/8 valid=True db -17.56->-30.31
[23:34:49] trajectory done: step 38 task 1/4 gen 3/4 turns=5 reason=goal_met reward=15.056  [595/960 trajectories overall]
[23:34:56]   rollout step 38 task 1/4 gen 4/4 turn 1/8 valid=True db -15.26->-15.27
[23:35:03]   rollout step 38 task 1/4 gen 4/4 turn 2/8 valid=True db -15.27->-4.34
[23:35:10]   rollout step 38 task 1/4 gen 4/4 turn 3/8 valid=True db -4.34->-14.26
[23:35:10] trajectory done: step 38 task 1/4 gen 4/4 turns=3 reason=patience reward=-0.293  [596/960 trajectories overall]
[23:35:21]   rollout step 38 task 2/4 gen 1/4 turn 1/8 valid=True db -5.85->-9.52
[23:35:26]   rollout step 38 task 2/4 gen 1/4 turn 2/8 valid=True db -9.52->-14.33
[23:35:32]   rollout step 38 task 2/4 gen 1/4 turn 3/8 valid=True db -14.33->-17.39
[23:35:40]   rollout step 38 task 2/4 gen 1/4 turn 4/8 valid=True db -17.39->-24.44
[23:35:48]   rollout step 38 task 2/4 gen 1/4 turn 5/8 valid=True db -24.44->-34.53
[23:35:48] trajectory done: step 38 task 2/4 gen 1/4 turns=5 reason=goal_met reward=28.684  [597/960 trajectories overall]
[23:35:56]   rollout step 38 task 2/4 gen 2/4 turn 1/8 valid=True db -5.85->-8.13
[23:36:00]   rollout step 38 task 2/4 gen 2/4 turn 2/8 valid=True db -8.13->-8.83
[23:36:07]   rollout step 38 task 2/4 gen 2/4 turn 3/8 valid=True db -8.83->-8.71
[23:36:11]   rollout step 38 task 2/4 gen 2/4 turn 4/8 valid=True db -8.71->-8.82
[23:36:21]   rollout step 38 task 2/4 gen 2/4 turn 5/8 valid=True db -8.82->-8.27
[23:36:21] trajectory done: step 38 task 2/4 gen 2/4 turns=5 reason=patience reward=2.809  [598/960 trajectories overall]
[23:36:29]   rollout step 38 task 2/4 gen 3/4 turn 1/8 valid=True db -5.85->-8.13
[23:36:36]   rollout step 38 task 2/4 gen 3/4 turn 2/8 valid=True db -8.13->-18.70
[23:36:43]   rollout step 38 task 2/4 gen 3/4 turn 3/8 valid=True db -18.70->-4.89
[23:36:49]   rollout step 38 task 2/4 gen 3/4 turn 4/8 valid=True db -4.89->-4.89
[23:36:49] trajectory done: step 38 task 2/4 gen 3/4 turns=4 reason=stop reward=8.704  [599/960 trajectories overall]
[23:36:56]   rollout step 38 task 2/4 gen 4/4 turn 1/8 valid=True db -5.85->-8.13
[23:37:02]   rollout step 38 task 2/4 gen 4/4 turn 2/8 valid=True db -8.13->-18.17
[23:37:06]   rollout step 38 task 2/4 gen 4/4 turn 3/8 valid=True db -18.17->-4.67
[23:37:10]   rollout step 38 task 2/4 gen 4/4 turn 4/8 valid=True db -4.67->-4.67
[23:37:10] trajectory done: step 38 task 2/4 gen 4/4 turns=4 reason=stop reward=8.266  [600/960 trajectories overall]
[23:37:20]   rollout step 38 task 3/4 gen 1/4 turn 1/8 valid=True db -16.74->-17.03
[23:37:27]   rollout step 38 task 3/4 gen 1/4 turn 2/8 valid=True db -17.03->-11.41
[23:37:32]   rollout step 38 task 3/4 gen 1/4 turn 3/8 valid=True db -11.41->-16.63
[23:37:42]   rollout step 38 task 3/4 gen 1/4 turn 4/8 valid=True db -16.63->-22.12
[23:37:51]   rollout step 38 task 3/4 gen 1/4 turn 5/8 valid=True db -22.12->-30.28
[23:37:51] trajectory done: step 38 task 3/4 gen 1/4 turns=5 reason=goal_met reward=13.537  [601/960 trajectories overall]
[23:37:58]   rollout step 38 task 3/4 gen 2/4 turn 1/8 valid=True db -16.74->-17.03
[23:38:05]   rollout step 38 task 3/4 gen 2/4 turn 2/8 valid=True db -17.03->-23.73
[23:38:12]   rollout step 38 task 3/4 gen 2/4 turn 3/8 valid=True db -23.73->-29.76
[23:38:20]   rollout step 38 task 3/4 gen 2/4 turn 4/8 valid=True db -29.76->-29.26
[23:38:25]   rollout step 38 task 3/4 gen 2/4 turn 5/8 valid=True db -29.26->-29.26
[23:38:25] trajectory done: step 38 task 3/4 gen 2/4 turns=5 reason=stop reward=12.870  [602/960 trajectories overall]
[23:38:41]   rollout step 38 task 3/4 gen 3/4 turn 1/8 valid=True db -16.74->-17.01
[23:38:46]   rollout step 38 task 3/4 gen 3/4 turn 2/8 valid=True db -17.01->-26.99
[23:38:54]   rollout step 38 task 3/4 gen 3/4 turn 3/8 valid=True db -26.99->-7.13
[23:39:03]   rollout step 38 task 3/4 gen 3/4 turn 4/8 valid=True db -7.13->-6.91
[23:39:09]   rollout step 38 task 3/4 gen 3/4 turn 5/8 valid=True db -6.91->-7.11
[23:39:09] trajectory done: step 38 task 3/4 gen 3/4 turns=5 reason=patience reward=4.287  [603/960 trajectories overall]
[23:39:16]   rollout step 38 task 3/4 gen 4/4 turn 1/8 valid=True db -16.74->-17.03
[23:39:24]   rollout step 38 task 3/4 gen 4/4 turn 2/8 valid=True db -17.03->-17.28
[23:39:37]   rollout step 38 task 3/4 gen 4/4 turn 3/8 valid=True db -17.28->-16.21
[23:39:44]   rollout step 38 task 3/4 gen 4/4 turn 4/8 valid=True db -16.21->-17.20
[23:39:50]   rollout step 38 task 3/4 gen 4/4 turn 5/8 valid=True db -17.20->-17.41
[23:39:50] trajectory done: step 38 task 3/4 gen 4/4 turns=5 reason=patience reward=0.666  [604/960 trajectories overall]
[23:39:54]   rollout step 38 task 4/4 gen 1/4 turn 1/8 valid=True db -40.87->-22.97
[23:39:59]   rollout step 38 task 4/4 gen 1/4 turn 2/8 valid=True db -22.97->-9.22
[23:40:06]   rollout step 38 task 4/4 gen 1/4 turn 3/8 valid=True db -9.22->-21.61
[23:40:06] trajectory done: step 38 task 4/4 gen 1/4 turns=3 reason=patience reward=-5.778  [605/960 trajectories overall]
[23:40:12]   rollout step 38 task 4/4 gen 2/4 turn 1/8 valid=True db -40.87->-10.32
[23:40:17]   rollout step 38 task 4/4 gen 2/4 turn 2/8 valid=True db -10.32->-33.45
[23:40:17] trajectory done: step 38 task 4/4 gen 2/4 turns=2 reason=goal_met reward=-2.224  [606/960 trajectories overall]
[23:40:27]   rollout step 38 task 4/4 gen 3/4 turn 1/8 valid=True db -40.87->-41.04
[23:40:27] trajectory done: step 38 task 4/4 gen 3/4 turns=1 reason=goal_met reward=0.169  [607/960 trajectories overall]
[23:40:34]   rollout step 38 task 4/4 gen 4/4 turn 1/8 valid=True db -40.87->-10.32
[23:40:40]   rollout step 38 task 4/4 gen 4/4 turn 2/8 valid=True db -10.32->-0.61
[23:40:45]   rollout step 38 task 4/4 gen 4/4 turn 3/8 valid=True db -0.61->-9.41
[23:40:45] trajectory done: step 38 task 4/4 gen 4/4 turns=3 reason=patience reward=-9.438  [608/960 trajectories overall]
[23:40:52]   gradient pass 20/64 turns backpropagated
[23:40:58]   gradient pass 40/64 turns backpropagated
[23:41:05]   gradient pass 60/64 turns backpropagated
[23:41:06]   gradient pass 64/64 turns backpropagated
[23:41:06] step 38/60 loss=0.41424 reward_mean=5.217 reward_std=9.216 turns_mean=4.0 goal_met=5/16 stop=4 patience=7
[23:41:16]   rollout step 39 task 1/4 gen 1/4 turn 1/8 valid=True db -15.25->-14.89
[23:41:22]   rollout step 39 task 1/4 gen 1/4 turn 2/8 valid=True db -14.89->-15.15
[23:41:29]   rollout step 39 task 1/4 gen 1/4 turn 3/8 valid=True db -15.15->-27.44
[23:41:36]   rollout step 39 task 1/4 gen 1/4 turn 4/8 valid=True db -27.44->-15.17
[23:41:40]   rollout step 39 task 1/4 gen 1/4 turn 5/8 valid=True db -15.17->-30.66
[23:41:40] trajectory done: step 39 task 1/4 gen 1/4 turns=5 reason=goal_met reward=15.408  [609/960 trajectories overall]
[23:41:48]   rollout step 39 task 1/4 gen 2/4 turn 1/8 valid=True db -15.25->-20.08
[23:41:55]   rollout step 39 task 1/4 gen 2/4 turn 2/8 valid=True db -20.08->-17.52
[23:42:00]   rollout step 39 task 1/4 gen 2/4 turn 3/8 valid=True db -17.52->-17.97
[23:42:09]   rollout step 39 task 1/4 gen 2/4 turn 4/8 valid=True db -17.97->-14.93
[23:42:09] trajectory done: step 39 task 1/4 gen 2/4 turns=4 reason=patience reward=3.287  [610/960 trajectories overall]
[23:42:17]   rollout step 39 task 1/4 gen 3/4 turn 1/8 valid=True db -15.25->-12.01
[23:42:24]   rollout step 39 task 1/4 gen 3/4 turn 2/8 valid=True db -12.01->-14.92
[23:42:31]   rollout step 39 task 1/4 gen 3/4 turn 3/8 valid=True db -14.92->-22.66
[23:42:37]   rollout step 39 task 1/4 gen 3/4 turn 4/8 valid=True db -22.66->-22.85
[23:42:44]   rollout step 39 task 1/4 gen 3/4 turn 5/8 valid=True db -22.85->-19.30
[23:42:49]   rollout step 39 task 1/4 gen 3/4 turn 6/8 valid=True db -19.30->-24.01
[23:42:56]   rollout step 39 task 1/4 gen 3/4 turn 7/8 valid=True db -24.01->-24.22
[23:43:04]   rollout step 39 task 1/4 gen 3/4 turn 8/8 valid=True db -24.22->-23.68
[23:43:04] trajectory done: step 39 task 1/4 gen 3/4 turns=8 reason=max_turns reward=8.810  [611/960 trajectories overall]
[23:43:13]   rollout step 39 task 1/4 gen 4/4 turn 1/8 valid=True db -15.25->-15.21
[23:43:20]   rollout step 39 task 1/4 gen 4/4 turn 2/8 valid=True db -15.21->-15.69
[23:43:30]   rollout step 39 task 1/4 gen 4/4 turn 3/8 valid=True db -15.69->-13.48
[23:43:37]   rollout step 39 task 1/4 gen 4/4 turn 4/8 valid=True db -13.48->-15.52
[23:43:46]   rollout step 39 task 1/4 gen 4/4 turn 5/8 valid=True db -15.52->-13.60
[23:43:46] trajectory done: step 39 task 1/4 gen 4/4 turns=5 reason=patience reward=-0.185  [612/960 trajectories overall]
[23:43:53]   rollout step 39 task 2/4 gen 1/4 turn 1/8 valid=True db -30.12->-31.20
[23:43:53] trajectory done: step 39 task 2/4 gen 1/4 turns=1 reason=goal_met reward=1.085  [613/960 trajectories overall]
[23:44:03]   rollout step 39 task 2/4 gen 2/4 turn 1/8 valid=True db -30.12->-23.36
[23:44:10]   rollout step 39 task 2/4 gen 2/4 turn 2/8 valid=True db -23.36->-2.69
[23:44:17]   rollout step 39 task 2/4 gen 2/4 turn 3/8 valid=True db -2.69->-4.37
[23:44:17] trajectory done: step 39 task 2/4 gen 2/4 turns=3 reason=patience reward=-7.726  [614/960 trajectories overall]
[23:44:22]   rollout step 39 task 2/4 gen 3/4 turn 1/8 valid=True db -30.12->-30.12
[23:44:22] trajectory done: step 39 task 2/4 gen 3/4 turns=1 reason=stop reward=0.000  [615/960 trajectories overall]
[23:44:32]   rollout step 39 task 2/4 gen 4/4 turn 1/8 valid=True db -30.12->-29.30
[23:44:38]   rollout step 39 task 2/4 gen 4/4 turn 2/8 valid=True db -29.30->-28.71
[23:44:46]   rollout step 39 task 2/4 gen 4/4 turn 3/8 valid=True db -28.71->-29.25
[23:44:46] trajectory done: step 39 task 2/4 gen 4/4 turns=3 reason=patience reward=-0.260  [616/960 trajectories overall]
[23:44:56]   rollout step 39 task 3/4 gen 1/4 turn 1/8 valid=True db -14.56->-33.81
[23:44:56] trajectory done: step 39 task 3/4 gen 1/4 turns=1 reason=goal_met reward=19.252  [617/960 trajectories overall]
[23:45:10]   rollout step 39 task 3/4 gen 2/4 turn 1/8 valid=True db -14.56->-15.94
[23:45:16]   rollout step 39 task 3/4 gen 2/4 turn 2/8 valid=True db -15.94->-53.92
[23:45:16] trajectory done: step 39 task 3/4 gen 2/4 turns=2 reason=goal_met reward=39.365  [618/960 trajectories overall]
[23:45:24]   rollout step 39 task 3/4 gen 3/4 turn 1/8 valid=True db -14.56->-15.77
[23:45:33]   rollout step 39 task 3/4 gen 3/4 turn 2/8 valid=True db -15.77->-38.42
[23:45:33] trajectory done: step 39 task 3/4 gen 3/4 turns=2 reason=goal_met reward=23.864  [619/960 trajectories overall]
[23:45:43]   rollout step 39 task 3/4 gen 4/4 turn 1/8 valid=True db -14.56->-15.30
[23:45:49]   rollout step 39 task 3/4 gen 4/4 turn 2/8 valid=True db -15.30->-54.32
[23:45:49] trajectory done: step 39 task 3/4 gen 4/4 turns=2 reason=goal_met reward=39.759  [620/960 trajectories overall]
[23:45:56]   rollout step 39 task 4/4 gen 1/4 turn 1/8 valid=True db -12.53->-10.63
[23:46:01]   rollout step 39 task 4/4 gen 1/4 turn 2/8 valid=True db -10.63->-10.57
[23:46:08]   rollout step 39 task 4/4 gen 1/4 turn 3/8 valid=True db -10.57->-8.98
[23:46:08] trajectory done: step 39 task 4/4 gen 1/4 turns=3 reason=patience reward=-1.065  [621/960 trajectories overall]
[23:46:14]   rollout step 39 task 4/4 gen 2/4 turn 1/8 valid=True db -12.53->-19.36
[23:46:21]   rollout step 39 task 4/4 gen 2/4 turn 2/8 valid=True db -19.36->-20.26
[23:46:30]   rollout step 39 task 4/4 gen 2/4 turn 3/8 valid=True db -20.26->-6.13
[23:46:38]   rollout step 39 task 4/4 gen 2/4 turn 4/8 valid=True db -6.13->-1.44
[23:46:44]   rollout step 39 task 4/4 gen 2/4 turn 5/8 valid=True db -1.44->-8.03
[23:46:44] trajectory done: step 39 task 4/4 gen 2/4 turns=5 reason=patience reward=4.066  [622/960 trajectories overall]
[23:46:56]   rollout step 39 task 4/4 gen 3/4 turn 1/8 valid=True db -12.53->-11.95
[23:47:04]   rollout step 39 task 4/4 gen 3/4 turn 2/8 valid=True db -11.95->-13.88
[23:47:09]   rollout step 39 task 4/4 gen 3/4 turn 3/8 valid=True db -13.88->-12.46
[23:47:15]   rollout step 39 task 4/4 gen 3/4 turn 4/8 valid=True db -12.46->-11.97
[23:47:21]   rollout step 39 task 4/4 gen 3/4 turn 5/8 valid=True db -11.97->-11.97
[23:47:21] trajectory done: step 39 task 4/4 gen 3/4 turns=5 reason=stop reward=0.782  [623/960 trajectories overall]
[23:47:31]   rollout step 39 task 4/4 gen 4/4 turn 1/8 valid=True db -12.53->-12.84
[23:47:38]   rollout step 39 task 4/4 gen 4/4 turn 2/8 valid=True db -12.84->-14.20
[23:47:43]   rollout step 39 task 4/4 gen 4/4 turn 3/8 valid=False db -14.20->-14.20
[23:47:52]   rollout step 39 task 4/4 gen 4/4 turn 4/8 valid=True db -14.20->-18.98
[23:47:57]   rollout step 39 task 4/4 gen 4/4 turn 5/8 valid=True db -18.98->-40.48
[23:47:57] trajectory done: step 39 task 4/4 gen 4/4 turns=5 reason=goal_met reward=27.955  [624/960 trajectories overall]
[23:48:04]   gradient pass 20/55 turns backpropagated
[23:48:10]   gradient pass 40/55 turns backpropagated
[23:48:15]   gradient pass 55/55 turns backpropagated
[23:48:15] step 39/60 loss=0.50990 reward_mean=10.900 reward_std=14.483 turns_mean=3.4 goal_met=7/16 stop=2 patience=6
[23:48:23]   rollout step 40 task 1/4 gen 1/4 turn 1/8 valid=True db -23.20->-20.48
[23:48:29]   rollout step 40 task 1/4 gen 1/4 turn 2/8 valid=True db -20.48->-19.05
[23:48:39]   rollout step 40 task 1/4 gen 1/4 turn 3/8 valid=True db -19.05->-19.23
[23:48:39] trajectory done: step 40 task 1/4 gen 1/4 turns=3 reason=patience reward=-1.191  [625/960 trajectories overall]
[23:48:46]   rollout step 40 task 1/4 gen 2/4 turn 1/8 valid=True db -23.20->-23.53
[23:48:52]   rollout step 40 task 1/4 gen 2/4 turn 2/8 valid=True db -23.53->-14.60
[23:48:56]   rollout step 40 task 1/4 gen 2/4 turn 3/8 valid=True db -14.60->-23.22
[23:49:03]   rollout step 40 task 1/4 gen 2/4 turn 4/8 valid=True db -23.22->-15.15
[23:49:03] trajectory done: step 40 task 1/4 gen 2/4 turns=4 reason=patience reward=-2.182  [626/960 trajectories overall]
[23:49:10]   rollout step 40 task 1/4 gen 3/4 turn 1/8 valid=True db -23.20->-23.53
[23:49:19]   rollout step 40 task 1/4 gen 3/4 turn 2/8 valid=True db -23.53->-23.85
[23:49:32]   rollout step 40 task 1/4 gen 3/4 turn 3/8 valid=True db -23.85->-22.47
[23:49:39]   rollout step 40 task 1/4 gen 3/4 turn 4/8 valid=True db -22.47->-20.85
[23:49:47]   rollout step 40 task 1/4 gen 3/4 turn 5/8 valid=True db -20.85->-17.95
[23:49:47] trajectory done: step 40 task 1/4 gen 3/4 turns=5 reason=patience reward=-1.120  [627/960 trajectories overall]
[23:49:53]   rollout step 40 task 1/4 gen 4/4 turn 1/8 valid=True db -23.20->-23.53
[23:49:58]   rollout step 40 task 1/4 gen 4/4 turn 2/8 valid=False db -23.53->-23.53
[23:50:04]   rollout step 40 task 1/4 gen 4/4 turn 3/8 valid=True db -23.53->-15.45
[23:50:07]   rollout step 40 task 1/4 gen 4/4 turn 4/8 valid=True db -15.45->-15.45
[23:50:07] trajectory done: step 40 task 1/4 gen 4/4 turns=4 reason=stop reward=-2.093  [628/960 trajectories overall]
[23:50:13]   rollout step 40 task 2/4 gen 1/4 turn 1/8 valid=True db -18.60->-25.18
[23:50:21]   rollout step 40 task 2/4 gen 1/4 turn 2/8 valid=True db -25.18->-6.97
[23:50:30]   rollout step 40 task 2/4 gen 1/4 turn 3/8 valid=True db -6.97->-0.68
[23:50:38]   rollout step 40 task 2/4 gen 1/4 turn 4/8 valid=True db -0.68->-0.52
[23:50:38] trajectory done: step 40 task 2/4 gen 1/4 turns=4 reason=patience reward=-0.815  [629/960 trajectories overall]
[23:50:46]   rollout step 40 task 2/4 gen 2/4 turn 1/8 valid=True db -18.60->-25.18
[23:50:51]   rollout step 40 task 2/4 gen 2/4 turn 2/8 valid=True db -25.18->-6.97
[23:50:56]   rollout step 40 task 2/4 gen 2/4 turn 3/8 valid=True db -6.97->-22.81
[23:51:04]   rollout step 40 task 2/4 gen 2/4 turn 4/8 valid=True db -22.81->-22.07
[23:51:04] trajectory done: step 40 task 2/4 gen 2/4 turns=4 reason=patience reward=5.649  [630/960 trajectories overall]
[23:51:11]   rollout step 40 task 2/4 gen 3/4 turn 1/8 valid=True db -18.60->-15.10
[23:51:16]   rollout step 40 task 2/4 gen 3/4 turn 2/8 valid=True db -15.10->-10.15
[23:51:25]   rollout step 40 task 2/4 gen 3/4 turn 3/8 valid=True db -10.15->-9.81
[23:51:25] trajectory done: step 40 task 2/4 gen 3/4 turns=3 reason=patience reward=-2.636  [631/960 trajectories overall]
[23:51:32]   rollout step 40 task 2/4 gen 4/4 turn 1/8 valid=True db -18.60->-18.72
[23:51:39]   rollout step 40 task 2/4 gen 4/4 turn 2/8 valid=True db -18.72->-18.09
[23:51:47]   rollout step 40 task 2/4 gen 4/4 turn 3/8 valid=True db -18.09->-15.63
[23:51:47] trajectory done: step 40 task 2/4 gen 4/4 turns=3 reason=patience reward=-0.803  [632/960 trajectories overall]
[23:51:53]   rollout step 40 task 3/4 gen 1/4 turn 1/8 valid=True db -26.45->-27.91
[23:52:01]   rollout step 40 task 3/4 gen 1/4 turn 2/8 valid=True db -27.91->-21.06
[23:52:06]   rollout step 40 task 3/4 gen 1/4 turn 3/8 valid=True db -21.06->-29.31
[23:52:12]   rollout step 40 task 3/4 gen 1/4 turn 4/8 valid=True db -29.31->-22.46
[23:52:17]   rollout step 40 task 3/4 gen 1/4 turn 5/8 valid=True db -22.46->-31.69
[23:52:17] trajectory done: step 40 task 3/4 gen 1/4 turns=5 reason=goal_met reward=5.237  [633/960 trajectories overall]
[23:52:22]   rollout step 40 task 3/4 gen 2/4 turn 1/8 valid=False db -26.45->-26.45
[23:52:27]   rollout step 40 task 3/4 gen 2/4 turn 2/8 valid=True db -26.45->-20.26
[23:52:33]   rollout step 40 task 3/4 gen 2/4 turn 3/8 valid=True db -20.26->-27.76
[23:52:39]   rollout step 40 task 3/4 gen 2/4 turn 4/8 valid=True db -27.76->-21.65
[23:52:44]   rollout step 40 task 3/4 gen 2/4 turn 5/8 valid=True db -21.65->-29.15
[23:52:54]   rollout step 40 task 3/4 gen 2/4 turn 6/8 valid=True db -29.15->-20.39
[23:53:01]   rollout step 40 task 3/4 gen 2/4 turn 7/8 valid=True db -20.39->-27.93
[23:53:10]   rollout step 40 task 3/4 gen 2/4 turn 8/8 valid=True db -27.93->-27.32
[23:53:10] trajectory done: step 40 task 3/4 gen 2/4 turns=8 reason=patience reward=2.151  [634/960 trajectories overall]
[23:53:19]   rollout step 40 task 3/4 gen 3/4 turn 1/8 valid=True db -26.45->-19.46
[23:53:25]   rollout step 40 task 3/4 gen 3/4 turn 2/8 valid=True db -19.46->-30.50
[23:53:25] trajectory done: step 40 task 3/4 gen 3/4 turns=2 reason=goal_met reward=4.054  [635/960 trajectories overall]
[23:53:32]   rollout step 40 task 3/4 gen 4/4 turn 1/8 valid=False db -26.45->-26.45
[23:53:43]   rollout step 40 task 3/4 gen 4/4 turn 2/8 valid=True db -26.45->-15.65
[23:53:49]   rollout step 40 task 3/4 gen 4/4 turn 3/8 valid=True db -15.65->-22.56
[23:53:49] trajectory done: step 40 task 3/4 gen 4/4 turns=3 reason=patience reward=-1.168  [636/960 trajectories overall]
[23:53:55]   rollout step 40 task 4/4 gen 1/4 turn 1/8 valid=True db -21.64->-4.66
[23:54:00]   rollout step 40 task 4/4 gen 1/4 turn 2/8 valid=True db -4.66->-19.33
[23:54:07]   rollout step 40 task 4/4 gen 1/4 turn 3/8 valid=True db -19.33->-5.27
[23:54:07] trajectory done: step 40 task 4/4 gen 1/4 turns=3 reason=patience reward=-4.910  [637/960 trajectories overall]
[23:54:15]   rollout step 40 task 4/4 gen 2/4 turn 1/8 valid=True db -21.64->-4.66
[23:54:22]   rollout step 40 task 4/4 gen 2/4 turn 2/8 valid=True db -4.66->-19.33
[23:54:29]   rollout step 40 task 4/4 gen 2/4 turn 3/8 valid=True db -19.33->-26.35
[23:54:37]   rollout step 40 task 4/4 gen 2/4 turn 4/8 valid=True db -26.35->-16.62
[23:54:45]   rollout step 40 task 4/4 gen 2/4 turn 5/8 valid=True db -16.62->-30.36
[23:54:45] trajectory done: step 40 task 4/4 gen 2/4 turns=5 reason=goal_met reward=8.718  [638/960 trajectories overall]
[23:54:55]   rollout step 40 task 4/4 gen 3/4 turn 1/8 valid=True db -21.64->-3.21
[23:55:06]   rollout step 40 task 4/4 gen 3/4 turn 2/8 valid=True db -3.21->-3.02
[23:55:15]   rollout step 40 task 4/4 gen 3/4 turn 3/8 valid=True db -3.02->-3.19
[23:55:15] trajectory done: step 40 task 4/4 gen 3/4 turns=3 reason=patience reward=-5.537  [639/960 trajectories overall]
[23:55:22]   rollout step 40 task 4/4 gen 4/4 turn 1/8 valid=True db -21.64->-21.53
[23:55:28]   rollout step 40 task 4/4 gen 4/4 turn 2/8 valid=True db -21.53->-19.91
[23:55:36]   rollout step 40 task 4/4 gen 4/4 turn 3/8 valid=True db -19.91->-16.96
[23:55:36] trajectory done: step 40 task 4/4 gen 4/4 turns=3 reason=patience reward=-1.406  [640/960 trajectories overall]
[23:55:43]   gradient pass 20/62 turns backpropagated
[23:55:50]   gradient pass 40/62 turns backpropagated
[23:55:56]   gradient pass 60/62 turns backpropagated
[23:55:57]   gradient pass 62/62 turns backpropagated
[23:55:57] step 40/60 loss=2.13757 reward_mean=0.122 reward_std=3.827 turns_mean=3.9 goal_met=3/16 stop=1 patience=12
[23:55:58] saved checkpoint to /home/yue1guo2/workspace/qucs-llm-optimizer/outputs/2026-09-09-1810-multiturn-nightly-4x4x60/checkpoint-40
[23:56:09]   rollout step 41 task 1/4 gen 1/4 turn 1/8 valid=True db -20.99->-19.02
[23:56:14]   rollout step 41 task 1/4 gen 1/4 turn 2/8 valid=True db -19.02->-21.83
[23:56:23]   rollout step 41 task 1/4 gen 1/4 turn 3/8 valid=True db -21.83->-16.73
[23:56:30]   rollout step 41 task 1/4 gen 1/4 turn 4/8 valid=True db -16.73->-14.46
[23:56:35]   rollout step 41 task 1/4 gen 1/4 turn 5/8 valid=True db -14.46->-14.00
[23:56:35] trajectory done: step 41 task 1/4 gen 1/4 turns=5 reason=patience reward=-1.510  [641/960 trajectories overall]
[23:56:42]   rollout step 41 task 1/4 gen 2/4 turn 1/8 valid=True db -20.99->-20.96
[23:56:50]   rollout step 41 task 1/4 gen 2/4 turn 2/8 valid=True db -20.96->-20.37
[23:56:58]   rollout step 41 task 1/4 gen 2/4 turn 3/8 valid=True db -20.37->-14.79
[23:56:58] trajectory done: step 41 task 1/4 gen 2/4 turns=3 reason=patience reward=-1.860  [642/960 trajectories overall]
[23:57:05]   rollout step 41 task 1/4 gen 3/4 turn 1/8 valid=True db -20.99->-18.39
[23:57:11]   rollout step 41 task 1/4 gen 3/4 turn 2/8 valid=True db -18.39->-39.04
[23:57:11] trajectory done: step 41 task 1/4 gen 3/4 turns=2 reason=goal_met reward=18.056  [643/960 trajectories overall]
[23:57:21]   rollout step 41 task 1/4 gen 4/4 turn 1/8 valid=True db -20.99->-20.96
[23:57:27]   rollout step 41 task 1/4 gen 4/4 turn 2/8 valid=True db -20.96->-20.87
[23:57:33]   rollout step 41 task 1/4 gen 4/4 turn 3/8 valid=True db -20.87->-20.40
[23:57:33] trajectory done: step 41 task 1/4 gen 4/4 turns=3 reason=patience reward=-0.175  [644/960 trajectories overall]
[23:57:39]   rollout step 41 task 2/4 gen 1/4 turn 1/8 valid=True db -9.77->-9.96
[23:57:44]   rollout step 41 task 2/4 gen 1/4 turn 2/8 valid=False db -9.96->-9.96
[23:57:49]   rollout step 41 task 2/4 gen 1/4 turn 3/8 valid=True db -9.96->-7.47
[23:57:49] trajectory done: step 41 task 2/4 gen 1/4 turns=3 reason=patience reward=-0.556  [645/960 trajectories overall]
[23:57:57]   rollout step 41 task 2/4 gen 2/4 turn 1/8 valid=True db -9.77->-9.96
[23:58:02]   rollout step 41 task 2/4 gen 2/4 turn 2/8 valid=True db -9.96->-7.47
[23:58:08]   rollout step 41 task 2/4 gen 2/4 turn 3/8 valid=True db -7.47->-12.28
[23:58:14]   rollout step 41 task 2/4 gen 2/4 turn 4/8 valid=True db -12.28->-12.70
[23:58:20]   rollout step 41 task 2/4 gen 2/4 turn 5/8 valid=False db -12.70->-12.70
[23:58:31]   rollout step 41 task 2/4 gen 2/4 turn 6/8 valid=True db -12.70->-16.22
[23:58:44]   rollout step 41 task 2/4 gen 2/4 turn 7/8 valid=True db -16.22->-13.66
[23:58:51]   rollout step 41 task 2/4 gen 2/4 turn 8/8 valid=True db -13.66->-12.44
[23:58:51] trajectory done: step 41 task 2/4 gen 2/4 turns=8 reason=max_turns reward=5.318  [646/960 trajectories overall]
[23:58:58]   rollout step 41 task 2/4 gen 3/4 turn 1/8 valid=True db -9.77->-9.96
[23:59:04]   rollout step 41 task 2/4 gen 3/4 turn 2/8 valid=True db -9.96->-10.16
[23:59:09]   rollout step 41 task 2/4 gen 3/4 turn 3/8 valid=True db -10.16->-15.80
[23:59:16]   rollout step 41 task 2/4 gen 3/4 turn 4/8 valid=True db -15.80->-17.86
[23:59:25]   rollout step 41 task 2/4 gen 3/4 turn 5/8 valid=True db -17.86->-17.93
[23:59:36]   rollout step 41 task 2/4 gen 3/4 turn 6/8 valid=True db -17.93->-4.50
[23:59:41]   rollout step 41 task 2/4 gen 3/4 turn 7/8 valid=True db -4.50->-4.50
[23:59:41] trajectory done: step 41 task 2/4 gen 3/4 turns=7 reason=stop reward=4.127  [647/960 trajectories overall]
[23:59:56]   rollout step 41 task 2/4 gen 4/4 turn 1/8 valid=True db -9.77->-9.96
[00:00:02]   rollout step 41 task 2/4 gen 4/4 turn 2/8 valid=True db -9.96->-7.47
[00:00:07]   rollout step 41 task 2/4 gen 4/4 turn 3/8 valid=True db -7.47->-12.28
[00:00:16]   rollout step 41 task 2/4 gen 4/4 turn 4/8 valid=True db -12.28->-9.56
[00:00:22]   rollout step 41 task 2/4 gen 4/4 turn 5/8 valid=True db -9.56->-12.01
[00:00:35]   rollout step 41 task 2/4 gen 4/4 turn 6/8 valid=True db -12.01->-15.34
[00:00:45]   rollout step 41 task 2/4 gen 4/4 turn 7/8 valid=True db -15.34->-18.71
[00:00:51]   rollout step 41 task 2/4 gen 4/4 turn 8/8 valid=True db -18.71->-22.54
[00:00:51] trajectory done: step 41 task 2/4 gen 4/4 turns=8 reason=max_turns reward=12.769  [648/960 trajectories overall]
[00:00:58]   rollout step 41 task 3/4 gen 1/4 turn 1/8 valid=True db -17.66->-17.61
[00:01:06]   rollout step 41 task 3/4 gen 1/4 turn 2/8 valid=True db -17.61->-15.35
[00:01:14]   rollout step 41 task 3/4 gen 1/4 turn 3/8 valid=True db -15.35->-14.69
[00:01:14] trajectory done: step 41 task 3/4 gen 1/4 turns=3 reason=patience reward=-0.891  [649/960 trajectories overall]
[00:01:23]   rollout step 41 task 3/4 gen 2/4 turn 1/8 valid=True db -17.66->-17.61
[00:01:30]   rollout step 41 task 3/4 gen 2/4 turn 2/8 valid=True db -17.61->-17.58
[00:01:42]   rollout step 41 task 3/4 gen 2/4 turn 3/8 valid=True db -17.58->-17.82
[00:01:42] trajectory done: step 41 task 3/4 gen 2/4 turns=3 reason=patience reward=0.161  [650/960 trajectories overall]
[00:01:54]   rollout step 41 task 3/4 gen 3/4 turn 1/8 valid=True db -17.66->-15.09
[00:02:00]   rollout step 41 task 3/4 gen 3/4 turn 2/8 valid=True db -15.09->-16.52
[00:02:06]   rollout step 41 task 3/4 gen 3/4 turn 3/8 valid=True db -16.52->-16.90
[00:02:06] trajectory done: step 41 task 3/4 gen 3/4 turns=3 reason=patience reward=-0.229  [651/960 trajectories overall]
[00:02:17]   rollout step 41 task 3/4 gen 4/4 turn 1/8 valid=True db -17.66->-29.52
[00:02:23]   rollout step 41 task 3/4 gen 4/4 turn 2/8 valid=True db -29.52->-15.83
[00:02:28]   rollout step 41 task 3/4 gen 4/4 turn 3/8 valid=True db -15.83->-32.23
[00:02:28] trajectory done: step 41 task 3/4 gen 4/4 turns=3 reason=goal_met reward=14.574  [652/960 trajectories overall]
[00:02:34]   rollout step 41 task 4/4 gen 1/4 turn 1/8 valid=True db -7.58->-4.58
[00:02:39]   rollout step 41 task 4/4 gen 1/4 turn 2/8 valid=True db -4.58->-4.89
[00:02:44]   rollout step 41 task 4/4 gen 1/4 turn 3/8 valid=True db -4.89->-7.00
[00:02:44] trajectory done: step 41 task 4/4 gen 1/4 turns=3 reason=patience reward=-0.172  [653/960 trajectories overall]
[00:02:57]   rollout step 41 task 4/4 gen 2/4 turn 1/8 valid=True db -7.58->-7.79
[00:03:03]   rollout step 41 task 4/4 gen 2/4 turn 2/8 valid=True db -7.79->-14.26
[00:03:08]   rollout step 41 task 4/4 gen 2/4 turn 3/8 valid=True db -14.26->-10.59
[00:03:13]   rollout step 41 task 4/4 gen 2/4 turn 4/8 valid=True db -10.59->-15.28
[00:03:22]   rollout step 41 task 4/4 gen 2/4 turn 5/8 valid=True db -15.28->-12.07
[00:03:26]   rollout step 41 task 4/4 gen 2/4 turn 6/8 valid=True db -12.07->-16.33
[00:03:34]   rollout step 41 task 4/4 gen 2/4 turn 7/8 valid=True db -16.33->-13.53
[00:03:39]   rollout step 41 task 4/4 gen 2/4 turn 8/8 valid=True db -13.53->-26.50
[00:03:39] trajectory done: step 41 task 4/4 gen 2/4 turns=8 reason=max_turns reward=18.926  [654/960 trajectories overall]
[00:03:46]   rollout step 41 task 4/4 gen 3/4 turn 1/8 valid=True db -7.58->-14.98
[00:03:52]   rollout step 41 task 4/4 gen 3/4 turn 2/8 valid=True db -14.98->-7.77
[00:03:59]   rollout step 41 task 4/4 gen 3/4 turn 3/8 valid=True db -7.77->-17.05
[00:04:05]   rollout step 41 task 4/4 gen 3/4 turn 4/8 valid=True db -17.05->-9.00
[00:04:10]   rollout step 41 task 4/4 gen 3/4 turn 5/8 valid=True db -9.00->-18.55
[00:04:18]   rollout step 41 task 4/4 gen 3/4 turn 6/8 valid=True db -18.55->-9.48
[00:04:23]   rollout step 41 task 4/4 gen 3/4 turn 7/8 valid=True db -9.48->-16.68
[00:04:33]   rollout step 41 task 4/4 gen 3/4 turn 8/8 valid=True db -16.68->-16.20
[00:04:33] trajectory done: step 41 task 4/4 gen 3/4 turns=8 reason=patience reward=10.264  [655/960 trajectories overall]
[00:04:43]   rollout step 41 task 4/4 gen 4/4 turn 1/8 valid=True db -7.58->-11.37
[00:04:50]   rollout step 41 task 4/4 gen 4/4 turn 2/8 valid=True db -11.37->-19.35
[00:05:01]   rollout step 41 task 4/4 gen 4/4 turn 3/8 valid=True db -19.35->-14.00
[00:05:10]   rollout step 41 task 4/4 gen 4/4 turn 4/8 valid=True db -14.00->-20.82
[00:05:18]   rollout step 41 task 4/4 gen 4/4 turn 5/8 valid=True db -20.82->-21.03
[00:05:24]   rollout step 41 task 4/4 gen 4/4 turn 6/8 valid=True db -21.03->-17.10
[00:05:30]   rollout step 41 task 4/4 gen 4/4 turn 7/8 valid=True db -17.10->-15.97
[00:05:35]   rollout step 41 task 4/4 gen 4/4 turn 8/8 valid=True db -15.97->-16.74
[00:05:35] trajectory done: step 41 task 4/4 gen 4/4 turns=8 reason=patience reward=12.165  [656/960 trajectories overall]
[00:05:42]   gradient pass 20/78 turns backpropagated
[00:05:49]   gradient pass 40/78 turns backpropagated
[00:05:55]   gradient pass 60/78 turns backpropagated
[00:06:02]   gradient pass 78/78 turns backpropagated
[00:06:02] step 41/60 loss=2.95381 reward_mean=5.686 reward_std=7.281 turns_mean=4.9 goal_met=2/16 stop=1 patience=10
[00:06:12]   rollout step 42 task 1/4 gen 1/4 turn 1/8 valid=True db -13.42->-45.32
[00:06:12] trajectory done: step 42 task 1/4 gen 1/4 turns=1 reason=goal_met reward=31.896  [657/960 trajectories overall]
[00:06:20]   rollout step 42 task 1/4 gen 2/4 turn 1/8 valid=True db -13.42->-45.32
[00:06:20] trajectory done: step 42 task 1/4 gen 2/4 turns=1 reason=goal_met reward=31.896  [658/960 trajectories overall]
[00:06:31]   rollout step 42 task 1/4 gen 3/4 turn 1/8 valid=True db -13.42->-14.92
[00:06:39]   rollout step 42 task 1/4 gen 3/4 turn 2/8 valid=True db -14.92->-38.49
[00:06:39] trajectory done: step 42 task 1/4 gen 3/4 turns=2 reason=goal_met reward=25.074  [659/960 trajectories overall]
[00:06:49]   rollout step 42 task 1/4 gen 4/4 turn 1/8 valid=True db -13.42->-13.09
[00:06:54]   rollout step 42 task 1/4 gen 4/4 turn 2/8 valid=True db -13.09->-14.45
[00:07:05]   rollout step 42 task 1/4 gen 4/4 turn 3/8 valid=True db -14.45->-18.27
[00:07:13]   rollout step 42 task 1/4 gen 4/4 turn 4/8 valid=False db -18.27->-18.27
[00:07:21]   rollout step 42 task 1/4 gen 4/4 turn 5/8 valid=True db -18.27->-14.61
[00:07:26]   rollout step 42 task 1/4 gen 4/4 turn 6/8 valid=True db -14.61->-15.11
[00:07:26] trajectory done: step 42 task 1/4 gen 4/4 turns=6 reason=patience reward=3.900  [660/960 trajectories overall]
[00:07:32]   rollout step 42 task 2/4 gen 1/4 turn 1/8 valid=True db -18.06->-19.73
[00:07:39]   rollout step 42 task 2/4 gen 1/4 turn 2/8 valid=True db -19.73->-38.87
[00:07:39] trajectory done: step 42 task 2/4 gen 1/4 turns=2 reason=goal_met reward=20.803  [661/960 trajectories overall]
[00:07:46]   rollout step 42 task 2/4 gen 2/4 turn 1/8 valid=True db -18.06->-18.62
[00:07:53]   rollout step 42 task 2/4 gen 2/4 turn 2/8 valid=True db -18.62->-15.88
[00:08:03]   rollout step 42 task 2/4 gen 2/4 turn 3/8 valid=True db -15.88->-15.07
[00:08:09]   rollout step 42 task 2/4 gen 2/4 turn 4/8 valid=True db -15.07->-13.06
[00:08:09] trajectory done: step 42 task 2/4 gen 2/4 turns=4 reason=patience reward=-1.115  [662/960 trajectories overall]
[00:08:16]   rollout step 42 task 2/4 gen 3/4 turn 1/8 valid=True db -18.06->-17.94
[00:08:21]   rollout step 42 task 2/4 gen 3/4 turn 2/8 valid=True db -17.94->-16.47
[00:08:27]   rollout step 42 task 2/4 gen 3/4 turn 3/8 valid=True db -16.47->-17.13
[00:08:27] trajectory done: step 42 task 2/4 gen 3/4 turns=3 reason=patience reward=-0.279  [663/960 trajectories overall]
[00:08:35]   rollout step 42 task 2/4 gen 4/4 turn 1/8 valid=True db -18.06->-18.62
[00:08:43]   rollout step 42 task 2/4 gen 4/4 turn 2/8 valid=True db -18.62->-15.88
[00:08:48]   rollout step 42 task 2/4 gen 4/4 turn 3/8 valid=True db -15.88->-16.41
[00:08:54]   rollout step 42 task 2/4 gen 4/4 turn 4/8 valid=True db -16.41->-13.98
[00:08:54] trajectory done: step 42 task 2/4 gen 4/4 turns=4 reason=patience reward=-0.838  [664/960 trajectories overall]
[00:09:05]   rollout step 42 task 3/4 gen 1/4 turn 1/8 valid=True db -8.75->-8.91
[00:09:16]   rollout step 42 task 3/4 gen 1/4 turn 2/8 valid=True db -8.91->-7.93
[00:09:23]   rollout step 42 task 3/4 gen 1/4 turn 3/8 valid=True db -7.93->-8.15
[00:09:23] trajectory done: step 42 task 3/4 gen 1/4 turns=3 reason=patience reward=-0.062  [665/960 trajectories overall]
[00:09:29]   rollout step 42 task 3/4 gen 2/4 turn 1/8 valid=True db -8.75->-8.99
[00:09:34]   rollout step 42 task 3/4 gen 2/4 turn 2/8 valid=True db -8.99->-9.17
[00:09:41]   rollout step 42 task 3/4 gen 2/4 turn 3/8 valid=True db -9.17->-8.00
[00:09:48]   rollout step 42 task 3/4 gen 2/4 turn 4/8 valid=True db -8.00->-9.10
[00:09:48] trajectory done: step 42 task 3/4 gen 2/4 turns=4 reason=patience reward=0.406  [666/960 trajectories overall]
[00:09:56]   rollout step 42 task 3/4 gen 3/4 turn 1/8 valid=True db -8.75->-8.91
[00:10:01]   rollout step 42 task 3/4 gen 3/4 turn 2/8 valid=True db -8.91->-9.04
[00:10:07]   rollout step 42 task 3/4 gen 3/4 turn 3/8 valid=True db -9.04->-9.14
[00:10:13]   rollout step 42 task 3/4 gen 3/4 turn 4/8 valid=True db -9.14->-13.86
[00:10:20]   rollout step 42 task 3/4 gen 3/4 turn 5/8 valid=True db -13.86->-13.65
[00:10:27]   rollout step 42 task 3/4 gen 3/4 turn 6/8 valid=True db -13.65->-13.65
[00:10:27] trajectory done: step 42 task 3/4 gen 3/4 turns=6 reason=stop reward=5.050  [667/960 trajectories overall]
[00:10:34]   rollout step 42 task 3/4 gen 4/4 turn 1/8 valid=False db -8.75->-8.75
[00:10:41]   rollout step 42 task 3/4 gen 4/4 turn 2/8 valid=False db -8.75->-8.75
[00:10:50]   rollout step 42 task 3/4 gen 4/4 turn 3/8 valid=False db -8.75->-8.75
[00:10:50] trajectory done: step 42 task 3/4 gen 4/4 turns=3 reason=patience reward=0.000  [668/960 trajectories overall]
[00:10:59]   rollout step 42 task 4/4 gen 1/4 turn 1/8 valid=True db -4.76->-3.09
[00:11:08]   rollout step 42 task 4/4 gen 1/4 turn 2/8 valid=True db -3.09->-3.08
[00:11:13]   rollout step 42 task 4/4 gen 1/4 turn 3/8 valid=True db -3.08->-2.84
[00:11:13] trajectory done: step 42 task 4/4 gen 1/4 turns=3 reason=patience reward=-0.575  [669/960 trajectories overall]
[00:11:22]   rollout step 42 task 4/4 gen 2/4 turn 1/8 valid=True db -4.76->-4.47
[00:11:30]   rollout step 42 task 4/4 gen 2/4 turn 2/8 valid=True db -4.47->-4.53
[00:11:39]   rollout step 42 task 4/4 gen 2/4 turn 3/8 valid=True db -4.53->-5.47
[00:11:47]   rollout step 42 task 4/4 gen 2/4 turn 4/8 valid=True db -5.47->-6.09
[00:11:55]   rollout step 42 task 4/4 gen 2/4 turn 5/8 valid=True db -6.09->-6.32
[00:12:02]   rollout step 42 task 4/4 gen 2/4 turn 6/8 valid=True db -6.32->-7.31
[00:12:09]   rollout step 42 task 4/4 gen 2/4 turn 7/8 valid=True db -7.31->-8.83
[00:12:16]   rollout step 42 task 4/4 gen 2/4 turn 8/8 valid=True db -8.83->-8.84
[00:12:16] trajectory done: step 42 task 4/4 gen 2/4 turns=8 reason=max_turns reward=4.080  [670/960 trajectories overall]
[00:12:25]   rollout step 42 task 4/4 gen 3/4 turn 1/8 valid=True db -4.76->-4.99
[00:12:32]   rollout step 42 task 4/4 gen 3/4 turn 2/8 valid=True db -4.99->-5.19
[00:12:41]   rollout step 42 task 4/4 gen 3/4 turn 3/8 valid=True db -5.19->-5.37
[00:12:48]   rollout step 42 task 4/4 gen 3/4 turn 4/8 valid=True db -5.37->-4.48
[00:12:57]   rollout step 42 task 4/4 gen 3/4 turn 5/8 valid=True db -4.48->-3.66
[00:12:57] trajectory done: step 42 task 4/4 gen 3/4 turns=5 reason=patience reward=0.098  [671/960 trajectories overall]
[00:13:10]   rollout step 42 task 4/4 gen 4/4 turn 1/8 valid=True db -4.76->-4.81
[00:13:18]   rollout step 42 task 4/4 gen 4/4 turn 2/8 valid=True db -4.81->-4.85
[00:13:27]   rollout step 42 task 4/4 gen 4/4 turn 3/8 valid=True db -4.85->-4.89
[00:13:27] trajectory done: step 42 task 4/4 gen 4/4 turns=3 reason=patience reward=0.131  [672/960 trajectories overall]
[00:13:34]   gradient pass 20/58 turns backpropagated
[00:13:41]   gradient pass 40/58 turns backpropagated
[00:13:47]   gradient pass 58/58 turns backpropagated
[00:13:47] step 42/60 loss=-1.31976 reward_mean=7.529 reward_std=11.856 turns_mean=3.6 goal_met=4/16 stop=1 patience=10
[00:13:52]   rollout step 43 task 1/4 gen 1/4 turn 1/8 valid=True db -10.21->-13.00
[00:14:01]   rollout step 43 task 1/4 gen 1/4 turn 2/8 valid=True db -13.00->-36.73
[00:14:01] trajectory done: step 43 task 1/4 gen 1/4 turns=2 reason=goal_met reward=26.521  [673/960 trajectories overall]
[00:14:07]   rollout step 43 task 1/4 gen 2/4 turn 1/8 valid=True db -10.21->-35.42
[00:14:07] trajectory done: step 43 task 1/4 gen 2/4 turns=1 reason=goal_met reward=25.207  [674/960 trajectories overall]
[00:14:13]   rollout step 43 task 1/4 gen 3/4 turn 1/8 valid=True db -10.21->-10.80
[00:14:22]   rollout step 43 task 1/4 gen 3/4 turn 2/8 valid=True db -10.80->-33.80
[00:14:22] trajectory done: step 43 task 1/4 gen 3/4 turns=2 reason=goal_met reward=23.589  [675/960 trajectories overall]
[00:14:32]   rollout step 43 task 1/4 gen 4/4 turn 1/8 valid=True db -10.21->-13.00
[00:14:41]   rollout step 43 task 1/4 gen 4/4 turn 2/8 valid=True db -13.00->-14.74
[00:14:49]   rollout step 43 task 1/4 gen 4/4 turn 3/8 valid=True db -14.74->-19.98
[00:14:55]   rollout step 43 task 1/4 gen 4/4 turn 4/8 valid=True db -19.98->-13.33
[00:15:00]   rollout step 43 task 1/4 gen 4/4 turn 5/8 valid=True db -13.33->-19.29
[00:15:06]   rollout step 43 task 1/4 gen 4/4 turn 6/8 valid=True db -19.29->-15.15
[00:15:06] trajectory done: step 43 task 1/4 gen 4/4 turns=6 reason=patience reward=8.327  [676/960 trajectories overall]
[00:15:15]   rollout step 43 task 2/4 gen 1/4 turn 1/8 valid=True db -13.85->-11.46
[00:15:23]   rollout step 43 task 2/4 gen 1/4 turn 2/8 valid=True db -11.46->-8.35
[00:15:29]   rollout step 43 task 2/4 gen 1/4 turn 3/8 valid=True db -8.35->-11.73
[00:15:29] trajectory done: step 43 task 2/4 gen 1/4 turns=3 reason=patience reward=-0.639  [677/960 trajectories overall]
[00:15:40]   rollout step 43 task 2/4 gen 2/4 turn 1/8 valid=True db -13.85->-14.83
[00:15:48]   rollout step 43 task 2/4 gen 2/4 turn 2/8 valid=True db -14.83->-19.06
[00:15:58]   rollout step 43 task 2/4 gen 2/4 turn 3/8 valid=True db -19.06->-19.54
[00:16:04]   rollout step 43 task 2/4 gen 2/4 turn 4/8 valid=True db -19.54->-44.60
[00:16:04] trajectory done: step 43 task 2/4 gen 2/4 turns=4 reason=goal_met reward=30.745  [678/960 trajectories overall]
[00:16:12]   rollout step 43 task 2/4 gen 3/4 turn 1/8 valid=True db -13.85->-14.83
[00:16:20]   rollout step 43 task 2/4 gen 3/4 turn 2/8 valid=True db -14.83->-15.32
[00:16:29]   rollout step 43 task 2/4 gen 3/4 turn 3/8 valid=True db -15.32->-11.83
[00:16:35]   rollout step 43 task 2/4 gen 3/4 turn 4/8 valid=True db -11.83->-15.11
[00:16:42]   rollout step 43 task 2/4 gen 3/4 turn 5/8 valid=True db -15.11->-13.65
[00:16:42] trajectory done: step 43 task 2/4 gen 3/4 turns=5 reason=patience reward=0.962  [679/960 trajectories overall]
[00:16:48]   rollout step 43 task 2/4 gen 4/4 turn 1/8 valid=True db -13.85->-18.50
[00:16:55]   rollout step 43 task 2/4 gen 4/4 turn 2/8 valid=True db -18.50->-19.02
[00:17:02]   rollout step 43 task 2/4 gen 4/4 turn 3/8 valid=True db -19.02->-18.53
[00:17:11]   rollout step 43 task 2/4 gen 4/4 turn 4/8 valid=True db -18.53->-18.99
[00:17:22]   rollout step 43 task 2/4 gen 4/4 turn 5/8 valid=True db -18.99->-19.40
[00:17:30]   rollout step 43 task 2/4 gen 4/4 turn 6/8 valid=True db -19.40->-17.43
[00:17:37]   rollout step 43 task 2/4 gen 4/4 turn 7/8 valid=True db -17.43->-15.73
[00:17:42]   rollout step 43 task 2/4 gen 4/4 turn 8/8 valid=True db -15.73->-17.30
[00:17:42] trajectory done: step 43 task 2/4 gen 4/4 turns=8 reason=patience reward=4.917  [680/960 trajectories overall]
[00:17:52]   rollout step 43 task 3/4 gen 1/4 turn 1/8 valid=True db -9.85->-11.21
[00:18:00]   rollout step 43 task 3/4 gen 1/4 turn 2/8 valid=True db -11.21->-11.34
[00:18:13]   rollout step 43 task 3/4 gen 1/4 turn 3/8 valid=True db -11.34->-8.36
[00:18:18]   rollout step 43 task 3/4 gen 1/4 turn 4/8 valid=True db -8.36->-5.94
[00:18:18] trajectory done: step 43 task 3/4 gen 1/4 turns=4 reason=patience reward=-0.132  [681/960 trajectories overall]
[00:18:24]   rollout step 43 task 3/4 gen 2/4 turn 1/8 valid=True db -9.85->-15.58
[00:18:31]   rollout step 43 task 3/4 gen 2/4 turn 2/8 valid=True db -15.58->-15.51
[00:18:36]   rollout step 43 task 3/4 gen 2/4 turn 3/8 valid=True db -15.51->-16.39
[00:18:44]   rollout step 43 task 3/4 gen 2/4 turn 4/8 valid=True db -16.39->-17.38
[00:18:51]   rollout step 43 task 3/4 gen 2/4 turn 5/8 valid=True db -17.38->-3.95
[00:18:58]   rollout step 43 task 3/4 gen 2/4 turn 6/8 valid=True db -3.95->-16.05
[00:19:05]   rollout step 43 task 3/4 gen 2/4 turn 7/8 valid=True db -16.05->-4.48
[00:19:05] trajectory done: step 43 task 3/4 gen 2/4 turns=7 reason=patience reward=3.660  [682/960 trajectories overall]
[00:19:15]   rollout step 43 task 3/4 gen 3/4 turn 1/8 valid=True db -9.85->-10.04
[00:19:21]   rollout step 43 task 3/4 gen 3/4 turn 2/8 valid=True db -10.04->-15.03
[00:19:29]   rollout step 43 task 3/4 gen 3/4 turn 3/8 valid=True db -15.03->-20.59
[00:19:39]   rollout step 43 task 3/4 gen 3/4 turn 4/8 valid=True db -20.59->-4.13
[00:19:45]   rollout step 43 task 3/4 gen 3/4 turn 5/8 valid=True db -4.13->-18.40
[00:19:53]   rollout step 43 task 3/4 gen 3/4 turn 6/8 valid=True db -18.40->-4.71
[00:19:53] trajectory done: step 43 task 3/4 gen 3/4 turns=6 reason=patience reward=5.975  [683/960 trajectories overall]
[00:19:58]   rollout step 43 task 3/4 gen 4/4 turn 1/8 valid=False db -9.85->-9.85
[00:20:04]   rollout step 43 task 3/4 gen 4/4 turn 2/8 valid=True db -9.85->-10.13
[00:20:10]   rollout step 43 task 3/4 gen 4/4 turn 3/8 valid=True db -10.13->-6.63
[00:20:16]   rollout step 43 task 3/4 gen 4/4 turn 4/8 valid=True db -6.63->-10.08
[00:20:22]   rollout step 43 task 3/4 gen 4/4 turn 5/8 valid=True db -10.08->-6.93
[00:20:22] trajectory done: step 43 task 3/4 gen 4/4 turns=5 reason=patience reward=-0.678  [684/960 trajectories overall]
[00:20:31]   rollout step 43 task 4/4 gen 1/4 turn 1/8 valid=True db -26.59->-26.24
[00:20:38]   rollout step 43 task 4/4 gen 1/4 turn 2/8 valid=True db -26.24->-26.56
[00:20:45]   rollout step 43 task 4/4 gen 1/4 turn 3/8 valid=True db -26.56->-26.26
[00:20:45] trajectory done: step 43 task 4/4 gen 1/4 turns=3 reason=patience reward=-0.098  [685/960 trajectories overall]
[00:20:52]   rollout step 43 task 4/4 gen 2/4 turn 1/8 valid=True db -26.59->-31.90
[00:20:52] trajectory done: step 43 task 4/4 gen 2/4 turns=1 reason=goal_met reward=5.315  [686/960 trajectories overall]
[00:20:58]   rollout step 43 task 4/4 gen 3/4 turn 1/8 valid=True db -26.59->-48.12
[00:20:58] trajectory done: step 43 task 4/4 gen 3/4 turns=1 reason=goal_met reward=21.529  [687/960 trajectories overall]
[00:21:08]   rollout step 43 task 4/4 gen 4/4 turn 1/8 valid=True db -26.59->-22.06
[00:21:13]   rollout step 43 task 4/4 gen 4/4 turn 2/8 valid=True db -22.06->-13.13
[00:21:22]   rollout step 43 task 4/4 gen 4/4 turn 3/8 valid=True db -13.13->-13.09
[00:21:22] trajectory done: step 43 task 4/4 gen 4/4 turns=3 reason=patience reward=-4.049  [688/960 trajectories overall]
[00:21:29]   gradient pass 20/61 turns backpropagated
[00:21:36]   gradient pass 40/61 turns backpropagated
[00:21:42]   gradient pass 60/61 turns backpropagated
[00:21:43]   gradient pass 61/61 turns backpropagated
[00:21:43] step 43/60 loss=-1.50502 reward_mean=9.447 reward_std=11.361 turns_mean=3.8 goal_met=6/16 stop=0 patience=10
[00:21:50]   rollout step 44 task 1/4 gen 1/4 turn 1/8 valid=True db -28.33->-28.88
[00:21:57]   rollout step 44 task 1/4 gen 1/4 turn 2/8 valid=True db -28.88->-14.62
[00:22:01]   rollout step 44 task 1/4 gen 1/4 turn 3/8 valid=True db -14.62->-31.61
[00:22:01] trajectory done: step 44 task 1/4 gen 1/4 turns=3 reason=goal_met reward=3.288  [689/960 trajectories overall]
[00:22:08]   rollout step 44 task 1/4 gen 2/4 turn 1/8 valid=True db -28.33->-28.88
[00:22:13]   rollout step 44 task 1/4 gen 2/4 turn 2/8 valid=True db -28.88->-16.34
[00:22:19]   rollout step 44 task 1/4 gen 2/4 turn 3/8 valid=True db -16.34->-27.61
[00:22:29]   rollout step 44 task 1/4 gen 2/4 turn 4/8 valid=True db -27.61->-28.05
[00:22:29] trajectory done: step 44 task 1/4 gen 2/4 turns=4 reason=patience reward=0.301  [690/960 trajectories overall]
[00:22:37]   rollout step 44 task 1/4 gen 3/4 turn 1/8 valid=True db -28.33->-13.52
[00:22:48]   rollout step 44 task 1/4 gen 3/4 turn 2/8 valid=True db -13.52->-17.01
[00:22:54]   rollout step 44 task 1/4 gen 3/4 turn 3/8 valid=True db -17.01->-3.79
[00:22:54] trajectory done: step 44 task 1/4 gen 3/4 turns=3 reason=patience reward=-7.361  [691/960 trajectories overall]
[00:23:02]   rollout step 44 task 1/4 gen 4/4 turn 1/8 valid=True db -28.33->-28.85
[00:23:09]   rollout step 44 task 1/4 gen 4/4 turn 2/8 valid=True db -28.85->-29.38
[00:23:19]   rollout step 44 task 1/4 gen 4/4 turn 3/8 valid=True db -29.38->-29.89
[00:23:28]   rollout step 44 task 1/4 gen 4/4 turn 4/8 valid=True db -29.89->-30.39
[00:23:28] trajectory done: step 44 task 1/4 gen 4/4 turns=4 reason=goal_met reward=2.062  [692/960 trajectories overall]
[00:23:33]   rollout step 44 task 2/4 gen 1/4 turn 1/8 valid=True db -12.55->-13.24
[00:23:37]   rollout step 44 task 2/4 gen 1/4 turn 2/8 valid=False db -13.24->-13.24
[00:23:45]   rollout step 44 task 2/4 gen 1/4 turn 3/8 valid=True db -13.24->-15.28
[00:23:54]   rollout step 44 task 2/4 gen 1/4 turn 4/8 valid=True db -15.28->-15.13
[00:24:02]   rollout step 44 task 2/4 gen 1/4 turn 5/8 valid=True db -15.13->-15.07
[00:24:07]   rollout step 44 task 2/4 gen 1/4 turn 6/8 valid=True db -15.07->-2.01
[00:24:07] trajectory done: step 44 task 2/4 gen 1/4 turns=6 reason=patience reward=-1.254  [693/960 trajectories overall]
[00:24:15]   rollout step 44 task 2/4 gen 2/4 turn 1/8 valid=True db -12.55->-10.91
[00:24:22]   rollout step 44 task 2/4 gen 2/4 turn 2/8 valid=True db -10.91->-1.71
[00:24:28]   rollout step 44 task 2/4 gen 2/4 turn 3/8 valid=True db -1.71->-1.71
[00:24:28] trajectory done: step 44 task 2/4 gen 2/4 turns=3 reason=patience reward=-3.253  [694/960 trajectories overall]
[00:24:34]   rollout step 44 task 2/4 gen 3/4 turn 1/8 valid=True db -12.55->-10.91
[00:24:40]   rollout step 44 task 2/4 gen 3/4 turn 2/8 valid=True db -10.91->-1.54
[00:24:46]   rollout step 44 task 2/4 gen 3/4 turn 3/8 valid=True db -1.54->-1.55
[00:24:46] trajectory done: step 44 task 2/4 gen 3/4 turns=3 reason=patience reward=-3.300  [695/960 trajectories overall]
[00:24:54]   rollout step 44 task 2/4 gen 4/4 turn 1/8 valid=True db -12.55->-10.55
[00:25:01]   rollout step 44 task 2/4 gen 4/4 turn 2/8 valid=True db -10.55->-16.87
[00:25:08]   rollout step 44 task 2/4 gen 4/4 turn 3/8 valid=True db -16.87->-17.03
[00:25:14]   rollout step 44 task 2/4 gen 4/4 turn 4/8 valid=True db -17.03->-17.18
[00:25:24]   rollout step 44 task 2/4 gen 4/4 turn 5/8 valid=True db -17.18->-17.33
[00:25:30]   rollout step 44 task 2/4 gen 4/4 turn 6/8 valid=True db -17.33->-23.09
[00:25:37]   rollout step 44 task 2/4 gen 4/4 turn 7/8 valid=True db -23.09->-23.09
[00:25:45]   rollout step 44 task 2/4 gen 4/4 turn 8/8 valid=True db -23.09->-23.09
[00:25:45] trajectory done: step 44 task 2/4 gen 4/4 turns=8 reason=max_turns reward=10.533  [696/960 trajectories overall]
[00:25:51]   rollout step 44 task 3/4 gen 1/4 turn 1/8 valid=True db -13.89->-13.81
[00:25:58]   rollout step 44 task 3/4 gen 1/4 turn 2/8 valid=True db -13.81->-13.73
[00:26:03]   rollout step 44 task 3/4 gen 1/4 turn 3/8 valid=True db -13.73->-13.66
[00:26:03] trajectory done: step 44 task 3/4 gen 1/4 turns=3 reason=patience reward=-0.069  [697/960 trajectories overall]
[00:26:10]   rollout step 44 task 3/4 gen 2/4 turn 1/8 valid=True db -13.89->-12.99
[00:26:16]   rollout step 44 task 3/4 gen 2/4 turn 2/8 valid=True db -12.99->-13.53
[00:26:21]   rollout step 44 task 3/4 gen 2/4 turn 3/8 valid=True db -13.53->-8.59
[00:26:21] trajectory done: step 44 task 3/4 gen 2/4 turns=3 reason=patience reward=-1.591  [698/960 trajectories overall]
[00:26:33]   rollout step 44 task 3/4 gen 3/4 turn 1/8 valid=True db -13.89->-19.66
[00:26:41]   rollout step 44 task 3/4 gen 3/4 turn 2/8 valid=True db -19.66->-27.99
[00:26:48]   rollout step 44 task 3/4 gen 3/4 turn 3/8 valid=False db -27.99->-27.99
[00:26:56]   rollout step 44 task 3/4 gen 3/4 turn 4/8 valid=True db -27.99->-26.45
[00:27:02]   rollout step 44 task 3/4 gen 3/4 turn 5/8 valid=True db -26.45->-26.60
[00:27:02] trajectory done: step 44 task 3/4 gen 3/4 turns=5 reason=patience reward=13.684  [699/960 trajectories overall]
[00:27:11]   rollout step 44 task 3/4 gen 4/4 turn 1/8 valid=True db -13.89->-19.75
[00:27:18]   rollout step 44 task 3/4 gen 4/4 turn 2/8 valid=True db -19.75->-20.22
[00:27:24]   rollout step 44 task 3/4 gen 4/4 turn 3/8 valid=True db -20.22->-6.88
[00:27:29]   rollout step 44 task 3/4 gen 4/4 turn 4/8 valid=True db -6.88->-6.07
[00:27:34]   rollout step 44 task 3/4 gen 4/4 turn 5/8 valid=True db -6.07->-6.82
[00:27:34] trajectory done: step 44 task 3/4 gen 4/4 turns=5 reason=patience reward=2.311  [700/960 trajectories overall]
[00:27:40]   rollout step 44 task 4/4 gen 1/4 turn 1/8 valid=True db -8.95->-8.68
[00:27:47]   rollout step 44 task 4/4 gen 1/4 turn 2/8 valid=True db -8.68->-8.44
[00:27:59]   rollout step 44 task 4/4 gen 1/4 turn 3/8 valid=True db -8.44->-8.66
[00:27:59] trajectory done: step 44 task 4/4 gen 1/4 turns=3 reason=patience reward=-0.086  [701/960 trajectories overall]
[00:28:05]   rollout step 44 task 4/4 gen 2/4 turn 1/8 valid=True db -8.95->-8.50
[00:28:11]   rollout step 44 task 4/4 gen 2/4 turn 2/8 valid=True db -8.50->-10.20
[00:28:22]   rollout step 44 task 4/4 gen 2/4 turn 3/8 valid=True db -10.20->-6.97
[00:28:28]   rollout step 44 task 4/4 gen 2/4 turn 4/8 valid=True db -6.97->-5.96
[00:28:33]   rollout step 44 task 4/4 gen 2/4 turn 5/8 valid=True db -5.96->-6.90
[00:28:33] trajectory done: step 44 task 4/4 gen 2/4 turns=5 reason=patience reward=0.260  [702/960 trajectories overall]
[00:28:44]   rollout step 44 task 4/4 gen 3/4 turn 1/8 valid=True db -8.95->-9.23
[00:28:52]   rollout step 44 task 4/4 gen 3/4 turn 2/8 valid=True db -9.23->-9.49
[00:28:58]   rollout step 44 task 4/4 gen 3/4 turn 3/8 valid=True db -9.49->-9.73
[00:29:05]   rollout step 44 task 4/4 gen 3/4 turn 4/8 valid=True db -9.73->-9.95
[00:29:12]   rollout step 44 task 4/4 gen 3/4 turn 5/8 valid=True db -9.95->-9.75
[00:29:17]   rollout step 44 task 4/4 gen 3/4 turn 6/8 valid=True db -9.75->-9.94
[00:29:23]   rollout step 44 task 4/4 gen 3/4 turn 7/8 valid=True db -9.94->-9.04
[00:29:23] trajectory done: step 44 task 4/4 gen 3/4 turns=7 reason=patience reward=0.726  [703/960 trajectories overall]
[00:29:33]   rollout step 44 task 4/4 gen 4/4 turn 1/8 valid=True db -8.95->-36.43
[00:29:33] trajectory done: step 44 task 4/4 gen 4/4 turns=1 reason=goal_met reward=27.475  [704/960 trajectories overall]
[00:29:40]   gradient pass 20/66 turns backpropagated
[00:29:46]   gradient pass 40/66 turns backpropagated
[00:29:53]   gradient pass 60/66 turns backpropagated
[00:29:55]   gradient pass 66/66 turns backpropagated
[00:29:55] step 44/60 loss=0.56713 reward_mean=2.733 reward_std=8.041 turns_mean=4.1 goal_met=3/16 stop=0 patience=12
[00:30:05]   rollout step 45 task 1/4 gen 1/4 turn 1/8 valid=True db -15.10->-14.51
[00:30:10]   rollout step 45 task 1/4 gen 1/4 turn 2/8 valid=True db -14.51->-15.05
[00:30:18]   rollout step 45 task 1/4 gen 1/4 turn 3/8 valid=True db -15.05->-15.55
[00:30:27]   rollout step 45 task 1/4 gen 1/4 turn 4/8 valid=True db -15.55->-13.14
[00:30:33]   rollout step 45 task 1/4 gen 1/4 turn 5/8 valid=True db -13.14->-13.60
[00:30:41]   rollout step 45 task 1/4 gen 1/4 turn 6/8 valid=True db -13.60->-11.50
[00:30:41] trajectory done: step 45 task 1/4 gen 1/4 turns=6 reason=patience reward=-0.763  [705/960 trajectories overall]
[00:30:50]   rollout step 45 task 1/4 gen 2/4 turn 1/8 valid=True db -15.10->-14.93
[00:30:57]   rollout step 45 task 1/4 gen 2/4 turn 2/8 valid=True db -14.93->-12.09
[00:31:04]   rollout step 45 task 1/4 gen 2/4 turn 3/8 valid=True db -12.09->-10.62
[00:31:04] trajectory done: step 45 task 1/4 gen 2/4 turns=3 reason=patience reward=-1.344  [706/960 trajectories overall]
[00:31:11]   rollout step 45 task 1/4 gen 3/4 turn 1/8 valid=True db -15.10->-14.93
[00:31:18]   rollout step 45 task 1/4 gen 3/4 turn 2/8 valid=True db -14.93->-15.87
[00:31:26]   rollout step 45 task 1/4 gen 3/4 turn 3/8 valid=True db -15.87->-11.39
[00:31:32]   rollout step 45 task 1/4 gen 3/4 turn 4/8 valid=True db -11.39->-12.24
[00:31:39]   rollout step 45 task 1/4 gen 3/4 turn 5/8 valid=True db -12.24->-14.35
[00:31:39] trajectory done: step 45 task 1/4 gen 3/4 turns=5 reason=patience reward=0.322  [707/960 trajectories overall]
[00:31:48]   rollout step 45 task 1/4 gen 4/4 turn 1/8 valid=True db -15.10->-14.93
[00:31:54]   rollout step 45 task 1/4 gen 4/4 turn 2/8 valid=True db -14.93->-28.88
[00:32:01]   rollout step 45 task 1/4 gen 4/4 turn 3/8 valid=True db -28.88->-29.18
[00:32:07]   rollout step 45 task 1/4 gen 4/4 turn 4/8 valid=True db -29.18->-8.98
[00:32:14]   rollout step 45 task 1/4 gen 4/4 turn 5/8 valid=True db -8.98->-34.05
[00:32:14] trajectory done: step 45 task 1/4 gen 4/4 turns=5 reason=goal_met reward=18.952  [708/960 trajectories overall]
[00:32:21]   rollout step 45 task 2/4 gen 1/4 turn 1/8 valid=True db -11.67->-11.80
[00:32:29]   rollout step 45 task 2/4 gen 1/4 turn 2/8 valid=True db -11.80->-11.93
[00:32:37]   rollout step 45 task 2/4 gen 1/4 turn 3/8 valid=True db -11.93->-11.48
[00:32:43]   rollout step 45 task 2/4 gen 1/4 turn 4/8 valid=True db -11.48->-11.90
[00:32:54]   rollout step 45 task 2/4 gen 1/4 turn 5/8 valid=True db -11.90->-12.31
[00:33:08]   rollout step 45 task 2/4 gen 1/4 turn 6/8 valid=True db -12.31->-12.43
[00:33:16]   rollout step 45 task 2/4 gen 1/4 turn 7/8 valid=True db -12.43->-14.78
[00:33:23]   rollout step 45 task 2/4 gen 1/4 turn 8/8 valid=False db -14.78->-14.78
[00:33:23] trajectory done: step 45 task 2/4 gen 1/4 turns=8 reason=max_turns reward=3.115  [709/960 trajectories overall]
[00:33:28]   rollout step 45 task 2/4 gen 2/4 turn 1/8 valid=False db -11.67->-11.67
[00:33:33]   rollout step 45 task 2/4 gen 2/4 turn 2/8 valid=True db -11.67->-8.16
[00:33:38]   rollout step 45 task 2/4 gen 2/4 turn 3/8 valid=True db -8.16->-11.44
[00:33:38] trajectory done: step 45 task 2/4 gen 2/4 turns=3 reason=patience reward=-0.068  [710/960 trajectories overall]
[00:33:46]   rollout step 45 task 2/4 gen 3/4 turn 1/8 valid=True db -11.67->-11.95
[00:33:52]   rollout step 45 task 2/4 gen 3/4 turn 2/8 valid=True db -11.95->-8.37
[00:33:57]   rollout step 45 task 2/4 gen 3/4 turn 3/8 valid=True db -8.37->-11.72
[00:34:06]   rollout step 45 task 2/4 gen 3/4 turn 4/8 valid=True db -11.72->-10.49
[00:34:06] trajectory done: step 45 task 2/4 gen 3/4 turns=4 reason=patience reward=-0.157  [711/960 trajectories overall]
[00:34:15]   rollout step 45 task 2/4 gen 4/4 turn 1/8 valid=True db -11.67->-18.64
[00:34:20]   rollout step 45 task 2/4 gen 4/4 turn 2/8 valid=True db -18.64->-16.39
[00:34:27]   rollout step 45 task 2/4 gen 4/4 turn 3/8 valid=True db -16.39->-20.24
[00:34:38]   rollout step 45 task 2/4 gen 4/4 turn 4/8 valid=True db -20.24->-13.50
[00:34:43]   rollout step 45 task 2/4 gen 4/4 turn 5/8 valid=True db -13.50->-13.84
[00:34:51]   rollout step 45 task 2/4 gen 4/4 turn 6/8 valid=True db -13.84->-19.83
[00:34:51] trajectory done: step 45 task 2/4 gen 4/4 turns=6 reason=patience reward=8.447  [712/960 trajectories overall]
[00:35:01]   rollout step 45 task 3/4 gen 1/4 turn 1/8 valid=True db -13.39->-30.12
[00:35:01] trajectory done: step 45 task 3/4 gen 1/4 turns=1 reason=goal_met reward=16.734  [713/960 trajectories overall]
[00:35:11]   rollout step 45 task 3/4 gen 2/4 turn 1/8 valid=True db -13.39->-9.53
[00:35:19]   rollout step 45 task 3/4 gen 2/4 turn 2/8 valid=True db -9.53->-6.36
[00:35:25]   rollout step 45 task 3/4 gen 2/4 turn 3/8 valid=True db -6.36->-9.66
[00:35:25] trajectory done: step 45 task 3/4 gen 2/4 turns=3 reason=patience reward=-1.119  [714/960 trajectories overall]
[00:35:32]   rollout step 45 task 3/4 gen 3/4 turn 1/8 valid=True db -13.39->-9.53
[00:35:38]   rollout step 45 task 3/4 gen 3/4 turn 2/8 valid=True db -9.53->-12.95
[00:35:45]   rollout step 45 task 3/4 gen 3/4 turn 3/8 valid=True db -12.95->-29.37
[00:35:54]   rollout step 45 task 3/4 gen 3/4 turn 4/8 valid=True db -29.37->-9.15
[00:35:58]   rollout step 45 task 3/4 gen 3/4 turn 5/8 valid=True db -9.15->-9.15
[00:35:58] trajectory done: step 45 task 3/4 gen 3/4 turns=5 reason=stop reward=9.913  [715/960 trajectories overall]
[00:36:04]   rollout step 45 task 3/4 gen 4/4 turn 1/8 valid=True db -13.39->-14.27
[00:36:09]   rollout step 45 task 3/4 gen 4/4 turn 2/8 valid=True db -14.27->-37.54
[00:36:09] trajectory done: step 45 task 3/4 gen 4/4 turns=2 reason=goal_met reward=24.156  [716/960 trajectories overall]
[00:36:18]   rollout step 45 task 4/4 gen 1/4 turn 1/8 valid=True db -9.86->-9.12
[00:36:29]   rollout step 45 task 4/4 gen 1/4 turn 2/8 valid=True db -9.12->-8.45
[00:36:34]   rollout step 45 task 4/4 gen 1/4 turn 3/8 valid=True db -8.45->-8.56
[00:36:34] trajectory done: step 45 task 4/4 gen 1/4 turns=3 reason=patience reward=-0.389  [717/960 trajectories overall]
[00:36:40]   rollout step 45 task 4/4 gen 2/4 turn 1/8 valid=False db -9.86->-9.86
[00:36:46]   rollout step 45 task 4/4 gen 2/4 turn 2/8 valid=True db -9.86->-9.18
[00:36:53]   rollout step 45 task 4/4 gen 2/4 turn 3/8 valid=True db -9.18->-9.82
[00:36:53] trajectory done: step 45 task 4/4 gen 2/4 turns=3 reason=patience reward=-0.013  [718/960 trajectories overall]
[00:37:00]   rollout step 45 task 4/4 gen 3/4 turn 1/8 valid=True db -9.86->-12.54
[00:37:05]   rollout step 45 task 4/4 gen 3/4 turn 2/8 valid=True db -12.54->-7.16
[00:37:09]   rollout step 45 task 4/4 gen 3/4 turn 3/8 valid=True db -7.16->-11.88
[00:37:17]   rollout step 45 task 4/4 gen 3/4 turn 4/8 valid=True db -11.88->-25.05
[00:37:28]   rollout step 45 task 4/4 gen 3/4 turn 5/8 valid=True db -25.05->-5.25
[00:37:34]   rollout step 45 task 4/4 gen 3/4 turn 6/8 valid=True db -5.25->-1.64
[00:37:40]   rollout step 45 task 4/4 gen 3/4 turn 7/8 valid=True db -1.64->-5.53
[00:37:40] trajectory done: step 45 task 4/4 gen 3/4 turns=7 reason=patience reward=9.335  [719/960 trajectories overall]
[00:37:47]   rollout step 45 task 4/4 gen 4/4 turn 1/8 valid=False db -9.86->-9.86
[00:37:53]   rollout step 45 task 4/4 gen 4/4 turn 2/8 valid=True db -9.86->-14.82
[00:38:00]   rollout step 45 task 4/4 gen 4/4 turn 3/8 valid=True db -14.82->-10.12
[00:38:05]   rollout step 45 task 4/4 gen 4/4 turn 4/8 valid=True db -10.12->-14.48
[00:38:09]   rollout step 45 task 4/4 gen 4/4 turn 5/8 valid=True db -14.48->-35.22
[00:38:09] trajectory done: step 45 task 4/4 gen 4/4 turns=5 reason=goal_met reward=25.363  [720/960 trajectories overall]
[00:38:16]   gradient pass 20/69 turns backpropagated
[00:38:23]   gradient pass 40/69 turns backpropagated
[00:38:29]   gradient pass 60/69 turns backpropagated
[00:38:33]   gradient pass 69/69 turns backpropagated
[00:38:33] step 45/60 loss=0.12314 reward_mean=7.030 reward_std=9.171 turns_mean=4.3 goal_met=4/16 stop=1 patience=10
[00:38:33] saved checkpoint to /home/yue1guo2/workspace/qucs-llm-optimizer/outputs/2026-09-09-1810-multiturn-nightly-4x4x60/checkpoint-45
[00:38:43]   rollout step 46 task 1/4 gen 1/4 turn 1/8 valid=True db -15.21->-9.29
[00:38:53]   rollout step 46 task 1/4 gen 1/4 turn 2/8 valid=True db -9.29->-8.61
[00:39:03]   rollout step 46 task 1/4 gen 1/4 turn 3/8 valid=True db -8.61->-8.02
[00:39:03] trajectory done: step 46 task 1/4 gen 1/4 turns=3 reason=patience reward=-2.157  [721/960 trajectories overall]
[00:39:13]   rollout step 46 task 1/4 gen 2/4 turn 1/8 valid=True db -15.21->-11.10
[00:39:24]   rollout step 46 task 1/4 gen 2/4 turn 2/8 valid=True db -11.10->-12.59
[00:39:37]   rollout step 46 task 1/4 gen 2/4 turn 3/8 valid=True db -12.59->-25.01
[00:39:44]   rollout step 46 task 1/4 gen 2/4 turn 4/8 valid=True db -25.01->-25.49
[00:39:49]   rollout step 46 task 1/4 gen 2/4 turn 5/8 valid=True db -25.49->-33.32
[00:39:49] trajectory done: step 46 task 1/4 gen 2/4 turns=5 reason=goal_met reward=18.113  [722/960 trajectories overall]
[00:39:55]   rollout step 46 task 1/4 gen 3/4 turn 1/8 valid=True db -15.21->-12.17
[00:40:03]   rollout step 46 task 1/4 gen 3/4 turn 2/8 valid=True db -12.17->-0.66
[00:40:07]   rollout step 46 task 1/4 gen 3/4 turn 3/8 valid=True db -0.66->-15.48
[00:40:13]   rollout step 46 task 1/4 gen 3/4 turn 4/8 valid=True db -15.48->-1.16
[00:40:18]   rollout step 46 task 1/4 gen 3/4 turn 5/8 valid=True db -1.16->-0.78
[00:40:24]   rollout step 46 task 1/4 gen 3/4 turn 6/8 valid=True db -0.78->-0.94
[00:40:24] trajectory done: step 46 task 1/4 gen 3/4 turns=6 reason=patience reward=-4.091  [723/960 trajectories overall]
[00:40:30]   rollout step 46 task 1/4 gen 4/4 turn 1/8 valid=True db -15.21->-15.07
[00:40:36]   rollout step 46 task 1/4 gen 4/4 turn 2/8 valid=True db -15.07->-14.56
[00:40:43]   rollout step 46 task 1/4 gen 4/4 turn 3/8 valid=True db -14.56->-14.56
[00:40:43] trajectory done: step 46 task 1/4 gen 4/4 turns=3 reason=patience reward=-0.196  [724/960 trajectories overall]
[00:40:52]   rollout step 46 task 2/4 gen 1/4 turn 1/8 valid=True db -10.75->-10.98
[00:40:59]   rollout step 46 task 2/4 gen 1/4 turn 2/8 valid=False db -10.98->-10.98
[00:41:05]   rollout step 46 task 2/4 gen 1/4 turn 3/8 valid=True db -10.98->-12.12
[00:41:19]   rollout step 46 task 2/4 gen 1/4 turn 4/8 valid=True db -12.12->-11.31
[00:41:25]   rollout step 46 task 2/4 gen 1/4 turn 5/8 valid=True db -11.31->-12.06
[00:41:34]   rollout step 46 task 2/4 gen 1/4 turn 6/8 valid=True db -12.06->-11.36
[00:41:34] trajectory done: step 46 task 2/4 gen 1/4 turns=6 reason=patience reward=1.147  [725/960 trajectories overall]
[00:41:41]   rollout step 46 task 2/4 gen 2/4 turn 1/8 valid=True db -10.75->-28.89
[00:41:46]   rollout step 46 task 2/4 gen 2/4 turn 2/8 valid=True db -28.89->-5.00
[00:41:54]   rollout step 46 task 2/4 gen 2/4 turn 3/8 valid=True db -5.00->-4.64
[00:41:59]   rollout step 46 task 2/4 gen 2/4 turn 4/8 valid=True db -4.64->-34.74
[00:41:59] trajectory done: step 46 task 2/4 gen 2/4 turns=4 reason=goal_met reward=23.998  [726/960 trajectories overall]
[00:42:05]   rollout step 46 task 2/4 gen 3/4 turn 1/8 valid=True db -10.75->-28.89
[00:42:10]   rollout step 46 task 2/4 gen 3/4 turn 2/8 valid=True db -28.89->-5.00
[00:42:17]   rollout step 46 task 2/4 gen 3/4 turn 3/8 valid=True db -5.00->-7.65
[00:42:27]   rollout step 46 task 2/4 gen 3/4 turn 4/8 valid=True db -7.65->-10.41
[00:42:27] trajectory done: step 46 task 2/4 gen 3/4 turns=4 reason=patience reward=12.602  [727/960 trajectories overall]
[00:42:36]   rollout step 46 task 2/4 gen 4/4 turn 1/8 valid=True db -10.75->-11.04
[00:42:41]   rollout step 46 task 2/4 gen 4/4 turn 2/8 valid=False db -11.04->-11.04
[00:42:50]   rollout step 46 task 2/4 gen 4/4 turn 3/8 valid=True db -11.04->-7.96
[00:42:57]   rollout step 46 task 2/4 gen 4/4 turn 4/8 valid=True db -7.96->-8.13
[00:42:57] trajectory done: step 46 task 2/4 gen 4/4 turns=4 reason=patience reward=-0.576  [728/960 trajectories overall]
[00:43:06]   rollout step 46 task 3/4 gen 1/4 turn 1/8 valid=True db -26.16->-26.57
[00:43:16]   rollout step 46 task 3/4 gen 1/4 turn 2/8 valid=True db -26.57->-26.98
[00:43:21]   rollout step 46 task 3/4 gen 1/4 turn 3/8 valid=False db -26.98->-26.98
[00:43:29]   rollout step 46 task 3/4 gen 1/4 turn 4/8 valid=True db -26.98->-27.36
[00:43:36]   rollout step 46 task 3/4 gen 1/4 turn 5/8 valid=True db -27.36->-25.80
[00:43:42]   rollout step 46 task 3/4 gen 1/4 turn 6/8 valid=True db -25.80->-27.24
[00:43:49]   rollout step 46 task 3/4 gen 1/4 turn 7/8 valid=True db -27.24->-22.31
[00:43:49] trajectory done: step 46 task 3/4 gen 1/4 turns=7 reason=patience reward=-0.311  [729/960 trajectories overall]
[00:43:55]   rollout step 46 task 3/4 gen 2/4 turn 1/8 valid=True db -26.16->-41.18
[00:43:55] trajectory done: step 46 task 3/4 gen 2/4 turns=1 reason=goal_met reward=15.021  [730/960 trajectories overall]
[00:44:01]   rollout step 46 task 3/4 gen 3/4 turn 1/8 valid=True db -26.16->-26.60
[00:44:07]   rollout step 46 task 3/4 gen 3/4 turn 2/8 valid=True db -26.60->-27.00
[00:44:16]   rollout step 46 task 3/4 gen 3/4 turn 3/8 valid=False db -27.00->-27.00
[00:44:29]   rollout step 46 task 3/4 gen 3/4 turn 4/8 valid=True db -27.00->-37.40
[00:44:29] trajectory done: step 46 task 3/4 gen 3/4 turns=4 reason=goal_met reward=11.244  [731/960 trajectories overall]
[00:44:37]   rollout step 46 task 3/4 gen 4/4 turn 1/8 valid=True db -26.16->-27.47
[00:44:45]   rollout step 46 task 3/4 gen 4/4 turn 2/8 valid=True db -27.47->-26.20
[00:44:51]   rollout step 46 task 3/4 gen 4/4 turn 3/8 valid=True db -26.20->-26.59
[00:44:59]   rollout step 46 task 3/4 gen 4/4 turn 4/8 valid=True db -26.59->-25.68
[00:44:59] trajectory done: step 46 task 3/4 gen 4/4 turns=4 reason=patience reward=0.781  [732/960 trajectories overall]
[00:45:11]   rollout step 46 task 4/4 gen 1/4 turn 1/8 valid=True db -22.79->-23.14
[00:45:16]   rollout step 46 task 4/4 gen 1/4 turn 2/8 valid=True db -23.14->-16.67
[00:45:22]   rollout step 46 task 4/4 gen 1/4 turn 3/8 valid=True db -16.67->-29.30
[00:45:31]   rollout step 46 task 4/4 gen 1/4 turn 4/8 valid=True db -29.30->-18.40
[00:45:38]   rollout step 46 task 4/4 gen 1/4 turn 5/8 valid=True db -18.40->-27.59
[00:45:49]   rollout step 46 task 4/4 gen 1/4 turn 6/8 valid=True db -27.59->-18.73
[00:45:49] trajectory done: step 46 task 4/4 gen 1/4 turns=6 reason=patience reward=3.341  [733/960 trajectories overall]
[00:45:59]   rollout step 46 task 4/4 gen 2/4 turn 1/8 valid=True db -22.79->-23.17
[00:46:04]   rollout step 46 task 4/4 gen 2/4 turn 2/8 valid=True db -23.17->-8.13
[00:46:10]   rollout step 46 task 4/4 gen 2/4 turn 3/8 valid=True db -8.13->-0.82
[00:46:16]   rollout step 46 task 4/4 gen 2/4 turn 4/8 valid=True db -0.82->-0.72
[00:46:16] trajectory done: step 46 task 4/4 gen 2/4 turns=4 reason=patience reward=-6.348  [734/960 trajectories overall]
[00:46:26]   rollout step 46 task 4/4 gen 3/4 turn 1/8 valid=True db -22.79->-23.93
[00:46:34]   rollout step 46 task 4/4 gen 3/4 turn 2/8 valid=True db -23.93->-8.24
[00:46:40]   rollout step 46 task 4/4 gen 3/4 turn 3/8 valid=True db -8.24->-7.84
[00:46:45]   rollout step 46 task 4/4 gen 3/4 turn 4/8 valid=True db -7.84->-8.21
[00:46:45] trajectory done: step 46 task 4/4 gen 3/4 turns=4 reason=patience reward=-3.571  [735/960 trajectories overall]
[00:46:54]   rollout step 46 task 4/4 gen 4/4 turn 1/8 valid=True db -22.79->-25.08
[00:47:03]   rollout step 46 task 4/4 gen 4/4 turn 2/8 valid=False db -25.08->-25.08
[00:47:14]   rollout step 46 task 4/4 gen 4/4 turn 3/8 valid=True db -25.08->-25.40
[00:47:23]   rollout step 46 task 4/4 gen 4/4 turn 4/8 valid=True db -25.40->-25.10
[00:47:29]   rollout step 46 task 4/4 gen 4/4 turn 5/8 valid=True db -25.10->-24.81
[00:47:34]   rollout step 46 task 4/4 gen 4/4 turn 6/8 valid=True db -24.81->-25.08
[00:47:34] trajectory done: step 46 task 4/4 gen 4/4 turns=6 reason=patience reward=2.518  [736/960 trajectories overall]
[00:47:41]   gradient pass 20/71 turns backpropagated
[00:47:47]   gradient pass 40/71 turns backpropagated
[00:47:54]   gradient pass 60/71 turns backpropagated
[00:47:58]   gradient pass 71/71 turns backpropagated
[00:47:58] step 46/60 loss=-2.42102 reward_mean=4.470 reward_std=8.623 turns_mean=4.4 goal_met=4/16 stop=0 patience=12
[00:48:06]   rollout step 47 task 1/4 gen 1/4 turn 1/8 valid=True db -11.60->-10.28
[00:48:12]   rollout step 47 task 1/4 gen 1/4 turn 2/8 valid=True db -10.28->-9.14
[00:48:23]   rollout step 47 task 1/4 gen 1/4 turn 3/8 valid=True db -9.14->-12.16
[00:48:30]   rollout step 47 task 1/4 gen 1/4 turn 4/8 valid=True db -12.16->-17.75
[00:48:41]   rollout step 47 task 1/4 gen 1/4 turn 5/8 valid=True db -17.75->-19.48
[00:48:50]   rollout step 47 task 1/4 gen 1/4 turn 6/8 valid=True db -19.48->-27.53
[00:48:57]   rollout step 47 task 1/4 gen 1/4 turn 7/8 valid=True db -27.53->-20.49
[00:49:03]   rollout step 47 task 1/4 gen 1/4 turn 8/8 valid=True db -20.49->-16.21
[00:49:03] trajectory done: step 47 task 1/4 gen 1/4 turns=8 reason=max_turns reward=12.531  [737/960 trajectories overall]
[00:49:10]   rollout step 47 task 1/4 gen 2/4 turn 1/8 valid=True db -11.60->-17.20
[00:49:16]   rollout step 47 task 1/4 gen 2/4 turn 2/8 valid=True db -17.20->-22.94
[00:49:24]   rollout step 47 task 1/4 gen 2/4 turn 3/8 valid=True db -22.94->-31.49
[00:49:24] trajectory done: step 47 task 1/4 gen 2/4 turns=3 reason=goal_met reward=19.884  [738/960 trajectories overall]
[00:49:35]   rollout step 47 task 1/4 gen 3/4 turn 1/8 valid=True db -11.60->-15.12
[00:49:42]   rollout step 47 task 1/4 gen 3/4 turn 2/8 valid=True db -15.12->-13.77
[00:49:47]   rollout step 47 task 1/4 gen 3/4 turn 3/8 valid=True db -13.77->-13.77
[00:49:54]   rollout step 47 task 1/4 gen 3/4 turn 4/8 valid=True db -13.77->-13.10
[00:49:54] trajectory done: step 47 task 1/4 gen 3/4 turns=4 reason=patience reward=2.915  [739/960 trajectories overall]
[00:50:00]   rollout step 47 task 1/4 gen 4/4 turn 1/8 valid=True db -11.60->-8.83
[00:50:05]   rollout step 47 task 1/4 gen 4/4 turn 2/8 valid=True db -8.83->-12.70
[00:50:12]   rollout step 47 task 1/4 gen 4/4 turn 3/8 valid=True db -12.70->-11.98
[00:50:17]   rollout step 47 task 1/4 gen 4/4 turn 4/8 valid=True db -11.98->-11.00
[00:50:23]   rollout step 47 task 1/4 gen 4/4 turn 5/8 valid=True db -11.00->-11.98
[00:50:23] trajectory done: step 47 task 1/4 gen 4/4 turns=5 reason=patience reward=0.883  [740/960 trajectories overall]
[00:50:31]   rollout step 47 task 2/4 gen 1/4 turn 1/8 valid=True db -13.07->-13.29
[00:50:40]   rollout step 47 task 2/4 gen 1/4 turn 2/8 valid=True db -13.29->-21.19
[00:50:48]   rollout step 47 task 2/4 gen 1/4 turn 3/8 valid=True db -21.19->-21.56
[00:50:54]   rollout step 47 task 2/4 gen 1/4 turn 4/8 valid=True db -21.56->-17.60
[00:50:58]   rollout step 47 task 2/4 gen 1/4 turn 5/8 valid=True db -17.60->-22.74
[00:51:04]   rollout step 47 task 2/4 gen 1/4 turn 6/8 valid=True db -22.74->-19.00
[00:51:09]   rollout step 47 task 2/4 gen 1/4 turn 7/8 valid=True db -19.00->-23.96
[00:51:14]   rollout step 47 task 2/4 gen 1/4 turn 8/8 valid=True db -23.96->-20.35
[00:51:14] trajectory done: step 47 task 2/4 gen 1/4 turns=8 reason=max_turns reward=9.811  [741/960 trajectories overall]
[00:51:21]   rollout step 47 task 2/4 gen 2/4 turn 1/8 valid=True db -13.07->-13.82
[00:51:29]   rollout step 47 task 2/4 gen 2/4 turn 2/8 valid=True db -13.82->-14.04
[00:51:39]   rollout step 47 task 2/4 gen 2/4 turn 3/8 valid=True db -14.04->-10.93
[00:51:48]   rollout step 47 task 2/4 gen 2/4 turn 4/8 valid=True db -10.93->-9.89
[00:51:53]   rollout step 47 task 2/4 gen 2/4 turn 5/8 valid=True db -9.89->-10.10
[00:51:53] trajectory done: step 47 task 2/4 gen 2/4 turns=5 reason=patience reward=-0.211  [742/960 trajectories overall]
[00:52:01]   rollout step 47 task 2/4 gen 3/4 turn 1/8 valid=True db -13.07->-9.86
[00:52:08]   rollout step 47 task 2/4 gen 3/4 turn 2/8 valid=True db -9.86->-10.09
[00:52:14]   rollout step 47 task 2/4 gen 3/4 turn 3/8 valid=True db -10.09->-12.52
[00:52:14] trajectory done: step 47 task 2/4 gen 3/4 turns=3 reason=patience reward=-0.165  [743/960 trajectories overall]
[00:52:22]   rollout step 47 task 2/4 gen 4/4 turn 1/8 valid=True db -13.07->-13.82
[00:52:30]   rollout step 47 task 2/4 gen 4/4 turn 2/8 valid=True db -13.82->-14.04
[00:52:40]   rollout step 47 task 2/4 gen 4/4 turn 3/8 valid=True db -14.04->-13.84
[00:52:48]   rollout step 47 task 2/4 gen 4/4 turn 4/8 valid=True db -13.84->-14.03
[00:52:58]   rollout step 47 task 2/4 gen 4/4 turn 5/8 valid=True db -14.03->-19.28
[00:53:07]   rollout step 47 task 2/4 gen 4/4 turn 6/8 valid=True db -19.28->-30.66
[00:53:07] trajectory done: step 47 task 2/4 gen 4/4 turns=6 reason=goal_met reward=17.592  [744/960 trajectories overall]
[00:53:14]   rollout step 47 task 3/4 gen 1/4 turn 1/8 valid=True db -17.28->-61.42
[00:53:14] trajectory done: step 47 task 3/4 gen 1/4 turns=1 reason=goal_met reward=40.000  [745/960 trajectories overall]
[00:53:24]   rollout step 47 task 3/4 gen 2/4 turn 1/8 valid=True db -17.28->-61.42
[00:53:24] trajectory done: step 47 task 3/4 gen 2/4 turns=1 reason=goal_met reward=40.000  [746/960 trajectories overall]
[00:53:32]   rollout step 47 task 3/4 gen 3/4 turn 1/8 valid=True db -17.28->-17.85
[00:53:37]   rollout step 47 task 3/4 gen 3/4 turn 2/8 valid=True db -17.85->-17.32
[00:53:44]   rollout step 47 task 3/4 gen 3/4 turn 3/8 valid=True db -17.32->-17.81
[00:53:49]   rollout step 47 task 3/4 gen 3/4 turn 4/8 valid=True db -17.81->-18.27
[00:53:55]   rollout step 47 task 3/4 gen 3/4 turn 5/8 valid=True db -18.27->-14.31
[00:54:00]   rollout step 47 task 3/4 gen 3/4 turn 6/8 valid=True db -14.31->-14.31
[00:54:00] trajectory done: step 47 task 3/4 gen 3/4 turns=6 reason=stop reward=-0.194  [747/960 trajectories overall]
[00:54:08]   rollout step 47 task 3/4 gen 4/4 turn 1/8 valid=True db -17.28->-16.71
[00:54:13]   rollout step 47 task 3/4 gen 4/4 turn 2/8 valid=True db -16.71->-16.18
[00:54:20]   rollout step 47 task 3/4 gen 4/4 turn 3/8 valid=True db -16.18->-15.68
[00:54:20] trajectory done: step 47 task 3/4 gen 4/4 turns=3 reason=patience reward=-0.480  [748/960 trajectories overall]
[00:54:32]   rollout step 47 task 4/4 gen 1/4 turn 1/8 valid=True db -19.15->-51.94
[00:54:32] trajectory done: step 47 task 4/4 gen 1/4 turns=1 reason=goal_met reward=32.791  [749/960 trajectories overall]
[00:54:39]   rollout step 47 task 4/4 gen 2/4 turn 1/8 valid=True db -19.15->-19.37
[00:54:49]   rollout step 47 task 4/4 gen 2/4 turn 2/8 valid=True db -19.37->-17.13
[00:54:55]   rollout step 47 task 4/4 gen 2/4 turn 3/8 valid=True db -17.13->-17.50
[00:55:03]   rollout step 47 task 4/4 gen 2/4 turn 4/8 valid=True db -17.50->-19.50
[00:55:03] trajectory done: step 47 task 4/4 gen 2/4 turns=4 reason=patience reward=0.352  [750/960 trajectories overall]
[00:55:14]   rollout step 47 task 4/4 gen 3/4 turn 1/8 valid=True db -19.15->-19.66
[00:55:21]   rollout step 47 task 4/4 gen 3/4 turn 2/8 valid=True db -19.66->-17.28
[00:55:25]   rollout step 47 task 4/4 gen 3/4 turn 3/8 valid=True db -17.28->-17.71
[00:55:33]   rollout step 47 task 4/4 gen 3/4 turn 4/8 valid=True db -17.71->-17.31
[00:55:33] trajectory done: step 47 task 4/4 gen 3/4 turns=4 reason=patience reward=-0.189  [751/960 trajectories overall]
[00:55:41]   rollout step 47 task 4/4 gen 4/4 turn 1/8 valid=True db -19.15->-12.63
[00:55:46]   rollout step 47 task 4/4 gen 4/4 turn 2/8 valid=True db -12.63->-20.30
[00:55:52]   rollout step 47 task 4/4 gen 4/4 turn 3/8 valid=True db -20.30->-14.56
[00:55:58]   rollout step 47 task 4/4 gen 4/4 turn 4/8 valid=True db -14.56->-21.56
[00:56:04]   rollout step 47 task 4/4 gen 4/4 turn 5/8 valid=True db -21.56->-15.57
[00:56:08]   rollout step 47 task 4/4 gen 4/4 turn 6/8 valid=True db -15.57->-22.85
[00:56:17]   rollout step 47 task 4/4 gen 4/4 turn 7/8 valid=True db -22.85->-15.13
[00:56:27]   rollout step 47 task 4/4 gen 4/4 turn 8/8 valid=True db -15.13->-22.05
[00:56:27] trajectory done: step 47 task 4/4 gen 4/4 turns=8 reason=max_turns reward=3.464  [752/960 trajectories overall]
[00:56:35]   gradient pass 20/70 turns backpropagated
[00:56:42]   gradient pass 40/70 turns backpropagated
[00:56:48]   gradient pass 60/70 turns backpropagated
[00:56:52]   gradient pass 70/70 turns backpropagated
[00:56:52] step 47/60 loss=-2.76951 reward_mean=11.187 reward_std=14.259 turns_mean=4.4 goal_met=5/16 stop=1 patience=7
[00:56:57]   rollout step 48 task 1/4 gen 1/4 turn 1/8 valid=True db -9.79->-7.76
[00:57:02]   rollout step 48 task 1/4 gen 1/4 turn 2/8 valid=True db -7.76->-9.58
[00:57:11]   rollout step 48 task 1/4 gen 1/4 turn 3/8 valid=True db -9.58->-14.24
[00:57:19]   rollout step 48 task 1/4 gen 1/4 turn 4/8 valid=True db -14.24->-14.83
[00:57:25]   rollout step 48 task 1/4 gen 1/4 turn 5/8 valid=True db -14.83->-21.08
[00:57:32]   rollout step 48 task 1/4 gen 1/4 turn 6/8 valid=True db -21.08->-3.44
[00:57:37]   rollout step 48 task 1/4 gen 1/4 turn 7/8 valid=True db -3.44->-18.66
[00:57:47]   rollout step 48 task 1/4 gen 1/4 turn 8/8 valid=True db -18.66->-17.96
[00:57:47] trajectory done: step 48 task 1/4 gen 1/4 turns=8 reason=patience reward=10.352  [753/960 trajectories overall]
[00:57:54]   rollout step 48 task 1/4 gen 2/4 turn 1/8 valid=True db -9.79->-17.71
[00:57:59]   rollout step 48 task 1/4 gen 2/4 turn 2/8 valid=True db -17.71->-9.03
[00:58:06]   rollout step 48 task 1/4 gen 2/4 turn 3/8 valid=True db -9.03->-8.99
[00:58:12]   rollout step 48 task 1/4 gen 2/4 turn 4/8 valid=True db -8.99->-0.64
[00:58:12] trajectory done: step 48 task 1/4 gen 2/4 turns=4 reason=patience reward=2.797  [754/960 trajectories overall]
[00:58:18]   rollout step 48 task 1/4 gen 3/4 turn 1/8 valid=True db -9.79->-17.71
[00:58:23]   rollout step 48 task 1/4 gen 3/4 turn 2/8 valid=True db -17.71->-22.81
[00:58:29]   rollout step 48 task 1/4 gen 3/4 turn 3/8 valid=True db -22.81->-6.69
[00:58:36]   rollout step 48 task 1/4 gen 3/4 turn 4/8 valid=True db -6.69->-0.37
[00:58:41]   rollout step 48 task 1/4 gen 3/4 turn 5/8 valid=True db -0.37->-8.69
[00:58:41] trajectory done: step 48 task 1/4 gen 3/4 turns=5 reason=patience reward=8.784  [755/960 trajectories overall]
[00:58:49]   rollout step 48 task 1/4 gen 4/4 turn 1/8 valid=True db -9.79->-7.28
[00:58:55]   rollout step 48 task 1/4 gen 4/4 turn 2/8 valid=True db -7.28->-5.45
[00:59:00]   rollout step 48 task 1/4 gen 4/4 turn 3/8 valid=True db -5.45->-7.37
[00:59:00] trajectory done: step 48 task 1/4 gen 4/4 turns=3 reason=patience reward=-0.727  [756/960 trajectories overall]
[00:59:05]   rollout step 48 task 2/4 gen 1/4 turn 1/8 valid=True db -35.28->-35.28
[00:59:05] trajectory done: step 48 task 2/4 gen 1/4 turns=1 reason=stop reward=0.000  [757/960 trajectories overall]
[00:59:11]   rollout step 48 task 2/4 gen 2/4 turn 1/8 valid=True db -35.28->-44.82
[00:59:11] trajectory done: step 48 task 2/4 gen 2/4 turns=1 reason=goal_met reward=9.541  [758/960 trajectories overall]
[00:59:20]   rollout step 48 task 2/4 gen 3/4 turn 1/8 valid=True db -35.28->-9.77
[00:59:30]   rollout step 48 task 2/4 gen 3/4 turn 2/8 valid=True db -9.77->-9.24
[00:59:39]   rollout step 48 task 2/4 gen 3/4 turn 3/8 valid=True db -9.24->-9.73
[00:59:39] trajectory done: step 48 task 2/4 gen 3/4 turns=3 reason=patience reward=-7.664  [759/960 trajectories overall]
[00:59:50]   rollout step 48 task 2/4 gen 4/4 turn 1/8 valid=True db -35.28->-35.89
[00:59:50] trajectory done: step 48 task 2/4 gen 4/4 turns=1 reason=goal_met reward=0.613  [760/960 trajectories overall]
[00:59:56]   rollout step 48 task 3/4 gen 1/4 turn 1/8 valid=True db -9.64->-9.32
[01:00:01]   rollout step 48 task 3/4 gen 1/4 turn 2/8 valid=True db -9.32->-9.37
[01:00:09]   rollout step 48 task 3/4 gen 1/4 turn 3/8 valid=True db -9.37->-7.44
[01:00:09] trajectory done: step 48 task 3/4 gen 1/4 turns=3 reason=patience reward=-0.661  [761/960 trajectories overall]
[01:00:17]   rollout step 48 task 3/4 gen 2/4 turn 1/8 valid=True db -9.64->-9.72
[01:00:26]   rollout step 48 task 3/4 gen 2/4 turn 2/8 valid=True db -9.72->-13.58
[01:00:32]   rollout step 48 task 3/4 gen 2/4 turn 3/8 valid=False db -13.58->-13.58
[01:00:40]   rollout step 48 task 3/4 gen 2/4 turn 4/8 valid=True db -13.58->-35.35
[01:00:40] trajectory done: step 48 task 3/4 gen 2/4 turns=4 reason=goal_met reward=25.712  [762/960 trajectories overall]
[01:00:47]   rollout step 48 task 3/4 gen 3/4 turn 1/8 valid=False db -9.64->-9.64
[01:00:55]   rollout step 48 task 3/4 gen 3/4 turn 2/8 valid=True db -9.64->-9.38
[01:01:02]   rollout step 48 task 3/4 gen 3/4 turn 3/8 valid=True db -9.38->-9.62
[01:01:02] trajectory done: step 48 task 3/4 gen 3/4 turns=3 reason=patience reward=-0.006  [763/960 trajectories overall]
[01:01:08]   rollout step 48 task 3/4 gen 4/4 turn 1/8 valid=True db -9.64->-14.03
[01:01:13]   rollout step 48 task 3/4 gen 4/4 turn 2/8 valid=True db -14.03->-25.21
[01:01:20]   rollout step 48 task 3/4 gen 4/4 turn 3/8 valid=True db -25.21->-5.55
[01:01:28]   rollout step 48 task 3/4 gen 4/4 turn 4/8 valid=True db -5.55->-22.15
[01:01:39]   rollout step 48 task 3/4 gen 4/4 turn 5/8 valid=True db -22.15->-6.22
[01:01:39] trajectory done: step 48 task 3/4 gen 4/4 turns=5 reason=patience reward=9.867  [764/960 trajectories overall]
[01:01:46]   rollout step 48 task 4/4 gen 1/4 turn 1/8 valid=True db -10.85->-14.42
[01:01:54]   rollout step 48 task 4/4 gen 1/4 turn 2/8 valid=True db -14.42->-31.64
[01:01:54] trajectory done: step 48 task 4/4 gen 1/4 turns=2 reason=goal_met reward=20.793  [765/960 trajectories overall]
[01:02:01]   rollout step 48 task 4/4 gen 2/4 turn 1/8 valid=True db -10.85->-10.13
[01:02:06]   rollout step 48 task 4/4 gen 2/4 turn 2/8 valid=True db -10.13->-13.86
[01:02:12]   rollout step 48 task 4/4 gen 2/4 turn 3/8 valid=True db -13.86->-18.75
[01:02:21]   rollout step 48 task 4/4 gen 2/4 turn 4/8 valid=True db -18.75->-14.06
[01:02:27]   rollout step 48 task 4/4 gen 2/4 turn 5/8 valid=True db -14.06->-12.12
[01:02:33]   rollout step 48 task 4/4 gen 2/4 turn 6/8 valid=True db -12.12->-10.88
[01:02:33] trajectory done: step 48 task 4/4 gen 2/4 turns=6 reason=patience reward=5.540  [766/960 trajectories overall]
[01:02:42]   rollout step 48 task 4/4 gen 3/4 turn 1/8 valid=True db -10.85->-14.42
[01:02:50]   rollout step 48 task 4/4 gen 3/4 turn 2/8 valid=True db -14.42->-31.64
[01:02:50] trajectory done: step 48 task 4/4 gen 3/4 turns=2 reason=goal_met reward=20.793  [767/960 trajectories overall]
[01:02:59]   rollout step 48 task 4/4 gen 4/4 turn 1/8 valid=True db -10.85->-10.74
[01:03:08]   rollout step 48 task 4/4 gen 4/4 turn 2/8 valid=True db -10.74->-10.35
[01:03:19]   rollout step 48 task 4/4 gen 4/4 turn 3/8 valid=True db -10.35->-7.51
[01:03:19] trajectory done: step 48 task 4/4 gen 4/4 turns=3 reason=patience reward=-1.002  [768/960 trajectories overall]
[01:03:26]   gradient pass 20/54 turns backpropagated
[01:03:32]   gradient pass 40/54 turns backpropagated
[01:03:37]   gradient pass 54/54 turns backpropagated
[01:03:37] step 48/60 loss=1.60680 reward_mean=6.546 reward_std=9.057 turns_mean=3.4 goal_met=5/16 stop=1 patience=10
[01:03:41]   rollout step 49 task 1/4 gen 1/4 turn 1/8 valid=True db -15.46->-12.26
[01:03:50]   rollout step 49 task 1/4 gen 1/4 turn 2/8 valid=True db -12.26->-15.13
[01:03:56]   rollout step 49 task 1/4 gen 1/4 turn 3/8 valid=True db -15.13->-12.40
[01:03:56] trajectory done: step 49 task 1/4 gen 1/4 turns=3 reason=patience reward=-0.917  [769/960 trajectories overall]
[01:04:02]   rollout step 49 task 1/4 gen 2/4 turn 1/8 valid=False db -15.46->-15.46
[01:04:08]   rollout step 49 task 1/4 gen 2/4 turn 2/8 valid=True db -15.46->-15.12
[01:04:13]   rollout step 49 task 1/4 gen 2/4 turn 3/8 valid=True db -15.12->-15.43
[01:04:13] trajectory done: step 49 task 1/4 gen 2/4 turns=3 reason=patience reward=-0.007  [770/960 trajectories overall]
[01:04:22]   rollout step 49 task 1/4 gen 3/4 turn 1/8 valid=True db -15.46->-31.27
[01:04:22] trajectory done: step 49 task 1/4 gen 3/4 turns=1 reason=goal_met reward=15.809  [771/960 trajectories overall]
[01:04:28]   rollout step 49 task 1/4 gen 4/4 turn 1/8 valid=True db -15.46->-31.27
[01:04:28] trajectory done: step 49 task 1/4 gen 4/4 turns=1 reason=goal_met reward=15.809  [772/960 trajectories overall]
[01:04:39]   rollout step 49 task 2/4 gen 1/4 turn 1/8 valid=True db -11.15->-16.31
[01:04:47]   rollout step 49 task 2/4 gen 1/4 turn 2/8 valid=True db -16.31->-25.25
[01:04:52]   rollout step 49 task 2/4 gen 1/4 turn 3/8 valid=False db -25.25->-25.25
[01:04:58]   rollout step 49 task 2/4 gen 1/4 turn 4/8 valid=True db -25.25->-18.69
[01:05:02]   rollout step 49 task 2/4 gen 1/4 turn 5/8 valid=True db -18.69->-26.68
[01:05:09]   rollout step 49 task 2/4 gen 1/4 turn 6/8 valid=True db -26.68->-26.96
[01:05:20]   rollout step 49 task 2/4 gen 1/4 turn 7/8 valid=True db -26.96->-23.04
[01:05:26]   rollout step 49 task 2/4 gen 1/4 turn 8/8 valid=True db -23.04->-23.04
[01:05:26] trajectory done: step 49 task 2/4 gen 1/4 turns=8 reason=stop reward=14.635  [773/960 trajectories overall]
[01:05:32]   rollout step 49 task 2/4 gen 2/4 turn 1/8 valid=True db -11.15->-11.72
[01:05:39]   rollout step 49 task 2/4 gen 2/4 turn 2/8 valid=True db -11.72->-11.19
[01:05:44]   rollout step 49 task 2/4 gen 2/4 turn 3/8 valid=True db -11.19->-11.68
[01:05:51]   rollout step 49 task 2/4 gen 2/4 turn 4/8 valid=True db -11.68->-11.22
[01:05:51] trajectory done: step 49 task 2/4 gen 2/4 turns=4 reason=patience reward=0.420  [774/960 trajectories overall]
[01:05:58]   rollout step 49 task 2/4 gen 3/4 turn 1/8 valid=True db -11.15->-10.95
[01:06:03]   rollout step 49 task 2/4 gen 3/4 turn 2/8 valid=True db -10.95->-10.60
[01:06:08]   rollout step 49 task 2/4 gen 3/4 turn 3/8 valid=True db -10.60->-10.27
[01:06:08] trajectory done: step 49 task 2/4 gen 3/4 turns=3 reason=patience reward=-0.263  [775/960 trajectories overall]
[01:06:17]   rollout step 49 task 2/4 gen 4/4 turn 1/8 valid=True db -11.15->-10.57
[01:06:26]   rollout step 49 task 2/4 gen 4/4 turn 2/8 valid=True db -10.57->-11.11
[01:06:34]   rollout step 49 task 2/4 gen 4/4 turn 3/8 valid=True db -11.11->-10.61
[01:06:34] trajectory done: step 49 task 2/4 gen 4/4 turns=3 reason=patience reward=-0.161  [776/960 trajectories overall]
[01:06:41]   rollout step 49 task 3/4 gen 1/4 turn 1/8 valid=True db -14.82->-9.49
[01:06:48]   rollout step 49 task 3/4 gen 1/4 turn 2/8 valid=True db -9.49->-12.08
[01:06:54]   rollout step 49 task 3/4 gen 1/4 turn 3/8 valid=True db -12.08->-0.81
[01:06:54] trajectory done: step 49 task 3/4 gen 1/4 turns=3 reason=patience reward=-4.202  [777/960 trajectories overall]
[01:07:01]   rollout step 49 task 3/4 gen 2/4 turn 1/8 valid=True db -14.82->-10.23
[01:07:05]   rollout step 49 task 3/4 gen 2/4 turn 2/8 valid=True db -10.23->-7.39
[01:07:11]   rollout step 49 task 3/4 gen 2/4 turn 3/8 valid=True db -7.39->-7.20
[01:07:11] trajectory done: step 49 task 3/4 gen 2/4 turns=3 reason=patience reward=-2.286  [778/960 trajectories overall]
[01:07:18]   rollout step 49 task 3/4 gen 3/4 turn 1/8 valid=True db -14.82->-17.45
[01:07:27]   rollout step 49 task 3/4 gen 3/4 turn 2/8 valid=True db -17.45->-17.86
[01:07:36]   rollout step 49 task 3/4 gen 3/4 turn 3/8 valid=True db -17.86->-15.72
[01:07:41]   rollout step 49 task 3/4 gen 3/4 turn 4/8 valid=True db -15.72->-17.73
[01:07:50]   rollout step 49 task 3/4 gen 3/4 turn 5/8 valid=True db -17.73->-19.12
[01:07:59]   rollout step 49 task 3/4 gen 3/4 turn 6/8 valid=True db -19.12->-17.40
[01:08:04]   rollout step 49 task 3/4 gen 3/4 turn 7/8 valid=True db -17.40->-16.72
[01:08:10]   rollout step 49 task 3/4 gen 3/4 turn 8/8 valid=True db -16.72->-16.55
[01:08:10] trajectory done: step 49 task 3/4 gen 3/4 turns=8 reason=patience reward=3.534  [779/960 trajectories overall]
[01:08:18]   rollout step 49 task 3/4 gen 4/4 turn 1/8 valid=True db -14.82->-14.81
[01:08:24]   rollout step 49 task 3/4 gen 4/4 turn 2/8 valid=True db -14.81->-14.80
[01:08:30]   rollout step 49 task 3/4 gen 4/4 turn 3/8 valid=True db -14.80->-14.32
[01:08:30] trajectory done: step 49 task 3/4 gen 4/4 turns=3 reason=patience reward=-0.148  [780/960 trajectories overall]
[01:08:36]   rollout step 49 task 4/4 gen 1/4 turn 1/8 valid=True db -18.00->-23.34
[01:08:42]   rollout step 49 task 4/4 gen 1/4 turn 2/8 valid=True db -23.34->-35.83
[01:08:42] trajectory done: step 49 task 4/4 gen 1/4 turns=2 reason=goal_met reward=17.829  [781/960 trajectories overall]
[01:08:52]   rollout step 49 task 4/4 gen 2/4 turn 1/8 valid=True db -18.00->-12.98
[01:08:59]   rollout step 49 task 4/4 gen 2/4 turn 2/8 valid=True db -12.98->-12.98
[01:09:06]   rollout step 49 task 4/4 gen 2/4 turn 3/8 valid=True db -12.98->-11.57
[01:09:06] trajectory done: step 49 task 4/4 gen 2/4 turns=3 reason=patience reward=-1.928  [782/960 trajectories overall]
[01:09:16]   rollout step 49 task 4/4 gen 3/4 turn 1/8 valid=True db -18.00->-14.83
[01:09:21]   rollout step 49 task 4/4 gen 3/4 turn 2/8 valid=True db -14.83->-17.69
[01:09:27]   rollout step 49 task 4/4 gen 3/4 turn 3/8 valid=True db -17.69->-17.18
[01:09:27] trajectory done: step 49 task 4/4 gen 3/4 turns=3 reason=patience reward=-0.247  [783/960 trajectories overall]
[01:09:33]   rollout step 49 task 4/4 gen 4/4 turn 1/8 valid=True db -18.00->-29.73
[01:09:38]   rollout step 49 task 4/4 gen 4/4 turn 2/8 valid=True db -29.73->-14.39
[01:09:43]   rollout step 49 task 4/4 gen 4/4 turn 3/8 valid=True db -14.39->-33.80
[01:09:43] trajectory done: step 49 task 4/4 gen 4/4 turns=3 reason=goal_met reward=15.806  [784/960 trajectories overall]
[01:09:50]   gradient pass 20/54 turns backpropagated
[01:09:56]   gradient pass 40/54 turns backpropagated
[01:10:01]   gradient pass 54/54 turns backpropagated
[01:10:01] step 49/60 loss=3.76255 reward_mean=4.605 reward_std=7.837 turns_mean=3.4 goal_met=4/16 stop=1 patience=11
[01:10:09]   rollout step 50 task 1/4 gen 1/4 turn 1/8 valid=True db -13.14->-13.33
[01:10:14]   rollout step 50 task 1/4 gen 1/4 turn 2/8 valid=True db -13.33->-13.52
[01:10:24]   rollout step 50 task 1/4 gen 1/4 turn 3/8 valid=True db -13.52->-13.69
[01:10:32]   rollout step 50 task 1/4 gen 1/4 turn 4/8 valid=True db -13.69->-12.91
[01:10:37]   rollout step 50 task 1/4 gen 1/4 turn 5/8 valid=True db -12.91->-9.21
[01:10:37] trajectory done: step 50 task 1/4 gen 1/4 turns=5 reason=patience reward=-0.798  [785/960 trajectories overall]
[01:10:45]   rollout step 50 task 1/4 gen 2/4 turn 1/8 valid=True db -13.14->-18.68
[01:10:50]   rollout step 50 task 1/4 gen 2/4 turn 2/8 valid=True db -18.68->-13.74
[01:10:54]   rollout step 50 task 1/4 gen 2/4 turn 3/8 valid=True db -13.74->-21.62
[01:11:00]   rollout step 50 task 1/4 gen 2/4 turn 4/8 valid=True db -21.62->-14.33
[01:11:05]   rollout step 50 task 1/4 gen 2/4 turn 5/8 valid=True db -14.33->-25.06
[01:11:13]   rollout step 50 task 1/4 gen 2/4 turn 6/8 valid=True db -25.06->-24.94
[01:11:18]   rollout step 50 task 1/4 gen 2/4 turn 7/8 valid=True db -24.94->-15.84
[01:11:22]   rollout step 50 task 1/4 gen 2/4 turn 8/8 valid=True db -15.84->-28.80
[01:11:22] trajectory done: step 50 task 1/4 gen 2/4 turns=8 reason=max_turns reward=15.660  [786/960 trajectories overall]
[01:11:34]   rollout step 50 task 1/4 gen 3/4 turn 1/8 valid=True db -13.14->-12.58
[01:11:44]   rollout step 50 task 1/4 gen 3/4 turn 2/8 valid=True db -12.58->-21.98
[01:11:50]   rollout step 50 task 1/4 gen 3/4 turn 3/8 valid=True db -21.98->-3.74
[01:11:55]   rollout step 50 task 1/4 gen 3/4 turn 4/8 valid=True db -3.74->-19.19
[01:12:03]   rollout step 50 task 1/4 gen 3/4 turn 5/8 valid=True db -19.19->-19.26
[01:12:03] trajectory done: step 50 task 1/4 gen 3/4 turns=5 reason=patience reward=8.024  [787/960 trajectories overall]
[01:12:10]   rollout step 50 task 1/4 gen 4/4 turn 1/8 valid=True db -13.14->-13.52
[01:12:19]   rollout step 50 task 1/4 gen 4/4 turn 2/8 valid=True db -13.52->-22.77
[01:12:26]   rollout step 50 task 1/4 gen 4/4 turn 3/8 valid=True db -22.77->-4.11
[01:12:35]   rollout step 50 task 1/4 gen 4/4 turn 4/8 valid=True db -4.11->-3.20
[01:12:43]   rollout step 50 task 1/4 gen 4/4 turn 5/8 valid=True db -3.20->-2.73
[01:12:43] trajectory done: step 50 task 1/4 gen 4/4 turns=5 reason=patience reward=3.621  [788/960 trajectories overall]
[01:12:51]   rollout step 50 task 2/4 gen 1/4 turn 1/8 valid=False db -12.67->-12.67
[01:13:01]   rollout step 50 task 2/4 gen 1/4 turn 2/8 valid=True db -12.67->-30.86
[01:13:01] trajectory done: step 50 task 2/4 gen 1/4 turns=2 reason=goal_met reward=18.181  [789/960 trajectories overall]
[01:13:13]   rollout step 50 task 2/4 gen 2/4 turn 1/8 valid=True db -12.67->-13.58
[01:13:18]   rollout step 50 task 2/4 gen 2/4 turn 2/8 valid=False db -13.58->-13.58
[01:13:25]   rollout step 50 task 2/4 gen 2/4 turn 3/8 valid=True db -13.58->-11.13
[01:13:30]   rollout step 50 task 2/4 gen 2/4 turn 4/8 valid=True db -11.13->-13.41
[01:13:30] trajectory done: step 50 task 2/4 gen 2/4 turns=4 reason=patience reward=0.853  [790/960 trajectories overall]
[01:13:38]   rollout step 50 task 2/4 gen 3/4 turn 1/8 valid=True db -12.67->-16.97
[01:13:47]   rollout step 50 task 2/4 gen 3/4 turn 2/8 valid=True db -16.97->-23.86
[01:14:01]   rollout step 50 task 2/4 gen 3/4 turn 3/8 valid=True db -23.86->-28.01
[01:14:10]   rollout step 50 task 2/4 gen 3/4 turn 4/8 valid=True db -28.01->-45.02
[01:14:10] trajectory done: step 50 task 2/4 gen 3/4 turns=4 reason=goal_met reward=32.343  [791/960 trajectories overall]
[01:14:15]   rollout step 50 task 2/4 gen 4/4 turn 1/8 valid=True db -12.67->-75.00
[01:14:15] trajectory done: step 50 task 2/4 gen 4/4 turns=1 reason=goal_met reward=40.000  [792/960 trajectories overall]
[01:14:23]   rollout step 50 task 3/4 gen 1/4 turn 1/8 valid=True db -14.46->-14.95
[01:14:33]   rollout step 50 task 3/4 gen 1/4 turn 2/8 valid=True db -14.95->-14.52
[01:14:38]   rollout step 50 task 3/4 gen 1/4 turn 3/8 valid=True db -14.52->-14.58
[01:14:45]   rollout step 50 task 3/4 gen 1/4 turn 4/8 valid=True db -14.58->-14.52
[01:14:45] trajectory done: step 50 task 3/4 gen 1/4 turns=4 reason=patience reward=0.360  [793/960 trajectories overall]
[01:14:50]   rollout step 50 task 3/4 gen 2/4 turn 1/8 valid=True db -14.46->-21.61
[01:14:56]   rollout step 50 task 3/4 gen 2/4 turn 2/8 valid=True db -21.61->-22.34
[01:15:03]   rollout step 50 task 3/4 gen 2/4 turn 3/8 valid=True db -22.34->-23.04
[01:15:09]   rollout step 50 task 3/4 gen 2/4 turn 4/8 valid=True db -23.04->-16.58
[01:15:17]   rollout step 50 task 3/4 gen 2/4 turn 5/8 valid=True db -16.58->-16.68
[01:15:27]   rollout step 50 task 3/4 gen 2/4 turn 6/8 valid=True db -16.68->-17.05
[01:15:27] trajectory done: step 50 task 3/4 gen 2/4 turns=6 reason=patience reward=6.784  [794/960 trajectories overall]
[01:15:35]   rollout step 50 task 3/4 gen 3/4 turn 1/8 valid=True db -14.46->-17.04
[01:15:46]   rollout step 50 task 3/4 gen 3/4 turn 2/8 valid=True db -17.04->-2.79
[01:15:53]   rollout step 50 task 3/4 gen 3/4 turn 3/8 valid=True db -2.79->-2.76
[01:15:58]   rollout step 50 task 3/4 gen 3/4 turn 4/8 valid=True db -2.76->-0.66
[01:15:58] trajectory done: step 50 task 3/4 gen 3/4 turns=4 reason=patience reward=-2.333  [795/960 trajectories overall]
[01:16:08]   rollout step 50 task 3/4 gen 4/4 turn 1/8 valid=True db -14.46->-15.25
[01:16:16]   rollout step 50 task 3/4 gen 4/4 turn 2/8 valid=False db -15.25->-15.25
[01:16:22]   rollout step 50 task 3/4 gen 4/4 turn 3/8 valid=True db -15.25->-14.12
[01:16:27]   rollout step 50 task 3/4 gen 4/4 turn 4/8 valid=False db -14.12->-14.12
[01:16:27] trajectory done: step 50 task 3/4 gen 4/4 turns=4 reason=patience reward=0.449  [796/960 trajectories overall]
[01:16:33]   rollout step 50 task 4/4 gen 1/4 turn 1/8 valid=True db -7.01->-9.77
[01:16:39]   rollout step 50 task 4/4 gen 1/4 turn 2/8 valid=True db -9.77->-20.05
[01:16:44]   rollout step 50 task 4/4 gen 1/4 turn 3/8 valid=True db -20.05->-6.49
[01:16:51]   rollout step 50 task 4/4 gen 1/4 turn 4/8 valid=True db -6.49->-23.05
[01:16:58]   rollout step 50 task 4/4 gen 1/4 turn 5/8 valid=False db -23.05->-23.05
[01:17:06]   rollout step 50 task 4/4 gen 1/4 turn 6/8 valid=True db -23.05->-22.74
[01:17:12]   rollout step 50 task 4/4 gen 1/4 turn 7/8 valid=True db -22.74->-21.67
[01:17:12] trajectory done: step 50 task 4/4 gen 1/4 turns=7 reason=patience reward=15.628  [797/960 trajectories overall]
[01:17:19]   rollout step 50 task 4/4 gen 2/4 turn 1/8 valid=True db -7.01->-7.07
[01:17:27]   rollout step 50 task 4/4 gen 2/4 turn 2/8 valid=True db -7.07->-7.11
[01:17:37]   rollout step 50 task 4/4 gen 2/4 turn 3/8 valid=True db -7.11->-9.03
[01:17:44]   rollout step 50 task 4/4 gen 2/4 turn 4/8 valid=True db -9.03->-14.14
[01:17:50]   rollout step 50 task 4/4 gen 2/4 turn 5/8 valid=True db -14.14->-15.59
[01:17:57]   rollout step 50 task 4/4 gen 2/4 turn 6/8 valid=True db -15.59->-1.66
[01:18:01]   rollout step 50 task 4/4 gen 2/4 turn 7/8 valid=True db -1.66->-1.77
[01:18:06]   rollout step 50 task 4/4 gen 2/4 turn 8/8 valid=True db -1.77->-1.05
[01:18:06] trajectory done: step 50 task 4/4 gen 2/4 turns=8 reason=patience reward=4.221  [798/960 trajectories overall]
[01:18:14]   rollout step 50 task 4/4 gen 3/4 turn 1/8 valid=True db -7.01->-9.77
[01:18:23]   rollout step 50 task 4/4 gen 3/4 turn 2/8 valid=True db -9.77->-20.05
[01:18:29]   rollout step 50 task 4/4 gen 3/4 turn 3/8 valid=False db -20.05->-20.05
[01:18:37]   rollout step 50 task 4/4 gen 3/4 turn 4/8 valid=True db -20.05->-20.92
[01:18:42]   rollout step 50 task 4/4 gen 3/4 turn 5/8 valid=True db -20.92->-9.90
[01:18:49]   rollout step 50 task 4/4 gen 3/4 turn 6/8 valid=True db -9.90->-8.38
[01:18:54]   rollout step 50 task 4/4 gen 3/4 turn 7/8 valid=True db -8.38->-7.49
[01:18:54] trajectory done: step 50 task 4/4 gen 3/4 turns=7 reason=patience reward=9.885  [799/960 trajectories overall]
[01:19:01]   rollout step 50 task 4/4 gen 4/4 turn 1/8 valid=True db -7.01->-7.32
[01:19:06]   rollout step 50 task 4/4 gen 4/4 turn 2/8 valid=True db -7.32->-8.51
[01:19:15]   rollout step 50 task 4/4 gen 4/4 turn 3/8 valid=True db -8.51->-8.76
[01:19:25]   rollout step 50 task 4/4 gen 4/4 turn 4/8 valid=True db -8.76->-7.43
[01:19:32]   rollout step 50 task 4/4 gen 4/4 turn 5/8 valid=True db -7.43->-8.44
[01:19:39]   rollout step 50 task 4/4 gen 4/4 turn 6/8 valid=True db -8.44->-8.91
[01:19:39] trajectory done: step 50 task 4/4 gen 4/4 turns=6 reason=patience reward=1.898  [800/960 trajectories overall]
[01:19:46]   gradient pass 20/80 turns backpropagated
[01:19:52]   gradient pass 40/80 turns backpropagated
[01:19:59]   gradient pass 60/80 turns backpropagated
[01:20:06]   gradient pass 80/80 turns backpropagated
[01:20:06] step 50/60 loss=0.48812 reward_mean=9.673 reward_std=11.776 turns_mean=5.0 goal_met=3/16 stop=0 patience=12
[01:20:07] saved checkpoint to /home/yue1guo2/workspace/qucs-llm-optimizer/outputs/2026-09-09-1810-multiturn-nightly-4x4x60/checkpoint-50
[01:20:18]   rollout step 51 task 1/4 gen 1/4 turn 1/8 valid=True db -6.20->-6.78
[01:20:26]   rollout step 51 task 1/4 gen 1/4 turn 2/8 valid=True db -6.78->-8.00
[01:20:34]   rollout step 51 task 1/4 gen 1/4 turn 3/8 valid=True db -8.00->-8.52
[01:20:45]   rollout step 51 task 1/4 gen 1/4 turn 4/8 valid=True db -8.52->-8.96
[01:20:56]   rollout step 51 task 1/4 gen 1/4 turn 5/8 valid=True db -8.96->-11.07
[01:21:06]   rollout step 51 task 1/4 gen 1/4 turn 6/8 valid=True db -11.07->-11.47
[01:21:13]   rollout step 51 task 1/4 gen 1/4 turn 7/8 valid=True db -11.47->-11.10
[01:21:19]   rollout step 51 task 1/4 gen 1/4 turn 8/8 valid=True db -11.10->-11.45
[01:21:19] trajectory done: step 51 task 1/4 gen 1/4 turns=8 reason=max_turns reward=5.264  [801/960 trajectories overall]
[01:21:29]   rollout step 51 task 1/4 gen 2/4 turn 1/8 valid=True db -6.20->-7.50
[01:21:35]   rollout step 51 task 1/4 gen 2/4 turn 2/8 valid=True db -7.50->-10.69
[01:21:41]   rollout step 51 task 1/4 gen 2/4 turn 3/8 valid=False db -10.69->-10.69
[01:21:47]   rollout step 51 task 1/4 gen 2/4 turn 4/8 valid=True db -10.69->-20.99
[01:21:55]   rollout step 51 task 1/4 gen 2/4 turn 5/8 valid=True db -20.99->-2.24
[01:21:57]   rollout step 51 task 1/4 gen 2/4 turn 6/8 valid=True db -2.24->-2.24
[01:21:57] trajectory done: step 51 task 1/4 gen 2/4 turns=6 reason=stop reward=9.165  [802/960 trajectories overall]
[01:22:04]   rollout step 51 task 1/4 gen 3/4 turn 1/8 valid=True db -6.20->-6.78
[01:22:11]   rollout step 51 task 1/4 gen 3/4 turn 2/8 valid=True db -6.78->-6.24
[01:22:15]   rollout step 51 task 1/4 gen 3/4 turn 3/8 valid=True db -6.24->-6.75
[01:22:24]   rollout step 51 task 1/4 gen 3/4 turn 4/8 valid=True db -6.75->-6.28
[01:22:24] trajectory done: step 51 task 1/4 gen 3/4 turns=4 reason=patience reward=0.431  [803/960 trajectories overall]
[01:22:29]   rollout step 51 task 1/4 gen 4/4 turn 1/8 valid=False db -6.20->-6.20
[01:22:36]   rollout step 51 task 1/4 gen 4/4 turn 2/8 valid=True db -6.20->-5.91
[01:22:44]   rollout step 51 task 1/4 gen 4/4 turn 3/8 valid=True db -5.91->-5.62
[01:22:44] trajectory done: step 51 task 1/4 gen 4/4 turns=3 reason=patience reward=-0.174  [804/960 trajectories overall]
[01:22:51]   rollout step 51 task 2/4 gen 1/4 turn 1/8 valid=True db -24.36->-26.15
[01:22:59]   rollout step 51 task 2/4 gen 1/4 turn 2/8 valid=True db -26.15->-25.80
[01:23:06]   rollout step 51 task 2/4 gen 1/4 turn 3/8 valid=True db -25.80->-27.27
[01:23:15]   rollout step 51 task 2/4 gen 1/4 turn 4/8 valid=True db -27.27->-7.65
[01:23:20]   rollout step 51 task 2/4 gen 1/4 turn 5/8 valid=True db -7.65->-24.12
[01:23:27]   rollout step 51 task 2/4 gen 1/4 turn 6/8 valid=True db -24.12->-8.33
[01:23:27] trajectory done: step 51 task 2/4 gen 1/4 turns=6 reason=patience reward=-2.769  [805/960 trajectories overall]
[01:23:36]   rollout step 51 task 2/4 gen 2/4 turn 1/8 valid=True db -24.36->-6.83
[01:23:48]   rollout step 51 task 2/4 gen 2/4 turn 2/8 valid=True db -6.83->-8.29
[01:23:55]   rollout step 51 task 2/4 gen 2/4 turn 3/8 valid=True db -8.29->-0.83
[01:23:55] trajectory done: step 51 task 2/4 gen 2/4 turns=3 reason=patience reward=-7.058  [806/960 trajectories overall]
[01:24:00]   rollout step 51 task 2/4 gen 3/4 turn 1/8 valid=True db -24.36->-25.54
[01:24:06]   rollout step 51 task 2/4 gen 3/4 turn 2/8 valid=True db -25.54->-25.38
[01:24:11]   rollout step 51 task 2/4 gen 3/4 turn 3/8 valid=True db -25.38->-25.53
[01:24:23]   rollout step 51 task 2/4 gen 3/4 turn 4/8 valid=True db -25.53->-26.50
[01:24:27]   rollout step 51 task 2/4 gen 3/4 turn 5/8 valid=True db -26.50->-11.87
[01:24:31]   rollout step 51 task 2/4 gen 3/4 turn 6/8 valid=True db -11.87->-29.82
[01:24:37]   rollout step 51 task 2/4 gen 3/4 turn 7/8 valid=True db -29.82->-12.94
[01:24:41]   rollout step 51 task 2/4 gen 3/4 turn 8/8 valid=True db -12.94->-12.84
[01:24:41] trajectory done: step 51 task 2/4 gen 3/4 turns=8 reason=max_turns reward=0.370  [807/960 trajectories overall]
[01:24:47]   rollout step 51 task 2/4 gen 4/4 turn 1/8 valid=True db -24.36->-25.54
[01:24:52]   rollout step 51 task 2/4 gen 4/4 turn 2/8 valid=True db -25.54->-8.50
[01:24:57]   rollout step 51 task 2/4 gen 4/4 turn 3/8 valid=True db -8.50->-7.92
[01:25:01]   rollout step 51 task 2/4 gen 4/4 turn 4/8 valid=True db -7.92->-36.83
[01:25:01] trajectory done: step 51 task 2/4 gen 4/4 turns=4 reason=goal_met reward=12.474  [808/960 trajectories overall]
[01:25:10]   rollout step 51 task 3/4 gen 1/4 turn 1/8 valid=True db -9.73->-9.88
[01:25:15]   rollout step 51 task 3/4 gen 1/4 turn 2/8 valid=True db -9.88->-10.02
[01:25:25]   rollout step 51 task 3/4 gen 1/4 turn 3/8 valid=True db -10.02->-9.89
[01:25:33]   rollout step 51 task 3/4 gen 1/4 turn 4/8 valid=True db -9.89->-10.01
[01:25:41]   rollout step 51 task 3/4 gen 1/4 turn 5/8 valid=True db -10.01->-9.90
[01:25:41] trajectory done: step 51 task 3/4 gen 1/4 turns=5 reason=patience reward=0.251  [809/960 trajectories overall]
[01:25:48]   rollout step 51 task 3/4 gen 2/4 turn 1/8 valid=True db -9.73->-9.88
[01:25:54]   rollout step 51 task 3/4 gen 2/4 turn 2/8 valid=True db -9.88->-10.02
[01:26:00]   rollout step 51 task 3/4 gen 2/4 turn 3/8 valid=True db -10.02->-7.00
[01:26:05]   rollout step 51 task 3/4 gen 2/4 turn 4/8 valid=True db -7.00->-9.80
[01:26:13]   rollout step 51 task 3/4 gen 2/4 turn 5/8 valid=True db -9.80->-7.20
[01:26:13] trajectory done: step 51 task 3/4 gen 2/4 turns=5 reason=patience reward=-0.560  [810/960 trajectories overall]
[01:26:19]   rollout step 51 task 3/4 gen 3/4 turn 1/8 valid=True db -9.73->-6.28
[01:26:26]   rollout step 51 task 3/4 gen 3/4 turn 2/8 valid=True db -6.28->-3.88
[01:26:31]   rollout step 51 task 3/4 gen 3/4 turn 3/8 valid=True db -3.88->-7.03
[01:26:31] trajectory done: step 51 task 3/4 gen 3/4 turns=3 reason=patience reward=-0.810  [811/960 trajectories overall]
[01:26:38]   rollout step 51 task 3/4 gen 4/4 turn 1/8 valid=True db -9.73->-9.88
[01:26:44]   rollout step 51 task 3/4 gen 4/4 turn 2/8 valid=True db -9.88->-10.02
[01:26:55]   rollout step 51 task 3/4 gen 4/4 turn 3/8 valid=True db -10.02->-7.00
[01:27:01]   rollout step 51 task 3/4 gen 4/4 turn 4/8 valid=True db -7.00->-9.80
[01:27:12]   rollout step 51 task 3/4 gen 4/4 turn 5/8 valid=True db -9.80->-9.24
[01:27:12] trajectory done: step 51 task 3/4 gen 4/4 turns=5 reason=patience reward=0.054  [812/960 trajectories overall]
[01:27:17]   rollout step 51 task 4/4 gen 1/4 turn 1/8 valid=True db -11.82->-7.68
[01:27:23]   rollout step 51 task 4/4 gen 1/4 turn 2/8 valid=True db -7.68->-12.34
[01:27:28]   rollout step 51 task 4/4 gen 1/4 turn 3/8 valid=False db -12.34->-12.34
[01:27:37]   rollout step 51 task 4/4 gen 1/4 turn 4/8 valid=True db -12.34->-20.61
[01:27:47]   rollout step 51 task 4/4 gen 1/4 turn 5/8 valid=True db -20.61->-20.90
[01:27:53]   rollout step 51 task 4/4 gen 1/4 turn 6/8 valid=True db -20.90->-21.19
[01:28:01]   rollout step 51 task 4/4 gen 1/4 turn 7/8 valid=True db -21.19->-22.93
[01:28:06]   rollout step 51 task 4/4 gen 1/4 turn 8/8 valid=False db -22.93->-22.93
[01:28:06] trajectory done: step 51 task 4/4 gen 1/4 turns=8 reason=max_turns reward=11.107  [813/960 trajectories overall]
[01:28:17]   rollout step 51 task 4/4 gen 2/4 turn 1/8 valid=True db -11.82->-12.19
[01:28:27]   rollout step 51 task 4/4 gen 2/4 turn 2/8 valid=True db -12.19->-11.84
[01:28:33]   rollout step 51 task 4/4 gen 2/4 turn 3/8 valid=True db -11.84->-12.17
[01:28:40]   rollout step 51 task 4/4 gen 2/4 turn 4/8 valid=True db -12.17->-11.87
[01:28:40] trajectory done: step 51 task 4/4 gen 2/4 turns=4 reason=patience reward=0.278  [814/960 trajectories overall]
[01:28:54]   rollout step 51 task 4/4 gen 3/4 turn 1/8 valid=True db -11.82->-12.19
[01:28:58]   rollout step 51 task 4/4 gen 3/4 turn 2/8 valid=False db -12.19->-12.19
[01:29:05]   rollout step 51 task 4/4 gen 3/4 turn 3/8 valid=True db -12.19->-11.92
[01:29:10]   rollout step 51 task 4/4 gen 3/4 turn 4/8 valid=True db -11.92->-12.47
[01:29:17]   rollout step 51 task 4/4 gen 3/4 turn 5/8 valid=True db -12.47->-8.70
[01:29:22]   rollout step 51 task 4/4 gen 3/4 turn 6/8 valid=True db -8.70->-12.23
[01:29:27]   rollout step 51 task 4/4 gen 3/4 turn 7/8 valid=True db -12.23->-8.98
[01:29:27] trajectory done: step 51 task 4/4 gen 3/4 turns=7 reason=patience reward=-0.392  [815/960 trajectories overall]
[01:29:37]   rollout step 51 task 4/4 gen 4/4 turn 1/8 valid=True db -11.82->-11.94
[01:29:46]   rollout step 51 task 4/4 gen 4/4 turn 2/8 valid=True db -11.94->-21.88
[01:30:02]   rollout step 51 task 4/4 gen 4/4 turn 3/8 valid=True db -21.88->-32.11
[01:30:02] trajectory done: step 51 task 4/4 gen 4/4 turns=3 reason=goal_met reward=20.295  [816/960 trajectories overall]
[01:30:09]   gradient pass 20/82 turns backpropagated
[01:30:16]   gradient pass 40/82 turns backpropagated
[01:30:22]   gradient pass 60/82 turns backpropagated
[01:30:29]   gradient pass 80/82 turns backpropagated
[01:30:30]   gradient pass 82/82 turns backpropagated
[01:30:30] step 51/60 loss=0.35833 reward_mean=2.995 reward_std=6.699 turns_mean=5.1 goal_met=2/16 stop=1 patience=10
[01:30:38]   rollout step 52 task 1/4 gen 1/4 turn 1/8 valid=True db -13.88->-17.84
[01:30:46]   rollout step 52 task 1/4 gen 1/4 turn 2/8 valid=True db -17.84->-21.94
[01:30:51]   rollout step 52 task 1/4 gen 1/4 turn 3/8 valid=True db -21.94->-30.08
[01:30:51] trajectory done: step 52 task 1/4 gen 1/4 turns=3 reason=goal_met reward=16.198  [817/960 trajectories overall]
[01:31:00]   rollout step 52 task 1/4 gen 2/4 turn 1/8 valid=True db -13.88->-14.39
[01:31:08]   rollout step 52 task 1/4 gen 2/4 turn 2/8 valid=True db -14.39->-21.11
[01:31:16]   rollout step 52 task 1/4 gen 2/4 turn 3/8 valid=True db -21.11->-21.54
[01:31:27]   rollout step 52 task 1/4 gen 2/4 turn 4/8 valid=True db -21.54->-21.92
[01:31:35]   rollout step 52 task 1/4 gen 2/4 turn 5/8 valid=True db -21.92->-24.36
[01:31:42]   rollout step 52 task 1/4 gen 2/4 turn 6/8 valid=True db -24.36->-8.26
[01:31:54]   rollout step 52 task 1/4 gen 2/4 turn 7/8 valid=True db -8.26->-22.55
[01:32:05]   rollout step 52 task 1/4 gen 2/4 turn 8/8 valid=True db -22.55->-9.02
[01:32:05] trajectory done: step 52 task 1/4 gen 2/4 turns=8 reason=patience reward=5.875  [818/960 trajectories overall]
[01:32:12]   rollout step 52 task 1/4 gen 3/4 turn 1/8 valid=True db -13.88->-13.82
[01:32:20]   rollout step 52 task 1/4 gen 3/4 turn 2/8 valid=True db -13.82->-8.99
[01:32:26]   rollout step 52 task 1/4 gen 3/4 turn 3/8 valid=True db -8.99->-8.98
[01:32:26] trajectory done: step 52 task 1/4 gen 3/4 turns=3 reason=patience reward=-1.469  [819/960 trajectories overall]
[01:32:31]   rollout step 52 task 1/4 gen 4/4 turn 1/8 valid=True db -13.88->-18.38
[01:32:36]   rollout step 52 task 1/4 gen 4/4 turn 2/8 valid=True db -18.38->-15.77
[01:32:42]   rollout step 52 task 1/4 gen 4/4 turn 3/8 valid=True db -15.77->-18.21
[01:32:49]   rollout step 52 task 1/4 gen 4/4 turn 4/8 valid=True db -18.21->-15.94
[01:32:49] trajectory done: step 52 task 1/4 gen 4/4 turns=4 reason=patience reward=3.767  [820/960 trajectories overall]
[01:32:56]   rollout step 52 task 2/4 gen 1/4 turn 1/8 valid=True db -18.07->-18.23
[01:33:02]   rollout step 52 task 2/4 gen 1/4 turn 2/8 valid=True db -18.23->-18.22
[01:33:08]   rollout step 52 task 2/4 gen 1/4 turn 3/8 valid=True db -18.22->-17.71
[01:33:08] trajectory done: step 52 task 2/4 gen 1/4 turns=3 reason=patience reward=-0.002  [821/960 trajectories overall]
[01:33:19]   rollout step 52 task 2/4 gen 2/4 turn 1/8 valid=True db -18.07->-19.55
[01:33:24]   rollout step 52 task 2/4 gen 2/4 turn 2/8 valid=True db -19.55->-17.25
[01:33:27]   rollout step 52 task 2/4 gen 2/4 turn 3/8 valid=True db -17.25->-17.25
[01:33:27] trajectory done: step 52 task 2/4 gen 2/4 turns=3 reason=stop reward=0.783  [822/960 trajectories overall]
[01:33:34]   rollout step 52 task 2/4 gen 3/4 turn 1/8 valid=True db -18.07->-18.20
[01:33:40]   rollout step 52 task 2/4 gen 3/4 turn 2/8 valid=True db -18.20->-18.08
[01:33:45]   rollout step 52 task 2/4 gen 3/4 turn 3/8 valid=True db -18.08->-18.19
[01:33:45] trajectory done: step 52 task 2/4 gen 3/4 turns=3 reason=patience reward=0.119  [823/960 trajectories overall]
[01:33:51]   rollout step 52 task 2/4 gen 4/4 turn 1/8 valid=True db -18.07->-16.68
[01:33:58]   rollout step 52 task 2/4 gen 4/4 turn 2/8 valid=True db -16.68->-18.46
[01:34:05]   rollout step 52 task 2/4 gen 4/4 turn 3/8 valid=True db -18.46->-18.21
[01:34:11]   rollout step 52 task 2/4 gen 4/4 turn 4/8 valid=True db -18.21->-5.20
[01:34:20]   rollout step 52 task 2/4 gen 4/4 turn 5/8 valid=True db -5.20->-16.87
[01:34:20] trajectory done: step 52 task 2/4 gen 4/4 turns=5 reason=patience reward=-0.091  [824/960 trajectories overall]
[01:34:28]   rollout step 52 task 3/4 gen 1/4 turn 1/8 valid=True db -11.30->-12.05
[01:34:34]   rollout step 52 task 3/4 gen 1/4 turn 2/8 valid=True db -12.05->-19.09
[01:34:39]   rollout step 52 task 3/4 gen 1/4 turn 3/8 valid=True db -19.09->-16.03
[01:34:45]   rollout step 52 task 3/4 gen 1/4 turn 4/8 valid=True db -16.03->-20.14
[01:34:54]   rollout step 52 task 3/4 gen 1/4 turn 5/8 valid=True db -20.14->-13.11
[01:34:59]   rollout step 52 task 3/4 gen 1/4 turn 6/8 valid=True db -13.11->-19.23
[01:35:05]   rollout step 52 task 3/4 gen 1/4 turn 7/8 valid=True db -19.23->-23.05
[01:35:12]   rollout step 52 task 3/4 gen 1/4 turn 8/8 valid=True db -23.05->-8.37
[01:35:12] trajectory done: step 52 task 3/4 gen 1/4 turns=8 reason=max_turns reward=7.347  [825/960 trajectories overall]
[01:35:22]   rollout step 52 task 3/4 gen 2/4 turn 1/8 valid=False db -11.30->-11.30
[01:35:28]   rollout step 52 task 3/4 gen 2/4 turn 2/8 valid=True db -11.30->-11.52
[01:35:37]   rollout step 52 task 3/4 gen 2/4 turn 3/8 valid=True db -11.52->-17.57
[01:35:46]   rollout step 52 task 3/4 gen 2/4 turn 4/8 valid=True db -17.57->-17.88
[01:35:53]   rollout step 52 task 3/4 gen 2/4 turn 5/8 valid=True db -17.88->-21.18
[01:35:59]   rollout step 52 task 3/4 gen 2/4 turn 6/8 valid=False db -21.18->-21.18
[01:36:06]   rollout step 52 task 3/4 gen 2/4 turn 7/8 valid=True db -21.18->-21.07
[01:36:11]   rollout step 52 task 3/4 gen 2/4 turn 8/8 valid=True db -21.07->-20.65
[01:36:11] trajectory done: step 52 task 3/4 gen 2/4 turns=8 reason=patience reward=9.718  [826/960 trajectories overall]
[01:36:20]   rollout step 52 task 3/4 gen 3/4 turn 1/8 valid=True db -11.30->-19.32
[01:36:25]   rollout step 52 task 3/4 gen 3/4 turn 2/8 valid=True db -19.32->-12.65
[01:36:31]   rollout step 52 task 3/4 gen 3/4 turn 3/8 valid=True db -12.65->-12.65
[01:36:31] trajectory done: step 52 task 3/4 gen 3/4 turns=3 reason=stop reward=6.020  [827/960 trajectories overall]
[01:36:39]   rollout step 52 task 3/4 gen 4/4 turn 1/8 valid=True db -11.30->-11.55
[01:36:45]   rollout step 52 task 3/4 gen 4/4 turn 2/8 valid=True db -11.55->-10.35
[01:36:51]   rollout step 52 task 3/4 gen 4/4 turn 3/8 valid=True db -10.35->-10.58
[01:36:57]   rollout step 52 task 3/4 gen 4/4 turn 4/8 valid=True db -10.58->-9.59
[01:36:57] trajectory done: step 52 task 3/4 gen 4/4 turns=4 reason=patience reward=-0.339  [828/960 trajectories overall]
[01:37:06]   rollout step 52 task 4/4 gen 1/4 turn 1/8 valid=True db -11.34->-14.00
[01:37:12]   rollout step 52 task 4/4 gen 1/4 turn 2/8 valid=True db -14.00->-23.77
[01:37:17]   rollout step 52 task 4/4 gen 1/4 turn 3/8 valid=True db -23.77->-10.70
[01:37:25]   rollout step 52 task 4/4 gen 1/4 turn 4/8 valid=True db -10.70->-17.98
[01:37:30]   rollout step 52 task 4/4 gen 1/4 turn 5/8 valid=True db -17.98->-5.71
[01:37:30] trajectory done: step 52 task 4/4 gen 1/4 turns=5 reason=patience reward=7.020  [829/960 trajectories overall]
[01:37:36]   rollout step 52 task 4/4 gen 2/4 turn 1/8 valid=True db -11.34->-13.18
[01:37:45]   rollout step 52 task 4/4 gen 2/4 turn 2/8 valid=True db -13.18->-9.09
[01:37:55]   rollout step 52 task 4/4 gen 2/4 turn 3/8 valid=True db -9.09->-6.91
[01:38:03]   rollout step 52 task 4/4 gen 2/4 turn 4/8 valid=True db -6.91->-7.33
[01:38:03] trajectory done: step 52 task 4/4 gen 2/4 turns=4 reason=patience reward=0.090  [830/960 trajectories overall]
[01:38:10]   rollout step 52 task 4/4 gen 3/4 turn 1/8 valid=True db -11.34->-14.00
[01:38:21]   rollout step 52 task 4/4 gen 3/4 turn 2/8 valid=True db -14.00->-14.35
[01:38:31]   rollout step 52 task 4/4 gen 3/4 turn 3/8 valid=True db -14.35->-15.10
[01:38:40]   rollout step 52 task 4/4 gen 3/4 turn 4/8 valid=True db -15.10->-14.91
[01:38:46]   rollout step 52 task 4/4 gen 3/4 turn 5/8 valid=True db -14.91->-13.25
[01:38:50]   rollout step 52 task 4/4 gen 3/4 turn 6/8 valid=True db -13.25->-13.25
[01:38:50] trajectory done: step 52 task 4/4 gen 3/4 turns=6 reason=stop reward=3.206  [831/960 trajectories overall]
[01:38:57]   rollout step 52 task 4/4 gen 4/4 turn 1/8 valid=True db -11.34->-11.46
[01:39:01]   rollout step 52 task 4/4 gen 4/4 turn 2/8 valid=True db -11.46->-11.41
[01:39:09]   rollout step 52 task 4/4 gen 4/4 turn 3/8 valid=True db -11.41->-8.10
[01:39:09] trajectory done: step 52 task 4/4 gen 4/4 turns=3 reason=patience reward=-0.889  [832/960 trajectories overall]
[01:39:16]   gradient pass 20/73 turns backpropagated
[01:39:22]   gradient pass 40/73 turns backpropagated
[01:39:29]   gradient pass 60/73 turns backpropagated
[01:39:33]   gradient pass 73/73 turns backpropagated
[01:39:33] step 52/60 loss=2.51775 reward_mean=3.585 reward_std=4.700 turns_mean=4.6 goal_met=1/16 stop=3 patience=11
[01:39:41]   rollout step 53 task 1/4 gen 1/4 turn 1/8 valid=True db -22.26->-25.99
[01:39:46]   rollout step 53 task 1/4 gen 1/4 turn 2/8 valid=True db -25.99->-7.57
[01:39:52]   rollout step 53 task 1/4 gen 1/4 turn 3/8 valid=True db -7.57->-1.17
[01:39:57]   rollout step 53 task 1/4 gen 1/4 turn 4/8 valid=True db -1.17->-1.17
[01:39:57] trajectory done: step 53 task 1/4 gen 1/4 turns=4 reason=stop reward=-3.720  [833/960 trajectories overall]
[01:40:04]   rollout step 53 task 1/4 gen 2/4 turn 1/8 valid=True db -22.26->-25.98
[01:40:11]   rollout step 53 task 1/4 gen 2/4 turn 2/8 valid=True db -25.98->-24.30
[01:40:15]   rollout step 53 task 1/4 gen 2/4 turn 3/8 valid=True db -24.30->-28.22
[01:40:21]   rollout step 53 task 1/4 gen 2/4 turn 4/8 valid=True db -28.22->-10.99
[01:40:27]   rollout step 53 task 1/4 gen 2/4 turn 5/8 valid=True db -10.99->-10.99
[01:40:27] trajectory done: step 53 task 1/4 gen 2/4 turns=5 reason=stop reward=0.790  [834/960 trajectories overall]
[01:40:33]   rollout step 53 task 1/4 gen 3/4 turn 1/8 valid=True db -22.26->-25.99
[01:40:39]   rollout step 53 task 1/4 gen 3/4 turn 2/8 valid=True db -25.99->-7.57
[01:40:44]   rollout step 53 task 1/4 gen 3/4 turn 3/8 valid=True db -7.57->-23.97
[01:40:50]   rollout step 53 task 1/4 gen 3/4 turn 4/8 valid=True db -23.97->-8.52
[01:40:50] trajectory done: step 53 task 1/4 gen 3/4 turns=4 reason=patience reward=-1.516  [835/960 trajectories overall]
[01:40:56]   rollout step 53 task 1/4 gen 4/4 turn 1/8 valid=True db -22.26->-19.78
[01:41:05]   rollout step 53 task 1/4 gen 4/4 turn 2/8 valid=True db -19.78->-22.81
[01:41:10]   rollout step 53 task 1/4 gen 4/4 turn 3/8 valid=True db -22.81->-15.12
[01:41:16]   rollout step 53 task 1/4 gen 4/4 turn 4/8 valid=True db -15.12->-15.12
[01:41:16] trajectory done: step 53 task 1/4 gen 4/4 turns=4 reason=stop reward=-1.757  [836/960 trajectories overall]
[01:41:25]   rollout step 53 task 2/4 gen 1/4 turn 1/8 valid=True db -5.52->-5.22
[01:41:30]   rollout step 53 task 2/4 gen 1/4 turn 2/8 valid=True db -5.22->-4.96
[01:41:35]   rollout step 53 task 2/4 gen 1/4 turn 3/8 valid=True db -4.96->-5.20
[01:41:35] trajectory done: step 53 task 2/4 gen 1/4 turns=3 reason=patience reward=-0.095  [837/960 trajectories overall]
[01:41:43]   rollout step 53 task 2/4 gen 2/4 turn 1/8 valid=True db -5.52->-4.72
[01:41:52]   rollout step 53 task 2/4 gen 2/4 turn 2/8 valid=True db -4.72->-6.02
[01:41:59]   rollout step 53 task 2/4 gen 2/4 turn 3/8 valid=False db -6.02->-6.02
[01:42:08]   rollout step 53 task 2/4 gen 2/4 turn 4/8 valid=True db -6.02->-4.82
[01:42:16]   rollout step 53 task 2/4 gen 2/4 turn 5/8 valid=True db -4.82->-6.05
[01:42:16] trajectory done: step 53 task 2/4 gen 2/4 turns=5 reason=patience reward=0.527  [838/960 trajectories overall]
[01:42:25]   rollout step 53 task 2/4 gen 3/4 turn 1/8 valid=True db -5.52->-5.55
[01:42:32]   rollout step 53 task 2/4 gen 3/4 turn 2/8 valid=True db -5.55->-4.80
[01:42:37]   rollout step 53 task 2/4 gen 3/4 turn 3/8 valid=True db -4.80->-5.00
[01:42:37] trajectory done: step 53 task 2/4 gen 3/4 turns=3 reason=patience reward=-0.132  [839/960 trajectories overall]
[01:42:46]   rollout step 53 task 2/4 gen 4/4 turn 1/8 valid=True db -5.52->-5.80
[01:42:52]   rollout step 53 task 2/4 gen 4/4 turn 2/8 valid=True db -5.80->-6.43
[01:42:57]   rollout step 53 task 2/4 gen 4/4 turn 3/8 valid=True db -6.43->-8.77
[01:43:02]   rollout step 53 task 2/4 gen 4/4 turn 4/8 valid=True db -8.77->-6.83
[01:43:07]   rollout step 53 task 2/4 gen 4/4 turn 5/8 valid=True db -6.83->-5.78
[01:43:12]   rollout step 53 task 2/4 gen 4/4 turn 6/8 valid=True db -5.78->-6.75
[01:43:12] trajectory done: step 53 task 2/4 gen 4/4 turns=6 reason=patience reward=2.646  [840/960 trajectories overall]
[01:43:19]   rollout step 53 task 3/4 gen 1/4 turn 1/8 valid=True db -13.28->-13.88
[01:43:27]   rollout step 53 task 3/4 gen 1/4 turn 2/8 valid=True db -13.88->-14.32
[01:43:33]   rollout step 53 task 3/4 gen 1/4 turn 3/8 valid=True db -14.32->-14.63
[01:43:41]   rollout step 53 task 3/4 gen 1/4 turn 4/8 valid=True db -14.63->-14.72
[01:43:46]   rollout step 53 task 3/4 gen 1/4 turn 5/8 valid=True db -14.72->-9.48
[01:43:51]   rollout step 53 task 3/4 gen 1/4 turn 6/8 valid=True db -9.48->-15.70
[01:43:57]   rollout step 53 task 3/4 gen 1/4 turn 7/8 valid=True db -15.70->-9.96
[01:44:03]   rollout step 53 task 3/4 gen 1/4 turn 8/8 valid=True db -9.96->-15.30
[01:44:03] trajectory done: step 53 task 3/4 gen 1/4 turns=8 reason=max_turns reward=2.302  [841/960 trajectories overall]
[01:44:11]   rollout step 53 task 3/4 gen 2/4 turn 1/8 valid=True db -13.28->-13.65
[01:44:21]   rollout step 53 task 3/4 gen 2/4 turn 2/8 valid=True db -13.65->-13.55
[01:44:26]   rollout step 53 task 3/4 gen 2/4 turn 3/8 valid=True db -13.55->-13.64
[01:44:32]   rollout step 53 task 3/4 gen 2/4 turn 4/8 valid=True db -13.64->-13.28
[01:44:32] trajectory done: step 53 task 3/4 gen 2/4 turns=4 reason=patience reward=0.265  [842/960 trajectories overall]
[01:44:38]   rollout step 53 task 3/4 gen 3/4 turn 1/8 valid=True db -13.28->-23.14
[01:44:45]   rollout step 53 task 3/4 gen 3/4 turn 2/8 valid=True db -23.14->-13.74
[01:44:52]   rollout step 53 task 3/4 gen 3/4 turn 3/8 valid=True db -13.74->-22.26
[01:44:59]   rollout step 53 task 3/4 gen 3/4 turn 4/8 valid=True db -22.26->-13.87
[01:44:59] trajectory done: step 53 task 3/4 gen 3/4 turns=4 reason=patience reward=7.087  [843/960 trajectories overall]
[01:45:05]   rollout step 53 task 3/4 gen 4/4 turn 1/8 valid=True db -13.28->-13.88
[01:45:10]   rollout step 53 task 3/4 gen 4/4 turn 2/8 valid=True db -13.88->-13.98
[01:45:15]   rollout step 53 task 3/4 gen 4/4 turn 3/8 valid=True db -13.98->-21.89
[01:45:22]   rollout step 53 task 3/4 gen 4/4 turn 4/8 valid=True db -21.89->-3.93
[01:45:30]   rollout step 53 task 3/4 gen 4/4 turn 5/8 valid=True db -3.93->-1.99
[01:45:37]   rollout step 53 task 3/4 gen 4/4 turn 6/8 valid=True db -1.99->-11.47
[01:45:37] trajectory done: step 53 task 3/4 gen 4/4 turns=6 reason=patience reward=5.484  [844/960 trajectories overall]
[01:45:45]   rollout step 53 task 4/4 gen 1/4 turn 1/8 valid=True db -8.75->-8.60
[01:45:50]   rollout step 53 task 4/4 gen 1/4 turn 2/8 valid=True db -8.60->-8.87
[01:45:55]   rollout step 53 task 4/4 gen 1/4 turn 3/8 valid=True db -8.87->-9.10
[01:46:02]   rollout step 53 task 4/4 gen 1/4 turn 4/8 valid=True db -9.10->-9.30
[01:46:09]   rollout step 53 task 4/4 gen 1/4 turn 5/8 valid=True db -9.30->-7.27
[01:46:15]   rollout step 53 task 4/4 gen 1/4 turn 6/8 valid=True db -7.27->-12.47
[01:46:21]   rollout step 53 task 4/4 gen 1/4 turn 7/8 valid=True db -12.47->-17.73
[01:46:28]   rollout step 53 task 4/4 gen 1/4 turn 8/8 valid=True db -17.73->-17.62
[01:46:28] trajectory done: step 53 task 4/4 gen 1/4 turns=8 reason=max_turns reward=8.945  [845/960 trajectories overall]
[01:46:37]   rollout step 53 task 4/4 gen 2/4 turn 1/8 valid=True db -8.75->-9.05
[01:46:45]   rollout step 53 task 4/4 gen 2/4 turn 2/8 valid=True db -9.05->-9.30
[01:46:53]   rollout step 53 task 4/4 gen 2/4 turn 3/8 valid=True db -9.30->-10.35
[01:47:00]   rollout step 53 task 4/4 gen 2/4 turn 4/8 valid=True db -10.35->-11.41
[01:47:13]   rollout step 53 task 4/4 gen 2/4 turn 5/8 valid=True db -11.41->-12.88
[01:47:22]   rollout step 53 task 4/4 gen 2/4 turn 6/8 valid=True db -12.88->-12.39
[01:47:29]   rollout step 53 task 4/4 gen 2/4 turn 7/8 valid=True db -12.39->-13.27
[01:47:35]   rollout step 53 task 4/4 gen 2/4 turn 8/8 valid=True db -13.27->-12.44
[01:47:35] trajectory done: step 53 task 4/4 gen 2/4 turns=8 reason=max_turns reward=4.267  [846/960 trajectories overall]
[01:47:41]   rollout step 53 task 4/4 gen 3/4 turn 1/8 valid=True db -8.75->-6.84
[01:47:48]   rollout step 53 task 4/4 gen 3/4 turn 2/8 valid=True db -6.84->-8.35
[01:47:57]   rollout step 53 task 4/4 gen 3/4 turn 3/8 valid=True db -8.35->-8.72
[01:47:57] trajectory done: step 53 task 4/4 gen 3/4 turns=3 reason=patience reward=-0.009  [847/960 trajectories overall]
[01:48:06]   rollout step 53 task 4/4 gen 4/4 turn 1/8 valid=True db -8.75->-8.60
[01:48:11]   rollout step 53 task 4/4 gen 4/4 turn 2/8 valid=True db -8.60->-8.87
[01:48:16]   rollout step 53 task 4/4 gen 4/4 turn 3/8 valid=True db -8.87->-8.72
[01:48:16] trajectory done: step 53 task 4/4 gen 4/4 turns=3 reason=patience reward=0.071  [848/960 trajectories overall]
[01:48:23]   gradient pass 20/78 turns backpropagated
[01:48:29]   gradient pass 40/78 turns backpropagated
[01:48:36]   gradient pass 60/78 turns backpropagated
[01:48:43]   gradient pass 78/78 turns backpropagated
[01:48:43] step 53/60 loss=1.58465 reward_mean=1.572 reward_std=3.274 turns_mean=4.9 goal_met=0/16 stop=3 patience=10
[01:48:53]   rollout step 54 task 1/4 gen 1/4 turn 1/8 valid=True db -16.00->-16.68
[01:49:00]   rollout step 54 task 1/4 gen 1/4 turn 2/8 valid=True db -16.68->-23.35
[01:49:09]   rollout step 54 task 1/4 gen 1/4 turn 3/8 valid=True db -23.35->-5.07
[01:49:15]   rollout step 54 task 1/4 gen 1/4 turn 4/8 valid=True db -5.07->-0.85
[01:49:24]   rollout step 54 task 1/4 gen 1/4 turn 5/8 valid=True db -0.85->-5.82
[01:49:24] trajectory done: step 54 task 1/4 gen 1/4 turns=5 reason=patience reward=2.095  [849/960 trajectories overall]
[01:49:33]   rollout step 54 task 1/4 gen 2/4 turn 1/8 valid=True db -16.00->-16.28
[01:49:38]   rollout step 54 task 1/4 gen 2/4 turn 2/8 valid=False db -16.28->-16.28
[01:49:48]   rollout step 54 task 1/4 gen 2/4 turn 3/8 valid=True db -16.28->-16.04
[01:49:55]   rollout step 54 task 1/4 gen 2/4 turn 4/8 valid=True db -16.04->-16.26
[01:49:55] trajectory done: step 54 task 1/4 gen 2/4 turns=4 reason=patience reward=0.275  [850/960 trajectories overall]
[01:50:05]   rollout step 54 task 1/4 gen 3/4 turn 1/8 valid=True db -16.00->-16.31
[01:50:13]   rollout step 54 task 1/4 gen 3/4 turn 2/8 valid=False db -16.31->-16.31
[01:50:23]   rollout step 54 task 1/4 gen 3/4 turn 3/8 valid=True db -16.31->-10.74
[01:50:30]   rollout step 54 task 1/4 gen 3/4 turn 4/8 valid=True db -10.74->-11.10
[01:50:30] trajectory done: step 54 task 1/4 gen 3/4 turns=4 reason=patience reward=-1.250  [851/960 trajectories overall]
[01:50:38]   rollout step 54 task 1/4 gen 4/4 turn 1/8 valid=True db -16.00->-20.53
[01:50:43]   rollout step 54 task 1/4 gen 4/4 turn 2/8 valid=True db -20.53->-3.76
[01:50:48]   rollout step 54 task 1/4 gen 4/4 turn 3/8 valid=True db -3.76->-18.40
[01:50:57]   rollout step 54 task 1/4 gen 4/4 turn 4/8 valid=True db -18.40->-4.39
[01:50:57] trajectory done: step 54 task 1/4 gen 4/4 turns=4 reason=patience reward=-0.311  [852/960 trajectories overall]
[01:51:05]   rollout step 54 task 2/4 gen 1/4 turn 1/8 valid=True db -10.03->-22.44
[01:51:11]   rollout step 54 task 2/4 gen 1/4 turn 2/8 valid=True db -22.44->-3.74
[01:51:20]   rollout step 54 task 2/4 gen 1/4 turn 3/8 valid=True db -3.74->-6.62
[01:51:26]   rollout step 54 task 2/4 gen 1/4 turn 4/8 valid=True db -6.62->-0.25
[01:51:26] trajectory done: step 54 task 2/4 gen 1/4 turns=4 reason=patience reward=5.749  [853/960 trajectories overall]
[01:51:33]   rollout step 54 task 2/4 gen 2/4 turn 1/8 valid=True db -10.03->-18.14
[01:51:39]   rollout step 54 task 2/4 gen 2/4 turn 2/8 valid=True db -18.14->-11.03
[01:51:44]   rollout step 54 task 2/4 gen 2/4 turn 3/8 valid=True db -11.03->-17.61
[01:51:51]   rollout step 54 task 2/4 gen 2/4 turn 4/8 valid=True db -17.61->-11.85
[01:51:51] trajectory done: step 54 task 2/4 gen 2/4 turns=4 reason=patience reward=6.221  [854/960 trajectories overall]
[01:51:57]   rollout step 54 task 2/4 gen 3/4 turn 1/8 valid=True db -10.03->-10.45
[01:52:06]   rollout step 54 task 2/4 gen 3/4 turn 2/8 valid=True db -10.45->-10.06
[01:52:11]   rollout step 54 task 2/4 gen 3/4 turn 3/8 valid=True db -10.06->-10.43
[01:52:18]   rollout step 54 task 2/4 gen 3/4 turn 4/8 valid=True db -10.43->-8.77
[01:52:18] trajectory done: step 54 task 2/4 gen 3/4 turns=4 reason=patience reward=-0.083  [855/960 trajectories overall]
[01:52:27]   rollout step 54 task 2/4 gen 4/4 turn 1/8 valid=True db -10.03->-10.45
[01:52:33]   rollout step 54 task 2/4 gen 4/4 turn 2/8 valid=True db -10.45->-20.17
[01:52:40]   rollout step 54 task 2/4 gen 4/4 turn 3/8 valid=False db -20.17->-20.17
[01:52:46]   rollout step 54 task 2/4 gen 4/4 turn 4/8 valid=True db -20.17->-7.37
[01:52:51]   rollout step 54 task 2/4 gen 4/4 turn 5/8 valid=True db -7.37->-22.25
[01:52:56]   rollout step 54 task 2/4 gen 4/4 turn 6/8 valid=True db -22.25->-22.56
[01:53:01]   rollout step 54 task 2/4 gen 4/4 turn 7/8 valid=True db -22.56->-22.85
[01:53:07]   rollout step 54 task 2/4 gen 4/4 turn 8/8 valid=True db -22.85->-11.59
[01:53:07] trajectory done: step 54 task 2/4 gen 4/4 turns=8 reason=max_turns reward=9.437  [856/960 trajectories overall]
[01:53:16]   rollout step 54 task 3/4 gen 1/4 turn 1/8 valid=True db -22.21->-3.87
[01:53:22]   rollout step 54 task 3/4 gen 1/4 turn 2/8 valid=True db -3.87->-5.82
[01:53:29]   rollout step 54 task 3/4 gen 1/4 turn 3/8 valid=True db -5.82->-0.30
[01:53:29] trajectory done: step 54 task 3/4 gen 1/4 turns=3 reason=patience reward=-6.574  [857/960 trajectories overall]
[01:53:38]   rollout step 54 task 3/4 gen 2/4 turn 1/8 valid=True db -22.21->-18.88
[01:53:42]   rollout step 54 task 3/4 gen 2/4 turn 2/8 valid=True db -18.88->-29.38
[01:53:46]   rollout step 54 task 3/4 gen 2/4 turn 3/8 valid=False db -29.38->-29.38
[01:53:52]   rollout step 54 task 3/4 gen 2/4 turn 4/8 valid=True db -29.38->-28.75
[01:53:57]   rollout step 54 task 3/4 gen 2/4 turn 5/8 valid=True db -28.75->-11.04
[01:53:57] trajectory done: step 54 task 3/4 gen 2/4 turns=5 reason=patience reward=1.667  [858/960 trajectories overall]
[01:54:05]   rollout step 54 task 3/4 gen 3/4 turn 1/8 valid=True db -22.21->-22.17
[01:54:12]   rollout step 54 task 3/4 gen 3/4 turn 2/8 valid=True db -22.17->-21.95
[01:54:17]   rollout step 54 task 3/4 gen 3/4 turn 3/8 valid=True db -21.95->-21.09
[01:54:17] trajectory done: step 54 task 3/4 gen 3/4 turns=3 reason=patience reward=-0.337  [859/960 trajectories overall]
[01:54:23]   rollout step 54 task 3/4 gen 4/4 turn 1/8 valid=True db -22.21->-22.17
[01:54:28]   rollout step 54 task 3/4 gen 4/4 turn 2/8 valid=True db -22.17->-22.10
[01:54:36]   rollout step 54 task 3/4 gen 4/4 turn 3/8 valid=True db -22.10->-21.95
[01:54:36] trajectory done: step 54 task 3/4 gen 4/4 turns=3 reason=patience reward=-0.078  [860/960 trajectories overall]
[01:54:42]   rollout step 54 task 4/4 gen 1/4 turn 1/8 valid=True db -12.27->-13.22
[01:54:49]   rollout step 54 task 4/4 gen 1/4 turn 2/8 valid=False db -13.22->-13.22
[01:54:59]   rollout step 54 task 4/4 gen 1/4 turn 3/8 valid=True db -13.22->-14.02
[01:55:10]   rollout step 54 task 4/4 gen 1/4 turn 4/8 valid=True db -14.02->-14.75
[01:55:16]   rollout step 54 task 4/4 gen 1/4 turn 5/8 valid=True db -14.75->-26.98
[01:55:24]   rollout step 54 task 4/4 gen 1/4 turn 6/8 valid=True db -26.98->-12.20
[01:55:29]   rollout step 54 task 4/4 gen 1/4 turn 7/8 valid=True db -12.20->-29.90
[01:55:35]   rollout step 54 task 4/4 gen 1/4 turn 8/8 valid=True db -29.90->-13.28
[01:55:35] trajectory done: step 54 task 4/4 gen 1/4 turns=8 reason=max_turns reward=12.638  [861/960 trajectories overall]
[01:55:42]   rollout step 54 task 4/4 gen 2/4 turn 1/8 valid=True db -12.27->-11.82
[01:55:47]   rollout step 54 task 4/4 gen 2/4 turn 2/8 valid=True db -11.82->-11.40
[01:55:51]   rollout step 54 task 4/4 gen 2/4 turn 3/8 valid=True db -11.40->-11.79
[01:55:51] trajectory done: step 54 task 4/4 gen 2/4 turns=3 reason=patience reward=-0.144  [862/960 trajectories overall]
[01:55:56]   rollout step 54 task 4/4 gen 3/4 turn 1/8 valid=True db -12.27->-13.22
[01:56:02]   rollout step 54 task 4/4 gen 3/4 turn 2/8 valid=True db -13.22->-46.85
[01:56:02] trajectory done: step 54 task 4/4 gen 3/4 turns=2 reason=goal_met reward=34.577  [863/960 trajectories overall]
[01:56:09]   rollout step 54 task 4/4 gen 4/4 turn 1/8 valid=True db -12.27->-29.29
[01:56:18]   rollout step 54 task 4/4 gen 4/4 turn 2/8 valid=True db -29.29->-31.67
[01:56:18] trajectory done: step 54 task 4/4 gen 4/4 turns=2 reason=goal_met reward=19.400  [864/960 trajectories overall]
[01:56:25]   gradient pass 20/66 turns backpropagated
[01:56:32]   gradient pass 40/66 turns backpropagated
[01:56:38]   gradient pass 60/66 turns backpropagated
[01:56:40]   gradient pass 66/66 turns backpropagated
[01:56:40] step 54/60 loss=0.09554 reward_mean=5.205 reward_std=9.719 turns_mean=4.1 goal_met=2/16 stop=0 patience=12
[01:56:49]   rollout step 55 task 1/4 gen 1/4 turn 1/8 valid=True db -17.33->-12.80
[01:56:56]   rollout step 55 task 1/4 gen 1/4 turn 2/8 valid=True db -12.80->-17.60
[01:57:04]   rollout step 55 task 1/4 gen 1/4 turn 3/8 valid=True db -17.60->-17.47
[01:57:10]   rollout step 55 task 1/4 gen 1/4 turn 4/8 valid=True db -17.47->-15.52
[01:57:17]   rollout step 55 task 1/4 gen 1/4 turn 5/8 valid=True db -15.52->-15.74
[01:57:17] trajectory done: step 55 task 1/4 gen 1/4 turns=5 reason=patience reward=-0.288  [865/960 trajectories overall]
[01:57:24]   rollout step 55 task 1/4 gen 2/4 turn 1/8 valid=True db -17.33->-18.79
[01:57:30]   rollout step 55 task 1/4 gen 2/4 turn 2/8 valid=True db -18.79->-19.26
[01:57:39]   rollout step 55 task 1/4 gen 2/4 turn 3/8 valid=True db -19.26->-16.00
[01:57:44]   rollout step 55 task 1/4 gen 2/4 turn 4/8 valid=True db -16.00->-15.06
[01:57:48]   rollout step 55 task 1/4 gen 2/4 turn 5/8 valid=True db -15.06->-15.06
[01:57:48] trajectory done: step 55 task 1/4 gen 2/4 turns=5 reason=stop reward=0.665  [866/960 trajectories overall]
[01:57:55]   rollout step 55 task 1/4 gen 3/4 turn 1/8 valid=True db -17.33->-24.13
[01:58:00]   rollout step 55 task 1/4 gen 3/4 turn 2/8 valid=True db -24.13->-24.72
[01:58:07]   rollout step 55 task 1/4 gen 3/4 turn 3/8 valid=True db -24.72->-24.24
[01:58:12]   rollout step 55 task 1/4 gen 3/4 turn 4/8 valid=True db -24.24->-25.63
[01:58:19]   rollout step 55 task 1/4 gen 3/4 turn 5/8 valid=True db -25.63->-26.09
[01:58:25]   rollout step 55 task 1/4 gen 3/4 turn 6/8 valid=True db -26.09->-26.51
[01:58:32]   rollout step 55 task 1/4 gen 3/4 turn 7/8 valid=True db -26.51->-26.89
[01:58:40]   rollout step 55 task 1/4 gen 3/4 turn 8/8 valid=True db -26.89->-27.22
[01:58:40] trajectory done: step 55 task 1/4 gen 3/4 turns=8 reason=max_turns reward=9.890  [867/960 trajectories overall]
[01:58:51]   rollout step 55 task 1/4 gen 4/4 turn 1/8 valid=True db -17.33->-17.95
[01:59:01]   rollout step 55 task 1/4 gen 4/4 turn 2/8 valid=True db -17.95->-14.99
[01:59:07]   rollout step 55 task 1/4 gen 4/4 turn 3/8 valid=True db -14.99->-12.59
[01:59:12]   rollout step 55 task 1/4 gen 4/4 turn 4/8 valid=True db -12.59->-12.95
[01:59:12] trajectory done: step 55 task 1/4 gen 4/4 turns=4 reason=patience reward=-0.885  [868/960 trajectories overall]
[01:59:21]   rollout step 55 task 2/4 gen 1/4 turn 1/8 valid=True db -14.91->-11.68
[01:59:29]   rollout step 55 task 2/4 gen 1/4 turn 2/8 valid=True db -11.68->-15.84
[01:59:35]   rollout step 55 task 2/4 gen 1/4 turn 3/8 valid=True db -15.84->-27.59
[01:59:42]   rollout step 55 task 2/4 gen 1/4 turn 4/8 valid=True db -27.59->-27.02
[01:59:51]   rollout step 55 task 2/4 gen 1/4 turn 5/8 valid=True db -27.02->-14.71
[01:59:58]   rollout step 55 task 2/4 gen 1/4 turn 6/8 valid=True db -14.71->-29.44
[02:00:04]   rollout step 55 task 2/4 gen 1/4 turn 7/8 valid=True db -29.44->-27.32
[02:00:10]   rollout step 55 task 2/4 gen 1/4 turn 8/8 valid=True db -27.32->-29.28
[02:00:10] trajectory done: step 55 task 2/4 gen 1/4 turns=8 reason=max_turns reward=14.486  [869/960 trajectories overall]
[02:00:16]   rollout step 55 task 2/4 gen 2/4 turn 1/8 valid=True db -14.91->-58.44
[02:00:16] trajectory done: step 55 task 2/4 gen 2/4 turns=1 reason=goal_met reward=40.000  [870/960 trajectories overall]
[02:00:25]   rollout step 55 task 2/4 gen 3/4 turn 1/8 valid=True db -14.91->-22.70
[02:00:35]   rollout step 55 task 2/4 gen 3/4 turn 2/8 valid=True db -22.70->-15.43
[02:00:44]   rollout step 55 task 2/4 gen 3/4 turn 3/8 valid=True db -15.43->-22.18
[02:00:51]   rollout step 55 task 2/4 gen 3/4 turn 4/8 valid=True db -22.18->-32.73
[02:00:51] trajectory done: step 55 task 2/4 gen 3/4 turns=4 reason=goal_met reward=17.829  [871/960 trajectories overall]
[02:00:59]   rollout step 55 task 2/4 gen 4/4 turn 1/8 valid=True db -14.91->-15.60
[02:01:07]   rollout step 55 task 2/4 gen 4/4 turn 2/8 valid=True db -15.60->-16.25
[02:01:13]   rollout step 55 task 2/4 gen 4/4 turn 3/8 valid=True db -16.25->-19.25
[02:01:22]   rollout step 55 task 2/4 gen 4/4 turn 4/8 valid=True db -19.25->-19.25
[02:01:32]   rollout step 55 task 2/4 gen 4/4 turn 5/8 valid=True db -19.25->-15.89
[02:01:40]   rollout step 55 task 2/4 gen 4/4 turn 6/8 valid=True db -15.89->-20.92
[02:01:47]   rollout step 55 task 2/4 gen 4/4 turn 7/8 valid=True db -20.92->-30.90
[02:01:47] trajectory done: step 55 task 2/4 gen 4/4 turns=7 reason=goal_met reward=15.993  [872/960 trajectories overall]
[02:01:56]   rollout step 55 task 3/4 gen 1/4 turn 1/8 valid=False db -11.65->-11.65
[02:02:05]   rollout step 55 task 3/4 gen 1/4 turn 2/8 valid=True db -11.65->-9.88
[02:02:11]   rollout step 55 task 3/4 gen 1/4 turn 3/8 valid=True db -9.88->-11.27
[02:02:11] trajectory done: step 55 task 3/4 gen 1/4 turns=3 reason=patience reward=-0.115  [873/960 trajectories overall]
[02:02:21]   rollout step 55 task 3/4 gen 2/4 turn 1/8 valid=True db -11.65->-8.02
[02:02:26]   rollout step 55 task 3/4 gen 2/4 turn 2/8 valid=True db -8.02->-7.03
[02:02:31]   rollout step 55 task 3/4 gen 2/4 turn 3/8 valid=True db -7.03->-5.81
[02:02:31] trajectory done: step 55 task 3/4 gen 2/4 turns=3 reason=patience reward=-1.752  [874/960 trajectories overall]
[02:02:39]   rollout step 55 task 3/4 gen 3/4 turn 1/8 valid=True db -11.65->-12.15
[02:02:45]   rollout step 55 task 3/4 gen 3/4 turn 2/8 valid=True db -12.15->-11.93
[02:02:50]   rollout step 55 task 3/4 gen 3/4 turn 3/8 valid=True db -11.93->-11.93
[02:02:50] trajectory done: step 55 task 3/4 gen 3/4 turns=3 reason=stop reward=0.431  [875/960 trajectories overall]
[02:02:59]   rollout step 55 task 3/4 gen 4/4 turn 1/8 valid=True db -11.65->-11.43
[02:03:10]   rollout step 55 task 3/4 gen 4/4 turn 2/8 valid=True db -11.43->-5.82
[02:03:17]   rollout step 55 task 3/4 gen 4/4 turn 3/8 valid=True db -5.82->-3.68
[02:03:17] trajectory done: step 55 task 3/4 gen 4/4 turns=3 reason=patience reward=-2.394  [876/960 trajectories overall]
[02:03:24]   rollout step 55 task 4/4 gen 1/4 turn 1/8 valid=True db -22.09->-20.65
[02:03:30]   rollout step 55 task 4/4 gen 1/4 turn 2/8 valid=True db -20.65->-19.52
[02:03:35]   rollout step 55 task 4/4 gen 1/4 turn 3/8 valid=True db -19.52->-19.69
[02:03:35] trajectory done: step 55 task 4/4 gen 1/4 turns=3 reason=patience reward=-0.719  [877/960 trajectories overall]
[02:03:42]   rollout step 55 task 4/4 gen 2/4 turn 1/8 valid=True db -22.09->-22.81
[02:03:47]   rollout step 55 task 4/4 gen 2/4 turn 2/8 valid=True db -22.81->-17.09
[02:03:53]   rollout step 55 task 4/4 gen 2/4 turn 3/8 valid=True db -17.09->-17.29
[02:04:02]   rollout step 55 task 4/4 gen 2/4 turn 4/8 valid=True db -17.29->-5.42
[02:04:02] trajectory done: step 55 task 4/4 gen 2/4 turns=4 reason=patience reward=-4.495  [878/960 trajectories overall]
[02:04:08]   rollout step 55 task 4/4 gen 3/4 turn 1/8 valid=True db -22.09->-21.37
[02:04:15]   rollout step 55 task 4/4 gen 3/4 turn 2/8 valid=True db -21.37->-20.69
[02:04:23]   rollout step 55 task 4/4 gen 3/4 turn 3/8 valid=True db -20.69->-20.06
[02:04:23] trajectory done: step 55 task 4/4 gen 3/4 turns=3 reason=patience reward=-0.608  [879/960 trajectories overall]
[02:04:30]   rollout step 55 task 4/4 gen 4/4 turn 1/8 valid=True db -22.09->-22.36
[02:04:37]   rollout step 55 task 4/4 gen 4/4 turn 2/8 valid=True db -22.36->-26.88
[02:04:44]   rollout step 55 task 4/4 gen 4/4 turn 3/8 valid=True db -26.88->-27.17
[02:04:55]   rollout step 55 task 4/4 gen 4/4 turn 4/8 valid=True db -27.17->-27.73
[02:05:04]   rollout step 55 task 4/4 gen 4/4 turn 5/8 valid=True db -27.73->-28.24
[02:05:13]   rollout step 55 task 4/4 gen 4/4 turn 6/8 valid=True db -28.24->-25.84
[02:05:19]   rollout step 55 task 4/4 gen 4/4 turn 7/8 valid=True db -25.84->-26.28
[02:05:25]   rollout step 55 task 4/4 gen 4/4 turn 8/8 valid=True db -26.28->-26.70
[02:05:25] trajectory done: step 55 task 4/4 gen 4/4 turns=8 reason=patience reward=5.686  [880/960 trajectories overall]
[02:05:32]   gradient pass 20/72 turns backpropagated
[02:05:39]   gradient pass 40/72 turns backpropagated
[02:05:46]   gradient pass 60/72 turns backpropagated
[02:05:50]   gradient pass 72/72 turns backpropagated
[02:05:50] step 55/60 loss=-1.24799 reward_mean=5.858 reward_std=11.169 turns_mean=4.5 goal_met=3/16 stop=2 patience=9
[02:05:51] saved checkpoint to /home/yue1guo2/workspace/qucs-llm-optimizer/outputs/2026-09-09-1810-multiturn-nightly-4x4x60/checkpoint-55
[02:05:58]   rollout step 56 task 1/4 gen 1/4 turn 1/8 valid=True db -11.19->-11.36
[02:06:04]   rollout step 56 task 1/4 gen 1/4 turn 2/8 valid=True db -11.36->-11.50
[02:06:13]   rollout step 56 task 1/4 gen 1/4 turn 3/8 valid=False db -11.50->-11.50
[02:06:21]   rollout step 56 task 1/4 gen 1/4 turn 4/8 valid=True db -11.50->-26.76
[02:06:31]   rollout step 56 task 1/4 gen 1/4 turn 5/8 valid=True db -26.76->-34.62
[02:06:31] trajectory done: step 56 task 1/4 gen 1/4 turns=5 reason=goal_met reward=23.430  [881/960 trajectories overall]
[02:06:44]   rollout step 56 task 1/4 gen 2/4 turn 1/8 valid=True db -11.19->-10.57
[02:06:52]   rollout step 56 task 1/4 gen 2/4 turn 2/8 valid=True db -10.57->-12.86
[02:06:58]   rollout step 56 task 1/4 gen 2/4 turn 3/8 valid=True db -12.86->-39.47
[02:06:58] trajectory done: step 56 task 1/4 gen 2/4 turns=3 reason=goal_met reward=28.285  [882/960 trajectories overall]
[02:07:04]   rollout step 56 task 1/4 gen 3/4 turn 1/8 valid=True db -11.19->-7.82
[02:07:11]   rollout step 56 task 1/4 gen 3/4 turn 2/8 valid=True db -7.82->-7.42
[02:07:16]   rollout step 56 task 1/4 gen 3/4 turn 3/8 valid=True db -7.42->-6.56
[02:07:16] trajectory done: step 56 task 1/4 gen 3/4 turns=3 reason=patience reward=-1.388  [883/960 trajectories overall]
[02:07:24]   rollout step 56 task 1/4 gen 4/4 turn 1/8 valid=True db -11.19->-26.85
[02:07:31]   rollout step 56 task 1/4 gen 4/4 turn 2/8 valid=True db -26.85->-2.44
[02:07:38]   rollout step 56 task 1/4 gen 4/4 turn 3/8 valid=True db -2.44->-22.01
[02:07:45]   rollout step 56 task 1/4 gen 4/4 turn 4/8 valid=True db -22.01->-3.02
[02:07:45] trajectory done: step 56 task 1/4 gen 4/4 turns=4 reason=patience reward=8.513  [884/960 trajectories overall]
[02:07:52]   rollout step 56 task 2/4 gen 1/4 turn 1/8 valid=True db -10.74->-10.96
[02:07:58]   rollout step 56 task 2/4 gen 1/4 turn 2/8 valid=True db -10.96->-11.35
[02:08:07]   rollout step 56 task 2/4 gen 1/4 turn 3/8 valid=True db -11.35->-11.75
[02:08:19]   rollout step 56 task 2/4 gen 1/4 turn 4/8 valid=True db -11.75->-9.83
[02:08:25]   rollout step 56 task 2/4 gen 1/4 turn 5/8 valid=True db -9.83->-9.81
[02:08:32]   rollout step 56 task 2/4 gen 1/4 turn 6/8 valid=True db -9.81->-10.05
[02:08:32] trajectory done: step 56 task 2/4 gen 1/4 turns=6 reason=patience reward=0.498  [885/960 trajectories overall]
[02:08:38]   rollout step 56 task 2/4 gen 2/4 turn 1/8 valid=True db -10.74->-22.07
[02:08:43]   rollout step 56 task 2/4 gen 2/4 turn 2/8 valid=True db -22.07->-1.85
[02:08:53]   rollout step 56 task 2/4 gen 2/4 turn 3/8 valid=True db -1.85->-1.88
[02:09:01]   rollout step 56 task 2/4 gen 2/4 turn 4/8 valid=True db -1.88->-1.93
[02:09:01] trajectory done: step 56 task 2/4 gen 2/4 turns=4 reason=patience reward=5.290  [886/960 trajectories overall]
[02:09:09]   rollout step 56 task 2/4 gen 3/4 turn 1/8 valid=True db -10.74->-10.65
[02:09:16]   rollout step 56 task 2/4 gen 3/4 turn 2/8 valid=True db -10.65->-10.65
[02:09:21]   rollout step 56 task 2/4 gen 3/4 turn 3/8 valid=True db -10.65->-10.65
[02:09:21] trajectory done: step 56 task 2/4 gen 3/4 turns=3 reason=patience reward=-0.026  [887/960 trajectories overall]
[02:09:30]   rollout step 56 task 2/4 gen 4/4 turn 1/8 valid=True db -10.74->-21.34
[02:09:38]   rollout step 56 task 2/4 gen 4/4 turn 2/8 valid=True db -21.34->-1.88
[02:09:43]   rollout step 56 task 2/4 gen 4/4 turn 3/8 valid=True db -1.88->-22.70
[02:09:50]   rollout step 56 task 2/4 gen 4/4 turn 4/8 valid=True db -22.70->-2.33
[02:09:54]   rollout step 56 task 2/4 gen 4/4 turn 5/8 valid=True db -2.33->-18.88
[02:10:01]   rollout step 56 task 2/4 gen 4/4 turn 6/8 valid=True db -18.88->-12.37
[02:10:01] trajectory done: step 56 task 2/4 gen 4/4 turns=6 reason=patience reward=8.862  [888/960 trajectories overall]
[02:10:08]   rollout step 56 task 3/4 gen 1/4 turn 1/8 valid=True db -33.83->-34.40
[02:10:08] trajectory done: step 56 task 3/4 gen 1/4 turns=1 reason=goal_met reward=0.572  [889/960 trajectories overall]
[02:10:17]   rollout step 56 task 3/4 gen 2/4 turn 1/8 valid=True db -33.83->-25.92
[02:10:23]   rollout step 56 task 3/4 gen 2/4 turn 2/8 valid=True db -25.92->-29.89
[02:10:33]   rollout step 56 task 3/4 gen 2/4 turn 3/8 valid=True db -29.89->-26.49
[02:10:33] trajectory done: step 56 task 3/4 gen 2/4 turns=3 reason=patience reward=-2.200  [890/960 trajectories overall]
[02:10:41]   rollout step 56 task 3/4 gen 3/4 turn 1/8 valid=True db -33.83->-33.06
[02:10:41] trajectory done: step 56 task 3/4 gen 3/4 turns=1 reason=goal_met reward=-0.231  [891/960 trajectories overall]
[02:10:47]   rollout step 56 task 3/4 gen 4/4 turn 1/8 valid=True db -33.83->-18.17
[02:10:55]   rollout step 56 task 3/4 gen 4/4 turn 2/8 valid=True db -18.17->-17.37
[02:11:01]   rollout step 56 task 3/4 gen 4/4 turn 3/8 valid=True db -17.37->-18.25
[02:11:01] trajectory done: step 56 task 3/4 gen 4/4 turns=3 reason=patience reward=-4.675  [892/960 trajectories overall]
[02:11:07]   rollout step 56 task 4/4 gen 1/4 turn 1/8 valid=True db -24.91->-28.92
[02:11:12]   rollout step 56 task 4/4 gen 1/4 turn 2/8 valid=True db -28.92->-20.27
[02:11:17]   rollout step 56 task 4/4 gen 1/4 turn 3/8 valid=True db -20.27->-27.81
[02:11:29]   rollout step 56 task 4/4 gen 1/4 turn 4/8 valid=True db -27.81->-27.38
[02:11:29] trajectory done: step 56 task 4/4 gen 1/4 turns=4 reason=patience reward=3.556  [893/960 trajectories overall]
[02:11:38]   rollout step 56 task 4/4 gen 2/4 turn 1/8 valid=True db -24.91->-9.04
[02:11:45]   rollout step 56 task 4/4 gen 2/4 turn 2/8 valid=True db -9.04->-9.22
[02:11:50]   rollout step 56 task 4/4 gen 2/4 turn 3/8 valid=True db -9.22->-7.48
[02:11:50] trajectory done: step 56 task 4/4 gen 2/4 turns=3 reason=patience reward=-5.227  [894/960 trajectories overall]
[02:11:58]   rollout step 56 task 4/4 gen 3/4 turn 1/8 valid=True db -24.91->-25.62
[02:12:04]   rollout step 56 task 4/4 gen 3/4 turn 2/8 valid=True db -25.62->-14.25
[02:12:08]   rollout step 56 task 4/4 gen 3/4 turn 3/8 valid=True db -14.25->-24.46
[02:12:15]   rollout step 56 task 4/4 gen 3/4 turn 4/8 valid=True db -24.46->-34.99
[02:12:15] trajectory done: step 56 task 4/4 gen 3/4 turns=4 reason=goal_met reward=10.083  [895/960 trajectories overall]
[02:12:22]   rollout step 56 task 4/4 gen 4/4 turn 1/8 valid=True db -24.91->-25.62
[02:12:30]   rollout step 56 task 4/4 gen 4/4 turn 2/8 valid=True db -25.62->-14.25
[02:12:39]   rollout step 56 task 4/4 gen 4/4 turn 3/8 valid=True db -14.25->-18.94
[02:12:48]   rollout step 56 task 4/4 gen 4/4 turn 4/8 valid=True db -18.94->-15.05
[02:12:48] trajectory done: step 56 task 4/4 gen 4/4 turns=4 reason=patience reward=-2.458  [896/960 trajectories overall]
[02:12:55]   gradient pass 20/57 turns backpropagated
[02:13:01]   gradient pass 40/57 turns backpropagated
[02:13:06]   gradient pass 57/57 turns backpropagated
[02:13:06] step 56/60 loss=-0.73767 reward_mean=4.555 reward_std=9.263 turns_mean=3.6 goal_met=5/16 stop=0 patience=11
[02:13:13]   rollout step 57 task 1/4 gen 1/4 turn 1/8 valid=True db -9.54->-9.87
[02:13:23]   rollout step 57 task 1/4 gen 1/4 turn 2/8 valid=True db -9.87->-14.59
[02:13:30]   rollout step 57 task 1/4 gen 1/4 turn 3/8 valid=True db -14.59->-10.64
[02:13:35]   rollout step 57 task 1/4 gen 1/4 turn 4/8 valid=True db -10.64->-14.31
[02:13:43]   rollout step 57 task 1/4 gen 1/4 turn 5/8 valid=True db -14.31->-14.62
[02:13:43] trajectory done: step 57 task 1/4 gen 1/4 turns=5 reason=patience reward=5.076  [897/960 trajectories overall]
[02:13:53]   rollout step 57 task 1/4 gen 2/4 turn 1/8 valid=True db -9.54->-10.07
[02:13:58]   rollout step 57 task 1/4 gen 2/4 turn 2/8 valid=True db -10.07->-6.50
[02:14:05]   rollout step 57 task 1/4 gen 2/4 turn 3/8 valid=True db -6.50->-10.93
[02:14:10]   rollout step 57 task 1/4 gen 2/4 turn 4/8 valid=True db -10.93->-11.20
[02:14:17]   rollout step 57 task 1/4 gen 2/4 turn 5/8 valid=True db -11.20->-14.67
[02:14:27]   rollout step 57 task 1/4 gen 2/4 turn 6/8 valid=True db -14.67->-14.75
[02:14:35]   rollout step 57 task 1/4 gen 2/4 turn 7/8 valid=True db -14.75->-18.02
[02:14:45]   rollout step 57 task 1/4 gen 2/4 turn 8/8 valid=True db -18.02->-18.08
[02:14:45] trajectory done: step 57 task 1/4 gen 2/4 turns=8 reason=max_turns reward=8.540  [898/960 trajectories overall]
[02:14:51]   rollout step 57 task 1/4 gen 3/4 turn 1/8 valid=True db -9.54->-19.22
[02:14:56]   rollout step 57 task 1/4 gen 3/4 turn 2/8 valid=True db -19.22->-8.07
[02:15:02]   rollout step 57 task 1/4 gen 3/4 turn 3/8 valid=True db -8.07->-8.28
[02:15:10]   rollout step 57 task 1/4 gen 3/4 turn 4/8 valid=True db -8.28->-1.98
[02:15:10] trajectory done: step 57 task 1/4 gen 3/4 turns=4 reason=patience reward=4.507  [899/960 trajectories overall]
[02:15:20]   rollout step 57 task 1/4 gen 4/4 turn 1/8 valid=True db -9.54->-10.07
[02:15:30]   rollout step 57 task 1/4 gen 4/4 turn 2/8 valid=True db -10.07->-10.55
[02:15:37]   rollout step 57 task 1/4 gen 4/4 turn 3/8 valid=False db -10.55->-10.55
[02:15:48]   rollout step 57 task 1/4 gen 4/4 turn 4/8 valid=True db -10.55->-8.43
[02:15:55]   rollout step 57 task 1/4 gen 4/4 turn 5/8 valid=True db -8.43->-6.46
[02:15:55] trajectory done: step 57 task 1/4 gen 4/4 turns=5 reason=patience reward=-0.218  [900/960 trajectories overall]
[02:16:02]   rollout step 57 task 2/4 gen 1/4 turn 1/8 valid=True db -31.86->-32.06
[02:16:02] trajectory done: step 57 task 2/4 gen 1/4 turns=1 reason=goal_met reward=0.201  [901/960 trajectories overall]
[02:16:10]   rollout step 57 task 2/4 gen 2/4 turn 1/8 valid=True db -31.86->-6.68
[02:16:15]   rollout step 57 task 2/4 gen 2/4 turn 2/8 valid=True db -6.68->-6.76
[02:16:24]   rollout step 57 task 2/4 gen 2/4 turn 3/8 valid=True db -6.76->-0.47
[02:16:24] trajectory done: step 57 task 2/4 gen 2/4 turns=3 reason=patience reward=-9.418  [902/960 trajectories overall]
[02:16:29]   rollout step 57 task 2/4 gen 3/4 turn 1/8 valid=True db -31.86->-6.68
[02:16:40]   rollout step 57 task 2/4 gen 3/4 turn 2/8 valid=True db -6.68->-6.76
[02:16:47]   rollout step 57 task 2/4 gen 3/4 turn 3/8 valid=True db -6.76->-6.85
[02:16:47] trajectory done: step 57 task 2/4 gen 3/4 turns=3 reason=patience reward=-7.504  [903/960 trajectories overall]
[02:16:53]   rollout step 57 task 2/4 gen 4/4 turn 1/8 valid=True db -31.86->-13.17
[02:16:58]   rollout step 57 task 2/4 gen 4/4 turn 2/8 valid=True db -13.17->-13.17
[02:17:03]   rollout step 57 task 2/4 gen 4/4 turn 3/8 valid=True db -13.17->-13.43
[02:17:03] trajectory done: step 57 task 2/4 gen 4/4 turns=3 reason=patience reward=-5.529  [904/960 trajectories overall]
[02:17:15]   rollout step 57 task 3/4 gen 1/4 turn 1/8 valid=True db -15.11->-20.02
[02:17:24]   rollout step 57 task 3/4 gen 1/4 turn 2/8 valid=True db -20.02->-2.04
[02:17:28]   rollout step 57 task 3/4 gen 1/4 turn 3/8 valid=True db -2.04->-17.67
[02:17:35]   rollout step 57 task 3/4 gen 1/4 turn 4/8 valid=True db -17.67->-2.62
[02:17:35] trajectory done: step 57 task 3/4 gen 1/4 turns=4 reason=patience reward=-0.308  [905/960 trajectories overall]
[02:17:41]   rollout step 57 task 3/4 gen 2/4 turn 1/8 valid=True db -15.11->-10.16
[02:17:51]   rollout step 57 task 3/4 gen 2/4 turn 2/8 valid=True db -10.16->-11.07
[02:17:57]   rollout step 57 task 3/4 gen 2/4 turn 3/8 valid=True db -11.07->-10.71
[02:17:57] trajectory done: step 57 task 3/4 gen 2/4 turns=3 reason=patience reward=-1.320  [906/960 trajectories overall]
[02:18:04]   rollout step 57 task 3/4 gen 3/4 turn 1/8 valid=True db -15.11->-15.61
[02:18:10]   rollout step 57 task 3/4 gen 3/4 turn 2/8 valid=True db -15.61->-16.07
[02:18:15]   rollout step 57 task 3/4 gen 3/4 turn 3/8 valid=True db -16.07->-10.32
[02:18:22]   rollout step 57 task 3/4 gen 3/4 turn 4/8 valid=True db -10.32->-9.95
[02:18:28]   rollout step 57 task 3/4 gen 3/4 turn 5/8 valid=True db -9.95->-15.01
[02:18:28] trajectory done: step 57 task 3/4 gen 3/4 turns=5 reason=patience reward=0.645  [907/960 trajectories overall]
[02:18:37]   rollout step 57 task 3/4 gen 4/4 turn 1/8 valid=True db -15.11->-15.61
[02:18:44]   rollout step 57 task 3/4 gen 4/4 turn 2/8 valid=True db -15.61->-13.49
[02:18:49]   rollout step 57 task 3/4 gen 4/4 turn 3/8 valid=True db -13.49->-13.82
[02:18:54]   rollout step 57 task 3/4 gen 4/4 turn 4/8 valid=True db -13.82->-14.17
[02:18:54] trajectory done: step 57 task 3/4 gen 4/4 turns=4 reason=patience reward=0.067  [908/960 trajectories overall]
[02:19:02]   rollout step 57 task 4/4 gen 1/4 turn 1/8 valid=True db -24.96->-25.81
[02:19:07]   rollout step 57 task 4/4 gen 1/4 turn 2/8 valid=True db -25.81->-14.45
[02:19:12]   rollout step 57 task 4/4 gen 1/4 turn 3/8 valid=True db -14.45->-18.82
[02:19:28]   rollout step 57 task 4/4 gen 1/4 turn 4/8 valid=True db -18.82->-19.24
[02:19:28] trajectory done: step 57 task 4/4 gen 1/4 turns=4 reason=patience reward=-1.127  [909/960 trajectories overall]
[02:19:35]   rollout step 57 task 4/4 gen 2/4 turn 1/8 valid=True db -24.96->-15.92
[02:19:44]   rollout step 57 task 4/4 gen 2/4 turn 2/8 valid=True db -15.92->-16.00
[02:19:52]   rollout step 57 task 4/4 gen 2/4 turn 3/8 valid=True db -16.00->-15.08
[02:19:52] trajectory done: step 57 task 4/4 gen 2/4 turns=3 reason=patience reward=-2.965  [910/960 trajectories overall]
[02:20:04]   rollout step 57 task 4/4 gen 3/4 turn 1/8 valid=True db -24.96->-25.09
[02:20:11]   rollout step 57 task 4/4 gen 3/4 turn 2/8 valid=True db -25.09->-25.21
[02:20:17]   rollout step 57 task 4/4 gen 3/4 turn 3/8 valid=True db -25.21->-14.94
[02:20:22]   rollout step 57 task 4/4 gen 3/4 turn 4/8 valid=True db -14.94->-24.20
[02:20:27]   rollout step 57 task 4/4 gen 3/4 turn 5/8 valid=True db -24.20->-15.47
[02:20:27] trajectory done: step 57 task 4/4 gen 3/4 turns=5 reason=patience reward=-2.675  [911/960 trajectories overall]
[02:20:37]   rollout step 57 task 4/4 gen 4/4 turn 1/8 valid=True db -24.96->-25.81
[02:20:43]   rollout step 57 task 4/4 gen 4/4 turn 2/8 valid=True db -25.81->-14.45
[02:20:47]   rollout step 57 task 4/4 gen 4/4 turn 3/8 valid=True db -14.45->-24.64
[02:20:56]   rollout step 57 task 4/4 gen 4/4 turn 4/8 valid=True db -24.64->-25.29
[02:20:56] trajectory done: step 57 task 4/4 gen 4/4 turns=4 reason=patience reward=0.688  [912/960 trajectories overall]
[02:21:03]   gradient pass 20/64 turns backpropagated
[02:21:10]   gradient pass 40/64 turns backpropagated
[02:21:16]   gradient pass 60/64 turns backpropagated
[02:21:18]   gradient pass 64/64 turns backpropagated
[02:21:18] step 57/60 loss=0.53088 reward_mean=-0.709 reward_std=4.377 turns_mean=4.0 goal_met=1/16 stop=0 patience=14
[02:21:26]   rollout step 58 task 1/4 gen 1/4 turn 1/8 valid=True db -9.83->-10.15
[02:21:32]   rollout step 58 task 1/4 gen 1/4 turn 2/8 valid=True db -10.15->-14.01
[02:21:41]   rollout step 58 task 1/4 gen 1/4 turn 3/8 valid=True db -14.01->-41.35
[02:21:41] trajectory done: step 58 task 1/4 gen 1/4 turns=3 reason=goal_met reward=31.521  [913/960 trajectories overall]
[02:21:49]   rollout step 58 task 1/4 gen 2/4 turn 1/8 valid=False db -9.83->-9.83
[02:21:58]   rollout step 58 task 1/4 gen 2/4 turn 2/8 valid=True db -9.83->-9.52
[02:22:05]   rollout step 58 task 1/4 gen 2/4 turn 3/8 valid=True db -9.52->-9.81
[02:22:05] trajectory done: step 58 task 1/4 gen 2/4 turns=3 reason=patience reward=-0.006  [914/960 trajectories overall]
[02:22:10]   rollout step 58 task 1/4 gen 3/4 turn 1/8 valid=True db -9.83->-9.84
[02:22:18]   rollout step 58 task 1/4 gen 3/4 turn 2/8 valid=True db -9.84->-9.85
[02:22:26]   rollout step 58 task 1/4 gen 3/4 turn 3/8 valid=True db -9.85->-9.27
[02:22:26] trajectory done: step 58 task 1/4 gen 3/4 turns=3 reason=patience reward=-0.154  [915/960 trajectories overall]
[02:22:32]   rollout step 58 task 1/4 gen 4/4 turn 1/8 valid=True db -9.83->-9.84
[02:22:39]   rollout step 58 task 1/4 gen 4/4 turn 2/8 valid=True db -9.84->-8.36
[02:22:47]   rollout step 58 task 1/4 gen 4/4 turn 3/8 valid=True db -8.36->-8.36
[02:22:47] trajectory done: step 58 task 1/4 gen 4/4 turns=3 reason=patience reward=-0.430  [916/960 trajectories overall]
[02:22:55]   rollout step 58 task 2/4 gen 1/4 turn 1/8 valid=True db -10.66->-10.45
[02:23:06]   rollout step 58 task 2/4 gen 1/4 turn 2/8 valid=True db -10.45->-13.11
[02:23:14]   rollout step 58 task 2/4 gen 1/4 turn 3/8 valid=True db -13.11->-17.71
[02:23:21]   rollout step 58 task 2/4 gen 1/4 turn 4/8 valid=True db -17.71->-13.44
[02:23:25]   rollout step 58 task 2/4 gen 1/4 turn 5/8 valid=True db -13.44->-12.63
[02:23:32]   rollout step 58 task 2/4 gen 1/4 turn 6/8 valid=True db -12.63->-16.30
[02:23:32] trajectory done: step 58 task 2/4 gen 1/4 turns=6 reason=patience reward=6.623  [917/960 trajectories overall]
[02:23:38]   rollout step 58 task 2/4 gen 2/4 turn 1/8 valid=True db -10.66->-8.68
[02:23:46]   rollout step 58 task 2/4 gen 2/4 turn 2/8 valid=True db -8.68->-10.45
[02:23:53]   rollout step 58 task 2/4 gen 2/4 turn 3/8 valid=True db -10.45->-17.03
[02:24:02]   rollout step 58 task 2/4 gen 2/4 turn 4/8 valid=True db -17.03->-12.50
[02:24:07]   rollout step 58 task 2/4 gen 2/4 turn 5/8 valid=True db -12.50->-12.24
[02:24:11]   rollout step 58 task 2/4 gen 2/4 turn 6/8 valid=True db -12.24->-12.48
[02:24:11] trajectory done: step 58 task 2/4 gen 2/4 turns=6 reason=patience reward=5.002  [918/960 trajectories overall]
[02:24:18]   rollout step 58 task 2/4 gen 3/4 turn 1/8 valid=True db -10.66->-21.10
[02:24:23]   rollout step 58 task 2/4 gen 3/4 turn 2/8 valid=True db -21.10->-21.23
[02:24:30]   rollout step 58 task 2/4 gen 3/4 turn 3/8 valid=True db -21.23->-5.07
[02:24:35]   rollout step 58 task 2/4 gen 3/4 turn 4/8 valid=True db -5.07->-23.91
[02:24:42]   rollout step 58 task 2/4 gen 3/4 turn 5/8 valid=True db -23.91->-11.88
[02:24:47]   rollout step 58 task 2/4 gen 3/4 turn 6/8 valid=True db -11.88->-21.54
[02:24:53]   rollout step 58 task 2/4 gen 3/4 turn 7/8 valid=True db -21.54->-22.00
[02:24:53] trajectory done: step 58 task 2/4 gen 3/4 turns=7 reason=patience reward=12.676  [919/960 trajectories overall]
[02:25:00]   rollout step 58 task 2/4 gen 4/4 turn 1/8 valid=True db -10.66->-11.30
[02:25:05]   rollout step 58 task 2/4 gen 4/4 turn 2/8 valid=True db -11.30->-19.74
[02:25:19]   rollout step 58 task 2/4 gen 4/4 turn 3/8 valid=True db -19.74->-7.16
[02:25:27]   rollout step 58 task 2/4 gen 4/4 turn 4/8 valid=True db -7.16->-21.48
[02:25:38]   rollout step 58 task 2/4 gen 4/4 turn 5/8 valid=True db -21.48->-8.97
[02:25:46]   rollout step 58 task 2/4 gen 4/4 turn 6/8 valid=True db -8.97->-6.94
[02:25:52]   rollout step 58 task 2/4 gen 4/4 turn 7/8 valid=True db -6.94->-6.09
[02:25:52] trajectory done: step 58 task 2/4 gen 4/4 turns=7 reason=patience reward=6.200  [920/960 trajectories overall]
[02:25:58]   rollout step 58 task 3/4 gen 1/4 turn 1/8 valid=True db -14.30->-23.26
[02:26:04]   rollout step 58 task 3/4 gen 1/4 turn 2/8 valid=True db -23.26->-11.75
[02:26:09]   rollout step 58 task 3/4 gen 1/4 turn 3/8 valid=True db -11.75->-25.53
[02:26:14]   rollout step 58 task 3/4 gen 1/4 turn 4/8 valid=True db -25.53->-12.81
[02:26:20]   rollout step 58 task 3/4 gen 1/4 turn 5/8 valid=True db -12.81->-15.84
[02:26:26]   rollout step 58 task 3/4 gen 1/4 turn 6/8 valid=True db -15.84->-15.76
[02:26:26] trajectory done: step 58 task 3/4 gen 1/4 turns=6 reason=patience reward=8.308  [921/960 trajectories overall]
[02:26:31]   rollout step 58 task 3/4 gen 2/4 turn 1/8 valid=True db -14.30->-23.12
[02:26:37]   rollout step 58 task 3/4 gen 2/4 turn 2/8 valid=True db -23.12->-40.05
[02:26:37] trajectory done: step 58 task 3/4 gen 2/4 turns=2 reason=goal_met reward=25.753  [922/960 trajectories overall]
[02:26:44]   rollout step 58 task 3/4 gen 3/4 turn 1/8 valid=True db -14.30->-14.43
[02:26:52]   rollout step 58 task 3/4 gen 3/4 turn 2/8 valid=True db -14.43->-18.22
[02:27:01]   rollout step 58 task 3/4 gen 3/4 turn 3/8 valid=True db -18.22->-15.13
[02:27:12]   rollout step 58 task 3/4 gen 3/4 turn 4/8 valid=True db -15.13->-15.24
[02:27:20]   rollout step 58 task 3/4 gen 3/4 turn 5/8 valid=True db -15.24->-15.34
[02:27:20] trajectory done: step 58 task 3/4 gen 3/4 turns=5 reason=patience reward=3.060  [923/960 trajectories overall]
[02:27:33]   rollout step 58 task 3/4 gen 4/4 turn 1/8 valid=True db -14.30->-14.72
[02:27:42]   rollout step 58 task 3/4 gen 4/4 turn 2/8 valid=True db -14.72->-7.91
[02:27:48]   rollout step 58 task 3/4 gen 4/4 turn 3/8 valid=True db -7.91->-14.25
[02:27:58]   rollout step 58 task 3/4 gen 4/4 turn 4/8 valid=True db -14.25->-8.41
[02:27:58] trajectory done: step 58 task 3/4 gen 4/4 turns=4 reason=patience reward=-1.466  [924/960 trajectories overall]
[02:28:05]   rollout step 58 task 4/4 gen 1/4 turn 1/8 valid=True db -10.61->-14.87
[02:28:13]   rollout step 58 task 4/4 gen 1/4 turn 2/8 valid=True db -14.87->-14.87
[02:28:21]   rollout step 58 task 4/4 gen 1/4 turn 3/8 valid=True db -14.87->-22.63
[02:28:30]   rollout step 58 task 4/4 gen 1/4 turn 4/8 valid=True db -22.63->-6.06
[02:28:35]   rollout step 58 task 4/4 gen 1/4 turn 5/8 valid=True db -6.06->-0.91
[02:28:40]   rollout step 58 task 4/4 gen 1/4 turn 6/8 valid=True db -0.91->-5.50
[02:28:40] trajectory done: step 58 task 4/4 gen 1/4 turns=6 reason=patience reward=6.878  [925/960 trajectories overall]
[02:28:48]   rollout step 58 task 4/4 gen 2/4 turn 1/8 valid=True db -10.61->-10.87
[02:28:56]   rollout step 58 task 4/4 gen 2/4 turn 2/8 valid=True db -10.87->-11.13
[02:29:03]   rollout step 58 task 4/4 gen 2/4 turn 3/8 valid=True db -11.13->-11.29
[02:29:11]   rollout step 58 task 4/4 gen 2/4 turn 4/8 valid=True db -11.29->-6.79
[02:29:17]   rollout step 58 task 4/4 gen 2/4 turn 5/8 valid=True db -6.79->-11.00
[02:29:17] trajectory done: step 58 task 4/4 gen 2/4 turns=5 reason=patience reward=0.587  [926/960 trajectories overall]
[02:29:26]   rollout step 58 task 4/4 gen 3/4 turn 1/8 valid=True db -10.61->-31.04
[02:29:26] trajectory done: step 58 task 4/4 gen 3/4 turns=1 reason=goal_met reward=20.427  [927/960 trajectories overall]
[02:29:32]   rollout step 58 task 4/4 gen 4/4 turn 1/8 valid=True db -10.61->-10.87
[02:29:39]   rollout step 58 task 4/4 gen 4/4 turn 2/8 valid=True db -10.87->-11.11
[02:29:50]   rollout step 58 task 4/4 gen 4/4 turn 3/8 valid=True db -11.11->-11.36
[02:29:54]   rollout step 58 task 4/4 gen 4/4 turn 4/8 valid=False db -11.36->-11.36
[02:30:00]   rollout step 58 task 4/4 gen 4/4 turn 5/8 valid=True db -11.36->-13.14
[02:30:07]   rollout step 58 task 4/4 gen 4/4 turn 6/8 valid=True db -13.14->-14.46
[02:30:12]   rollout step 58 task 4/4 gen 4/4 turn 7/8 valid=True db -14.46->-11.73
[02:30:21]   rollout step 58 task 4/4 gen 4/4 turn 8/8 valid=True db -11.73->-14.19
[02:30:21] trajectory done: step 58 task 4/4 gen 4/4 turns=8 reason=max_turns reward=3.765  [928/960 trajectories overall]
[02:30:28]   gradient pass 20/75 turns backpropagated
[02:30:34]   gradient pass 40/75 turns backpropagated
[02:30:41]   gradient pass 60/75 turns backpropagated
[02:30:46]   gradient pass 75/75 turns backpropagated
[02:30:46] step 58/60 loss=-3.40042 reward_mean=8.047 reward_std=9.515 turns_mean=4.7 goal_met=3/16 stop=0 patience=12
[02:30:56]   rollout step 59 task 1/4 gen 1/4 turn 1/8 valid=True db -12.63->-13.32
[02:31:02]   rollout step 59 task 1/4 gen 1/4 turn 2/8 valid=True db -13.32->-13.19
[02:31:06]   rollout step 59 task 1/4 gen 1/4 turn 3/8 valid=True db -13.19->-13.31
[02:31:14]   rollout step 59 task 1/4 gen 1/4 turn 4/8 valid=True db -13.31->-13.20
[02:31:14] trajectory done: step 59 task 1/4 gen 1/4 turns=4 reason=patience reward=0.651  [929/960 trajectories overall]
[02:31:23]   rollout step 59 task 1/4 gen 2/4 turn 1/8 valid=True db -12.63->-7.71
[02:31:29]   rollout step 59 task 1/4 gen 2/4 turn 2/8 valid=True db -7.71->-7.97
[02:31:35]   rollout step 59 task 1/4 gen 2/4 turn 3/8 valid=True db -7.97->-6.12
[02:31:35] trajectory done: step 59 task 1/4 gen 2/4 turns=3 reason=patience reward=-1.955  [930/960 trajectories overall]
[02:31:42]   rollout step 59 task 1/4 gen 3/4 turn 1/8 valid=True db -12.63->-7.71
[02:31:47]   rollout step 59 task 1/4 gen 3/4 turn 2/8 valid=True db -7.71->-12.99
[02:31:55]   rollout step 59 task 1/4 gen 3/4 turn 3/8 valid=True db -12.99->-16.91
[02:32:04]   rollout step 59 task 1/4 gen 3/4 turn 4/8 valid=True db -16.91->-13.24
[02:32:11]   rollout step 59 task 1/4 gen 3/4 turn 5/8 valid=True db -13.24->-9.59
[02:32:16]   rollout step 59 task 1/4 gen 3/4 turn 6/8 valid=True db -9.59->-9.48
[02:32:16] trajectory done: step 59 task 1/4 gen 3/4 turns=6 reason=patience reward=2.050  [931/960 trajectories overall]
[02:32:23]   rollout step 59 task 1/4 gen 4/4 turn 1/8 valid=True db -12.63->-12.50
[02:32:28]   rollout step 59 task 1/4 gen 4/4 turn 2/8 valid=True db -12.50->-12.63
[02:32:33]   rollout step 59 task 1/4 gen 4/4 turn 3/8 valid=True db -12.63->-12.16
[02:32:33] trajectory done: step 59 task 1/4 gen 4/4 turns=3 reason=patience reward=-0.142  [932/960 trajectories overall]
[02:32:43]   rollout step 59 task 2/4 gen 1/4 turn 1/8 valid=True db -18.44->-19.11
[02:32:49]   rollout step 59 task 2/4 gen 1/4 turn 2/8 valid=True db -19.11->-15.74
[02:32:53]   rollout step 59 task 2/4 gen 1/4 turn 3/8 valid=True db -15.74->-15.74
[02:32:53] trajectory done: step 59 task 2/4 gen 1/4 turns=3 reason=stop reward=-0.338  [933/960 trajectories overall]
[02:33:01]   rollout step 59 task 2/4 gen 2/4 turn 1/8 valid=True db -18.44->-25.90
[02:33:10]   rollout step 59 task 2/4 gen 2/4 turn 2/8 valid=True db -25.90->-22.60
[02:33:15]   rollout step 59 task 2/4 gen 2/4 turn 3/8 valid=True db -22.60->-26.99
[02:33:23]   rollout step 59 task 2/4 gen 2/4 turn 4/8 valid=True db -26.99->-24.11
[02:33:29]   rollout step 59 task 2/4 gen 2/4 turn 5/8 valid=True db -24.11->-28.11
[02:33:36]   rollout step 59 task 2/4 gen 2/4 turn 6/8 valid=True db -28.11->-20.50
[02:33:43]   rollout step 59 task 2/4 gen 2/4 turn 7/8 valid=True db -20.50->-27.13
[02:33:50]   rollout step 59 task 2/4 gen 2/4 turn 8/8 valid=True db -27.13->-30.82
[02:33:50] trajectory done: step 59 task 2/4 gen 2/4 turns=8 reason=goal_met reward=12.388  [934/960 trajectories overall]
[02:33:57]   rollout step 59 task 2/4 gen 3/4 turn 1/8 valid=True db -18.44->-19.64
[02:34:03]   rollout step 59 task 2/4 gen 3/4 turn 2/8 valid=False db -19.64->-19.64
[02:34:09]   rollout step 59 task 2/4 gen 3/4 turn 3/8 valid=True db -19.64->-25.55
[02:34:15]   rollout step 59 task 2/4 gen 3/4 turn 4/8 valid=True db -25.55->-31.30
[02:34:15] trajectory done: step 59 task 2/4 gen 3/4 turns=4 reason=goal_met reward=12.863  [935/960 trajectories overall]
[02:34:23]   rollout step 59 task 2/4 gen 4/4 turn 1/8 valid=True db -18.44->-19.79
[02:34:28]   rollout step 59 task 2/4 gen 4/4 turn 2/8 valid=True db -19.79->-21.27
[02:34:40]   rollout step 59 task 2/4 gen 4/4 turn 3/8 valid=True db -21.27->-21.73
[02:34:48]   rollout step 59 task 2/4 gen 4/4 turn 4/8 valid=True db -21.73->-15.47
[02:34:53]   rollout step 59 task 2/4 gen 4/4 turn 5/8 valid=True db -15.47->-18.50
[02:35:05]   rollout step 59 task 2/4 gen 4/4 turn 6/8 valid=True db -18.50->-18.56
[02:35:05] trajectory done: step 59 task 2/4 gen 4/4 turns=6 reason=patience reward=2.344  [936/960 trajectories overall]
[02:35:15]   rollout step 59 task 3/4 gen 1/4 turn 1/8 valid=True db -8.98->-5.56
[02:35:21]   rollout step 59 task 3/4 gen 1/4 turn 2/8 valid=True db -5.56->-8.73
[02:35:29]   rollout step 59 task 3/4 gen 1/4 turn 3/8 valid=True db -8.73->-29.63
[02:35:36]   rollout step 59 task 3/4 gen 1/4 turn 4/8 valid=True db -29.63->-1.92
[02:35:42]   rollout step 59 task 3/4 gen 1/4 turn 5/8 valid=True db -1.92->-1.94
[02:35:48]   rollout step 59 task 3/4 gen 1/4 turn 6/8 valid=True db -1.94->-1.48
[02:35:48] trajectory done: step 59 task 3/4 gen 1/4 turns=6 reason=patience reward=12.209  [937/960 trajectories overall]
[02:35:56]   rollout step 59 task 3/4 gen 2/4 turn 1/8 valid=True db -8.98->-13.75
[02:36:02]   rollout step 59 task 3/4 gen 2/4 turn 2/8 valid=True db -13.75->-1.74
[02:36:11]   rollout step 59 task 3/4 gen 2/4 turn 3/8 valid=True db -1.74->-2.03
[02:36:17]   rollout step 59 task 3/4 gen 2/4 turn 4/8 valid=True db -2.03->-1.76
[02:36:17] trajectory done: step 59 task 3/4 gen 2/4 turns=4 reason=patience reward=1.178  [938/960 trajectories overall]
[02:36:27]   rollout step 59 task 3/4 gen 3/4 turn 1/8 valid=False db -8.98->-8.98
[02:36:32]   rollout step 59 task 3/4 gen 3/4 turn 2/8 valid=False db -8.98->-8.98
[02:36:38]   rollout step 59 task 3/4 gen 3/4 turn 3/8 valid=True db -8.98->-8.89
[02:36:38] trajectory done: step 59 task 3/4 gen 3/4 turns=3 reason=patience reward=-0.026  [939/960 trajectories overall]
[02:36:43]   rollout step 59 task 3/4 gen 4/4 turn 1/8 valid=False db -8.98->-8.98
[02:36:52]   rollout step 59 task 3/4 gen 4/4 turn 2/8 valid=True db -8.98->-7.68
[02:37:00]   rollout step 59 task 3/4 gen 4/4 turn 3/8 valid=True db -7.68->-7.68
[02:37:00] trajectory done: step 59 task 3/4 gen 4/4 turns=3 reason=patience reward=-0.389  [940/960 trajectories overall]
[02:37:10]   rollout step 59 task 4/4 gen 1/4 turn 1/8 valid=True db -10.35->-10.58
[02:37:16]   rollout step 59 task 4/4 gen 1/4 turn 2/8 valid=True db -10.58->-7.39
[02:37:22]   rollout step 59 task 4/4 gen 1/4 turn 3/8 valid=True db -7.39->-10.37
[02:37:38]   rollout step 59 task 4/4 gen 1/4 turn 4/8 valid=True db -10.37->-10.53
[02:37:38] trajectory done: step 59 task 4/4 gen 1/4 turns=4 reason=patience reward=0.211  [941/960 trajectories overall]
[02:37:49]   rollout step 59 task 4/4 gen 2/4 turn 1/8 valid=True db -10.35->-10.58
[02:37:54]   rollout step 59 task 4/4 gen 2/4 turn 2/8 valid=True db -10.58->-7.39
[02:38:00]   rollout step 59 task 4/4 gen 2/4 turn 3/8 valid=True db -7.39->-7.51
[02:38:07]   rollout step 59 task 4/4 gen 2/4 turn 4/8 valid=True db -7.51->-6.15
[02:38:07] trajectory done: step 59 task 4/4 gen 2/4 turns=4 reason=patience reward=-1.103  [942/960 trajectories overall]
[02:38:13]   rollout step 59 task 4/4 gen 3/4 turn 1/8 valid=True db -10.35->-10.17
[02:38:19]   rollout step 59 task 4/4 gen 3/4 turn 2/8 valid=True db -10.17->-10.34
[02:38:24]   rollout step 59 task 4/4 gen 3/4 turn 3/8 valid=True db -10.34->-10.18
[02:38:24] trajectory done: step 59 task 4/4 gen 3/4 turns=3 reason=patience reward=-0.050  [943/960 trajectories overall]
[02:38:32]   rollout step 59 task 4/4 gen 4/4 turn 1/8 valid=True db -10.35->-13.38
[02:38:38]   rollout step 59 task 4/4 gen 4/4 turn 2/8 valid=True db -13.38->-24.68
[02:38:44]   rollout step 59 task 4/4 gen 4/4 turn 3/8 valid=True db -24.68->-25.47
[02:38:52]   rollout step 59 task 4/4 gen 4/4 turn 4/8 valid=True db -25.47->-25.63
[02:38:58]   rollout step 59 task 4/4 gen 4/4 turn 5/8 valid=True db -25.63->-25.48
[02:39:06]   rollout step 59 task 4/4 gen 4/4 turn 6/8 valid=True db -25.48->-25.48
[02:39:06] trajectory done: step 59 task 4/4 gen 4/4 turns=6 reason=stop reward=15.232  [944/960 trajectories overall]
[02:39:13]   gradient pass 20/70 turns backpropagated
[02:39:20]   gradient pass 40/70 turns backpropagated
[02:39:26]   gradient pass 60/70 turns backpropagated
[02:39:30]   gradient pass 70/70 turns backpropagated
[02:39:30] step 59/60 loss=4.28000 reward_mean=3.445 reward_std=5.739 turns_mean=4.4 goal_met=2/16 stop=2 patience=12
[02:39:42]   rollout step 60 task 1/4 gen 1/4 turn 1/8 valid=True db -18.79->-19.54
[02:39:52]   rollout step 60 task 1/4 gen 1/4 turn 2/8 valid=True db -19.54->-4.76
[02:39:57]   rollout step 60 task 1/4 gen 1/4 turn 3/8 valid=True db -4.76->-18.01
[02:40:04]   rollout step 60 task 1/4 gen 1/4 turn 4/8 valid=True db -18.01->-25.42
[02:40:12]   rollout step 60 task 1/4 gen 1/4 turn 5/8 valid=True db -25.42->-25.75
[02:40:18]   rollout step 60 task 1/4 gen 1/4 turn 6/8 valid=True db -25.75->-26.08
[02:40:24]   rollout step 60 task 1/4 gen 1/4 turn 7/8 valid=False db -26.08->-26.08
[02:40:31]   rollout step 60 task 1/4 gen 1/4 turn 8/8 valid=True db -26.08->-22.82
[02:40:31] trajectory done: step 60 task 1/4 gen 1/4 turns=8 reason=max_turns reward=6.310  [945/960 trajectories overall]
[02:40:38]   rollout step 60 task 1/4 gen 2/4 turn 1/8 valid=False db -18.79->-18.79
[02:40:44]   rollout step 60 task 1/4 gen 2/4 turn 2/8 valid=False db -18.79->-18.79
[02:40:50]   rollout step 60 task 1/4 gen 2/4 turn 3/8 valid=True db -18.79->-14.22
[02:40:50] trajectory done: step 60 task 1/4 gen 2/4 turns=3 reason=patience reward=-1.371  [946/960 trajectories overall]
[02:40:56]   rollout step 60 task 1/4 gen 3/4 turn 1/8 valid=True db -18.79->-19.54
[02:41:01]   rollout step 60 task 1/4 gen 3/4 turn 2/8 valid=True db -19.54->-4.76
[02:41:04]   rollout step 60 task 1/4 gen 3/4 turn 3/8 valid=True db -4.76->-4.76
[02:41:04] trajectory done: step 60 task 1/4 gen 3/4 turns=3 reason=stop reward=-3.686  [947/960 trajectories overall]
[02:41:08]   rollout step 60 task 1/4 gen 4/4 turn 1/8 valid=False db -18.79->-18.79
[02:41:15]   rollout step 60 task 1/4 gen 4/4 turn 2/8 valid=True db -18.79->-18.34
[02:41:25]   rollout step 60 task 1/4 gen 4/4 turn 3/8 valid=True db -18.34->-18.38
[02:41:25] trajectory done: step 60 task 1/4 gen 4/4 turns=3 reason=patience reward=-0.123  [948/960 trajectories overall]
[02:41:33]   rollout step 60 task 2/4 gen 1/4 turn 1/8 valid=True db -11.66->-12.69
[02:41:39]   rollout step 60 task 2/4 gen 1/4 turn 2/8 valid=True db -12.69->-17.20
[02:41:48]   rollout step 60 task 2/4 gen 1/4 turn 3/8 valid=True db -17.20->-15.26
[02:41:53]   rollout step 60 task 2/4 gen 1/4 turn 4/8 valid=True db -15.26->-12.78
[02:41:58]   rollout step 60 task 2/4 gen 1/4 turn 5/8 valid=True db -12.78->-10.49
[02:41:58] trajectory done: step 60 task 2/4 gen 1/4 turns=5 reason=patience reward=3.527  [949/960 trajectories overall]
[02:42:05]   rollout step 60 task 2/4 gen 2/4 turn 1/8 valid=True db -11.66->-11.45
[02:42:12]   rollout step 60 task 2/4 gen 2/4 turn 2/8 valid=True db -11.45->-9.46
[02:42:18]   rollout step 60 task 2/4 gen 2/4 turn 3/8 valid=True db -9.46->-7.46
[02:42:18] trajectory done: step 60 task 2/4 gen 2/4 turns=3 reason=patience reward=-1.262  [950/960 trajectories overall]
[02:42:24]   rollout step 60 task 2/4 gen 3/4 turn 1/8 valid=True db -11.66->-12.69
[02:42:34]   rollout step 60 task 2/4 gen 3/4 turn 2/8 valid=True db -12.69->-12.13
[02:42:41]   rollout step 60 task 2/4 gen 3/4 turn 3/8 valid=True db -12.13->-11.58
[02:42:48]   rollout step 60 task 2/4 gen 3/4 turn 4/8 valid=True db -11.58->-12.09
[02:42:48] trajectory done: step 60 task 2/4 gen 3/4 turns=4 reason=patience reward=0.848  [951/960 trajectories overall]
[02:42:56]   rollout step 60 task 2/4 gen 4/4 turn 1/8 valid=True db -11.66->-12.26
[02:43:01]   rollout step 60 task 2/4 gen 4/4 turn 2/8 valid=True db -12.26->-11.71
[02:43:08]   rollout step 60 task 2/4 gen 4/4 turn 3/8 valid=True db -11.71->-10.96
[02:43:14]   rollout step 60 task 2/4 gen 4/4 turn 4/8 valid=True db -10.96->-11.65
[02:43:14] trajectory done: step 60 task 2/4 gen 4/4 turns=4 reason=patience reward=0.417  [952/960 trajectories overall]
[02:43:24]   rollout step 60 task 3/4 gen 1/4 turn 1/8 valid=True db -17.73->-11.85
[02:43:38]   rollout step 60 task 3/4 gen 1/4 turn 2/8 valid=True db -11.85->-10.44
[02:43:50]   rollout step 60 task 3/4 gen 1/4 turn 3/8 valid=True db -10.44->-7.97
[02:43:50] trajectory done: step 60 task 3/4 gen 1/4 turns=3 reason=patience reward=-2.928  [953/960 trajectories overall]
[02:43:55]   rollout step 60 task 3/4 gen 2/4 turn 1/8 valid=True db -17.73->-19.54
[02:44:01]   rollout step 60 task 3/4 gen 2/4 turn 2/8 valid=False db -19.54->-19.54
[02:44:07]   rollout step 60 task 3/4 gen 2/4 turn 3/8 valid=True db -19.54->-19.14
[02:44:12]   rollout step 60 task 3/4 gen 2/4 turn 4/8 valid=True db -19.14->-19.14
[02:44:12] trajectory done: step 60 task 3/4 gen 2/4 turns=4 reason=stop reward=1.694  [954/960 trajectories overall]
[02:44:17]   rollout step 60 task 3/4 gen 3/4 turn 1/8 valid=True db -17.73->-18.80
[02:44:22]   rollout step 60 task 3/4 gen 3/4 turn 2/8 valid=True db -18.80->-23.32
[02:44:30]   rollout step 60 task 3/4 gen 3/4 turn 3/8 valid=True db -23.32->-23.78
[02:44:43]   rollout step 60 task 3/4 gen 3/4 turn 4/8 valid=True db -23.78->-24.08
[02:44:54]   rollout step 60 task 3/4 gen 3/4 turn 5/8 valid=True db -24.08->-23.71
[02:45:00]   rollout step 60 task 3/4 gen 3/4 turn 6/8 valid=True db -23.71->-23.79
[02:45:09]   rollout step 60 task 3/4 gen 3/4 turn 7/8 valid=True db -23.79->-24.11
[02:45:09] trajectory done: step 60 task 3/4 gen 3/4 turns=7 reason=patience reward=6.389  [955/960 trajectories overall]
[02:45:17]   rollout step 60 task 3/4 gen 4/4 turn 1/8 valid=True db -17.73->-19.33
[02:45:21]   rollout step 60 task 3/4 gen 4/4 turn 2/8 valid=False db -19.33->-19.33
[02:45:30]   rollout step 60 task 3/4 gen 4/4 turn 3/8 valid=True db -19.33->-20.05
[02:45:35]   rollout step 60 task 3/4 gen 4/4 turn 4/8 valid=True db -20.05->-3.68
[02:45:40]   rollout step 60 task 3/4 gen 4/4 turn 5/8 valid=True db -3.68->-3.68
[02:45:40] trajectory done: step 60 task 3/4 gen 4/4 turns=5 reason=stop reward=-2.590  [956/960 trajectories overall]
[02:45:46]   rollout step 60 task 4/4 gen 1/4 turn 1/8 valid=True db -18.75->-18.92
[02:45:52]   rollout step 60 task 4/4 gen 1/4 turn 2/8 valid=True db -18.92->-13.44
[02:45:58]   rollout step 60 task 4/4 gen 1/4 turn 3/8 valid=True db -13.44->-25.52
[02:46:07]   rollout step 60 task 4/4 gen 1/4 turn 4/8 valid=True db -25.52->-25.89
[02:46:15]   rollout step 60 task 4/4 gen 1/4 turn 5/8 valid=True db -25.89->-15.20
[02:46:19]   rollout step 60 task 4/4 gen 1/4 turn 6/8 valid=True db -15.20->-27.94
[02:46:27]   rollout step 60 task 4/4 gen 1/4 turn 7/8 valid=True db -27.94->-16.32
[02:46:32]   rollout step 60 task 4/4 gen 1/4 turn 8/8 valid=True db -16.32->-5.81
[02:46:32] trajectory done: step 60 task 4/4 gen 1/4 turns=8 reason=max_turns reward=2.553  [957/960 trajectories overall]
[02:46:40]   rollout step 60 task 4/4 gen 2/4 turn 1/8 valid=True db -18.75->-19.14
[02:46:48]   rollout step 60 task 4/4 gen 2/4 turn 2/8 valid=True db -19.14->-18.78
[02:46:54]   rollout step 60 task 4/4 gen 2/4 turn 3/8 valid=True db -18.78->-19.12
[02:47:02]   rollout step 60 task 4/4 gen 2/4 turn 4/8 valid=True db -19.12->-19.42
[02:47:08]   rollout step 60 task 4/4 gen 2/4 turn 5/8 valid=True db -19.42->-17.93
[02:47:13]   rollout step 60 task 4/4 gen 2/4 turn 6/8 valid=True db -17.93->-16.54
[02:47:19]   rollout step 60 task 4/4 gen 2/4 turn 7/8 valid=True db -16.54->-15.52
[02:47:19] trajectory done: step 60 task 4/4 gen 2/4 turns=7 reason=patience reward=-0.496  [958/960 trajectories overall]
[02:47:26]   rollout step 60 task 4/4 gen 3/4 turn 1/8 valid=True db -18.75->-12.82
[02:47:33]   rollout step 60 task 4/4 gen 3/4 turn 2/8 valid=True db -12.82->-1.09
[02:47:39]   rollout step 60 task 4/4 gen 3/4 turn 3/8 valid=True db -1.09->-14.38
[02:47:39] trajectory done: step 60 task 4/4 gen 3/4 turns=3 reason=patience reward=-1.309  [959/960 trajectories overall]
[02:47:45]   rollout step 60 task 4/4 gen 4/4 turn 1/8 valid=True db -18.75->-13.23
[02:47:55]   rollout step 60 task 4/4 gen 4/4 turn 2/8 valid=True db -13.23->-1.22
[02:47:59]   rollout step 60 task 4/4 gen 4/4 turn 3/8 valid=True db -1.22->-14.79
[02:47:59] trajectory done: step 60 task 4/4 gen 4/4 turns=3 reason=patience reward=-1.186  [960/960 trajectories overall]
[02:48:06]   gradient pass 20/73 turns backpropagated
[02:48:13]   gradient pass 40/73 turns backpropagated
[02:48:20]   gradient pass 60/73 turns backpropagated
[02:48:24]   gradient pass 73/73 turns backpropagated
[02:48:24] step 60/60 loss=5.83975 reward_mean=0.424 reward_std=2.918 turns_mean=4.6 goal_met=0/16 stop=3 patience=11
[02:48:26] saved checkpoint to /home/yue1guo2/workspace/qucs-llm-optimizer/outputs/2026-09-09-1810-multiturn-nightly-4x4x60/checkpoint-60
[02:48:27] saved final LoRA adapter to /home/yue1guo2/workspace/qucs-llm-optimizer/outputs/2026-09-09-1810-multiturn-nightly-4x4x60/final_lora
